Using pip 26.0 from C:\Users\wwylo\AppData\Local\Programs\Python\Python312\Lib\site-packages\pip (python 3.12)
WARNING: Ignoring invalid distribution ~ip (C:\Users\wwylo\AppData\Local\Programs\Python\Python312\Lib\site-packages)
Processing .\.
  Preparing metadata (pyproject.toml): started
  Running command Preparing metadata (pyproject.toml)
  C:\Users\wwylo\AppData\Local\Programs\Python\Python312\Lib\site-packages\wheel\bdist_wheel.py:4: FutureWarning: The 'wheel' package is no longer the canonical location of the 'bdist_wheel' command, and will be removed in a future release. Please update to setuptools v70.1 or later which contains an integrated version of this command.
    warn(
  C:\Users\wwylo\AppData\Local\Programs\Python\Python312\Lib\site-packages\setuptools\dist.py:765: SetuptoolsDeprecationWarning: License classifiers are deprecated.
  !!

          ********************************************************************************
          Please consider removing the following classifiers in favor of a SPDX license expression:

          License :: OSI Approved :: BSD License

          See https://packaging.python.org/en/latest/guides/writing-pyproject-toml/#license for details.
          ********************************************************************************

  !!
    self._finalize_license_expression()


  torch.__version__  = 2.6.0+cu124


  running dist_info
  creating C:\Users\wwylo\AppData\Local\Temp\pip-modern-metadata-tcbrboo1\causal_conv1d.egg-info
  writing C:\Users\wwylo\AppData\Local\Temp\pip-modern-metadata-tcbrboo1\causal_conv1d.egg-info\PKG-INFO
  writing dependency_links to C:\Users\wwylo\AppData\Local\Temp\pip-modern-metadata-tcbrboo1\causal_conv1d.egg-info\dependency_links.txt
  writing requirements to C:\Users\wwylo\AppData\Local\Temp\pip-modern-metadata-tcbrboo1\causal_conv1d.egg-info\requires.txt
  writing top-level names to C:\Users\wwylo\AppData\Local\Temp\pip-modern-metadata-tcbrboo1\causal_conv1d.egg-info\top_level.txt
  writing manifest file 'C:\Users\wwylo\AppData\Local\Temp\pip-modern-metadata-tcbrboo1\causal_conv1d.egg-info\SOURCES.txt'
  reading manifest file 'C:\Users\wwylo\AppData\Local\Temp\pip-modern-metadata-tcbrboo1\causal_conv1d.egg-info\SOURCES.txt'
  reading manifest template 'MANIFEST.in'
  warning: no files found matching '*' under directory 'third_party'
  warning: manifest_maker: MANIFEST.in, line 3: unknown action 'README.md'

  adding license file 'LICENSE'
  adding license file 'AUTHORS'
  writing manifest file 'C:\Users\wwylo\AppData\Local\Temp\pip-modern-metadata-tcbrboo1\causal_conv1d.egg-info\SOURCES.txt'
  creating 'C:\Users\wwylo\AppData\Local\Temp\pip-modern-metadata-tcbrboo1\causal_conv1d-1.6.0.dist-info'
  Preparing metadata (pyproject.toml): finished with status 'done'
Requirement already satisfied: torch in C:\Users\wwylo\AppData\Local\Programs\Python\Python312\Lib\site-packages (from causal_conv1d==1.6.0) (2.6.0+cu124)
Requirement already satisfied: packaging in C:\Users\wwylo\AppData\Local\Programs\Python\Python312\Lib\site-packages (from causal_conv1d==1.6.0) (26.0)
Collecting ninja (from causal_conv1d==1.6.0)
  Obtaining dependency information for ninja from https://files.pythonhosted.org/packages/29/45/c0adfbfb0b5895aa18cec400c535b4f7ff3e52536e0403602fc1a23f7de9/ninja-1.13.0-py3-none-win_amd64.whl.metadata
  Downloading ninja-1.13.0-py3-none-win_amd64.whl.metadata (5.1 kB)
Requirement already satisfied: filelock in C:\Users\wwylo\AppData\Local\Programs\Python\Python312\Lib\site-packages (from torch->causal_conv1d==1.6.0) (3.20.3)
Requirement already satisfied: typing-extensions>=4.10.0 in C:\Users\wwylo\AppData\Local\Programs\Python\Python312\Lib\site-packages (from torch->causal_conv1d==1.6.0) (4.15.0)
Requirement already satisfied: networkx in C:\Users\wwylo\AppData\Local\Programs\Python\Python312\Lib\site-packages (from torch->causal_conv1d==1.6.0) (3.6.1)
Requirement already satisfied: jinja2 in C:\Users\wwylo\AppData\Local\Programs\Python\Python312\Lib\site-packages (from torch->causal_conv1d==1.6.0) (3.1.6)
Requirement already satisfied: fsspec in C:\Users\wwylo\AppData\Local\Programs\Python\Python312\Lib\site-packages (from torch->causal_conv1d==1.6.0) (2026.1.0)
Requirement already satisfied: setuptools in C:\Users\wwylo\AppData\Local\Programs\Python\Python312\Lib\site-packages (from torch->causal_conv1d==1.6.0) (80.10.2)
Requirement already satisfied: sympy==1.13.1 in C:\Users\wwylo\AppData\Local\Programs\Python\Python312\Lib\site-packages (from torch->causal_conv1d==1.6.0) (1.13.1)
Requirement already satisfied: mpmath<1.4,>=1.1.0 in C:\Users\wwylo\AppData\Local\Programs\Python\Python312\Lib\site-packages (from sympy==1.13.1->torch->causal_conv1d==1.6.0) (1.3.0)
Requirement already satisfied: MarkupSafe>=2.0 in C:\Users\wwylo\AppData\Local\Programs\Python\Python312\Lib\site-packages (from jinja2->torch->causal_conv1d==1.6.0) (3.0.3)
Downloading ninja-1.13.0-py3-none-win_amd64.whl (309 kB)
Building wheels for collected packages: causal_conv1d
  Building wheel for causal_conv1d (pyproject.toml): started
  Running command Building wheel for causal_conv1d (pyproject.toml)
  C:\Users\wwylo\AppData\Local\Programs\Python\Python312\Lib\site-packages\wheel\bdist_wheel.py:4: FutureWarning: The 'wheel' package is no longer the canonical location of the 'bdist_wheel' command, and will be removed in a future release. Please update to setuptools v70.1 or later which contains an integrated version of this command.
    warn(
  C:\Users\wwylo\AppData\Local\Programs\Python\Python312\Lib\site-packages\setuptools\dist.py:765: SetuptoolsDeprecationWarning: License classifiers are deprecated.
  !!

          ********************************************************************************
          Please consider removing the following classifiers in favor of a SPDX license expression:

          License :: OSI Approved :: BSD License

          See https://packaging.python.org/en/latest/guides/writing-pyproject-toml/#license for details.
          ********************************************************************************

  !!
    self._finalize_license_expression()


  torch.__version__  = 2.6.0+cu124


  running bdist_wheel
  Guessing wheel URL:  https://github.com/Dao-AILab/causal-conv1d/releases/download/v1.6.0/causal_conv1d-1.6.0+cu12torch2.6cxx11abiFALSE-cp312-cp312-win_amd64.whl
  Precompiled wheel not found. Building from source...
  running build
  running build_py
  creating build\lib.win-amd64-cpython-312\causal_conv1d
  copying causal_conv1d\causal_conv1d_interface.py -> build\lib.win-amd64-cpython-312\causal_conv1d
  copying causal_conv1d\causal_conv1d_varlen.py -> build\lib.win-amd64-cpython-312\causal_conv1d
  copying causal_conv1d\cpp_functions.py -> build\lib.win-amd64-cpython-312\causal_conv1d
  copying causal_conv1d\__init__.py -> build\lib.win-amd64-cpython-312\causal_conv1d
  running build_ext
  C:\Users\wwylo\AppData\Local\Programs\Python\Python312\Lib\site-packages\torch\utils\cpp_extension.py:447: UserWarning:
  The detected CUDA version (13.1) mismatches the version that was used to compile
  PyTorch (12.4). Please make sure to use the same CUDA versions.

    import warnings; warnings.warn(CUDA_MISMATCH_MESSAGE.format(cuda_str_version, torch.version.cuda))
  C:\Users\wwylo\AppData\Local\Programs\Python\Python312\Lib\site-packages\torch\utils\cpp_extension.py:448: UserWarning: The detected CUDA version (13.1) has a minor version mismatch with the version that was used to compile PyTorch (12.4). Most likely this shouldn't be a problem.
    warnings.warn(CUDA_MISMATCH_WARN.format(cuda_str_version, torch.version.cuda))
  building 'causal_conv1d_cuda' extension
  creating D:\antigravity\bridge2-nn\causal-conv1d-repo\build\temp.win-amd64-cpython-312\Release\csrc
  Emitting ninja build file D:\antigravity\bridge2-nn\causal-conv1d-repo\build\temp.win-amd64-cpython-312\Release\build.ninja...
  Compiling objects...
  Using envvar MAX_JOBS (2) as the number of workers...
  C:\Users\wwylo\AppData\Local\Programs\Python\Python312\Lib\site-packages\setuptools\_distutils\_msvccompiler.py:12: UserWarning: _get_vc_env is private; find an alternative (pypa/distutils#340)
    warnings.warn(
  ninja: warning: premature end of file; recovering
  [1/4] cl /showIncludes /nologo /O2 /W3 /GL /DNDEBUG /MD /MD /wd4819 /wd4251 /wd4244 /wd4267 /wd4275 /wd4018 /wd4190 /wd4624 /wd4067 /wd4068 /EHsc -ID:\antigravity\bridge2-nn\causal-conv1d-repo\csrc -IC:\Users\wwylo\AppData\Local\Programs\Python\Python312\Lib\site-packages\torch\include -IC:\Users\wwylo\AppData\Local\Programs\Python\Python312\Lib\site-packages\torch\include\torch\csrc\api\include -IC:\Users\wwylo\AppData\Local\Programs\Python\Python312\Lib\site-packages\torch\include\TH -IC:\Users\wwylo\AppData\Local\Programs\Python\Python312\Lib\site-packages\torch\include\THC "-IC:\Program Files\NVIDIA GPU Computing Toolkit\CUDA\v13.1\include" -IC:\Users\wwylo\AppData\Local\Programs\Python\Python312\include -IC:\Users\wwylo\AppData\Local\Programs\Python\Python312\Include "-IC:\Program Files\Microsoft Visual Studio\2022\Professional\VC\Tools\MSVC\14.44.35207\include" "-IC:\Program Files\Microsoft Visual Studio\2022\Professional\VC\Tools\MSVC\14.44.35207\ATLMFC\include" "-IC:\Program Files\Microsoft Visual Studio\2022\Professional\VC\Auxiliary\VS\include" "-IC:\Program Files (x86)\Windows Kits\10\include\10.0.26100.0\ucrt" "-IC:\Program Files (x86)\Windows Kits\10\\include\10.0.26100.0\\um" "-IC:\Program Files (x86)\Windows Kits\10\\include\10.0.26100.0\\shared" "-IC:\Program Files (x86)\Windows Kits\10\\include\10.0.26100.0\\winrt" "-IC:\Program Files (x86)\Windows Kits\10\\include\10.0.26100.0\\cppwinrt" -c D:\antigravity\bridge2-nn\causal-conv1d-repo\csrc\causal_conv1d.cpp /FoD:\antigravity\bridge2-nn\causal-conv1d-repo\build\temp.win-amd64-cpython-312\Release\csrc\causal_conv1d.obj -O3 -DTORCH_API_INCLUDE_EXTENSION_H -DTORCH_EXTENSION_NAME=causal_conv1d_cuda -D_GLIBCXX_USE_CXX11_ABI=0 /std:c++17
  cl : Command line warning D9002 : ignoring unknown option '-O3'
  D:\antigravity\bridge2-nn\causal-conv1d-repo\csrc\causal_conv1d.cpp(22): warning C4996: 'getenv': This function or variable may be unsafe. Consider using _dupenv_s instead. To disable deprecation, use _CRT_SECURE_NO_WARNINGS. See online help for details.
  [2/4] C:\Program Files\NVIDIA GPU Computing Toolkit\CUDA\v13.1\bin\nvcc --generate-dependencies-with-compile --dependency-output D:\antigravity\bridge2-nn\causal-conv1d-repo\build\temp.win-amd64-cpython-312\Release\csrc\causal_conv1d_fwd.obj.d -std=c++17 --use-local-env -Xcompiler /MD -Xcompiler /wd4819 -Xcompiler /wd4251 -Xcompiler /wd4244 -Xcompiler /wd4267 -Xcompiler /wd4275 -Xcompiler /wd4018 -Xcompiler /wd4190 -Xcompiler /wd4624 -Xcompiler /wd4067 -Xcompiler /wd4068 -Xcompiler /EHsc -Xcudafe --diag_suppress=base_class_has_different_dll_interface -Xcudafe --diag_suppress=field_without_dll_interface -Xcudafe --diag_suppress=dll_interface_conflict_none_assumed -Xcudafe --diag_suppress=dll_interface_conflict_dllexport_assumed -ID:\antigravity\bridge2-nn\causal-conv1d-repo\csrc -IC:\Users\wwylo\AppData\Local\Programs\Python\Python312\Lib\site-packages\torch\include -IC:\Users\wwylo\AppData\Local\Programs\Python\Python312\Lib\site-packages\torch\include\torch\csrc\api\include -IC:\Users\wwylo\AppData\Local\Programs\Python\Python312\Lib\site-packages\torch\include\TH -IC:\Users\wwylo\AppData\Local\Programs\Python\Python312\Lib\site-packages\torch\include\THC "-IC:\Program Files\NVIDIA GPU Computing Toolkit\CUDA\v13.1\include" -IC:\Users\wwylo\AppData\Local\Programs\Python\Python312\include -IC:\Users\wwylo\AppData\Local\Programs\Python\Python312\Include "-IC:\Program Files\Microsoft Visual Studio\2022\Professional\VC\Tools\MSVC\14.44.35207\include" "-IC:\Program Files\Microsoft Visual Studio\2022\Professional\VC\Tools\MSVC\14.44.35207\ATLMFC\include" "-IC:\Program Files\Microsoft Visual Studio\2022\Professional\VC\Auxiliary\VS\include" "-IC:\Program Files (x86)\Windows Kits\10\include\10.0.26100.0\ucrt" "-IC:\Program Files (x86)\Windows Kits\10\\include\10.0.26100.0\\um" "-IC:\Program Files (x86)\Windows Kits\10\\include\10.0.26100.0\\shared" "-IC:\Program Files (x86)\Windows Kits\10\\include\10.0.26100.0\\winrt" "-IC:\Program Files (x86)\Windows Kits\10\\include\10.0.26100.0\\cppwinrt" -c D:\antigravity\bridge2-nn\causal-conv1d-repo\csrc\causal_conv1d_fwd.cu -o D:\antigravity\bridge2-nn\causal-conv1d-repo\build\temp.win-amd64-cpython-312\Release\csrc\causal_conv1d_fwd.obj -D__CUDA_NO_HALF_OPERATORS__ -D__CUDA_NO_HALF_CONVERSIONS__ -D__CUDA_NO_BFLOAT16_CONVERSIONS__ -D__CUDA_NO_HALF2_OPERATORS__ --expt-relaxed-constexpr -O3 -U__CUDA_NO_HALF_OPERATORS__ -U__CUDA_NO_HALF_CONVERSIONS__ -U__CUDA_NO_BFLOAT16_OPERATORS__ -U__CUDA_NO_BFLOAT16_CONVERSIONS__ -U__CUDA_NO_BFLOAT162_OPERATORS__ -U__CUDA_NO_BFLOAT162_CONVERSIONS__ --expt-relaxed-constexpr --expt-extended-lambda --use_fast_math --ptxas-options=-v -lineinfo -gencode arch=compute_89,code=sm_89 --threads 4 -DTORCH_API_INCLUDE_EXTENSION_H -DTORCH_EXTENSION_NAME=causal_conv1d_cuda -D_GLIBCXX_USE_CXX11_ABI=0
  causal_conv1d_fwd.cu
  cl : Command line warning D9025 : overriding '/D__CUDA_NO_HALF_OPERATORS__' with '/U__CUDA_NO_HALF_OPERATORS__'
  cl : Command line warning D9025 : overriding '/D__CUDA_NO_HALF_CONVERSIONS__' with '/U__CUDA_NO_HALF_CONVERSIONS__'
  cl : Command line warning D9025 : overriding '/D__CUDA_NO_BFLOAT16_CONVERSIONS__' with '/U__CUDA_NO_BFLOAT16_CONVERSIONS__'
  causal_conv1d_fwd.cu
  cl : Command line warning D9025 : overriding '/D__CUDA_NO_HALF_OPERATORS__' with '/U__CUDA_NO_HALF_OPERATORS__'
  cl : Command line warning D9025 : overriding '/D__CUDA_NO_HALF_CONVERSIONS__' with '/U__CUDA_NO_HALF_CONVERSIONS__'
  cl : Command line warning D9025 : overriding '/D__CUDA_NO_BFLOAT16_CONVERSIONS__' with '/U__CUDA_NO_BFLOAT16_CONVERSIONS__'
  causal_conv1d_fwd.cu
  MSVC/cl.exe with traditional preprocessor is used. This may lead to unexpected compilation errors. Please switch to the standard conforming preprocessor by passing `/Zc:preprocessor` to cl.exe. You can define CCCL_IGNORE_MSVC_TRADITIONAL_PREPROCESSOR_WARNING to suppress this warning.
  D:\antigravity\bridge2-nn\causal-conv1d-repo\csrc\causal_conv1d_fwd.cu(58): warning #177-D: variable "smem_load" was declared but never referenced
        auto& smem_load = reinterpret_cast<typename Ktraits::BlockLoadT::TempStorage&>(smem_);
              ^
            detected during:
              instantiation of "void causal_conv1d_fwd_kernel<Ktraits>(ConvParamsBase) [with Ktraits=Causal_conv1d_fwd_kernel_traits<128, 2, true, float, float>]" at line 141
              instantiation of "void causal_conv1d_fwd_launch<kNThreads,kWidth,input_t,weight_t>(ConvParamsBase &, cudaStream_t) [with kNThreads=128, kWidth=2, input_t=float, weight_t=float]" at line 161
              instantiation of "void causal_conv1d_fwd_cuda<input_t,weight_t>(ConvParamsBase &, cudaStream_t) [with input_t=float, weight_t=float]" at line 380

  Remark: The warnings can be suppressed with "-diag-suppress <warning-number>"

  D:\antigravity\bridge2-nn\causal-conv1d-repo\csrc\causal_conv1d_fwd.cu(60): warning #177-D: variable "smem_store" was declared but never referenced
        auto& smem_store = reinterpret_cast<typename Ktraits::BlockStoreT::TempStorage&>(smem_);
              ^
            detected during:
              instantiation of "void causal_conv1d_fwd_kernel<Ktraits>(ConvParamsBase) [with Ktraits=Causal_conv1d_fwd_kernel_traits<128, 2, true, float, float>]" at line 141
              instantiation of "void causal_conv1d_fwd_launch<kNThreads,kWidth,input_t,weight_t>(ConvParamsBase &, cudaStream_t) [with kNThreads=128, kWidth=2, input_t=float, weight_t=float]" at line 161
              instantiation of "void causal_conv1d_fwd_cuda<input_t,weight_t>(ConvParamsBase &, cudaStream_t) [with input_t=float, weight_t=float]" at line 380

  D:\antigravity\bridge2-nn\causal-conv1d-repo\csrc\causal_conv1d_fwd.cu(59): warning #177-D: variable "smem_load_vec" was declared but never referenced
        auto& smem_load_vec = reinterpret_cast<typename Ktraits::BlockLoadVecT::TempStorage&>(smem_);
              ^
            detected during:
              instantiation of "void causal_conv1d_fwd_kernel<Ktraits>(ConvParamsBase) [with Ktraits=Causal_conv1d_fwd_kernel_traits<128, 2, false, float, float>]" at line 141
              instantiation of "void causal_conv1d_fwd_launch<kNThreads,kWidth,input_t,weight_t>(ConvParamsBase &, cudaStream_t) [with kNThreads=128, kWidth=2, input_t=float, weight_t=float]" at line 161
              instantiation of "void causal_conv1d_fwd_cuda<input_t,weight_t>(ConvParamsBase &, cudaStream_t) [with input_t=float, weight_t=float]" at line 380

  D:\antigravity\bridge2-nn\causal-conv1d-repo\csrc\causal_conv1d_fwd.cu(61): warning #177-D: variable "smem_store_vec" was declared but never referenced
        auto& smem_store_vec = reinterpret_cast<typename Ktraits::BlockStoreVecT::TempStorage&>(smem_);
              ^
            detected during:
              instantiation of "void causal_conv1d_fwd_kernel<Ktraits>(ConvParamsBase) [with Ktraits=Causal_conv1d_fwd_kernel_traits<128, 2, false, float, float>]" at line 141
              instantiation of "void causal_conv1d_fwd_launch<kNThreads,kWidth,input_t,weight_t>(ConvParamsBase &, cudaStream_t) [with kNThreads=128, kWidth=2, input_t=float, weight_t=float]" at line 161
              instantiation of "void causal_conv1d_fwd_cuda<input_t,weight_t>(ConvParamsBase &, cudaStream_t) [with input_t=float, weight_t=float]" at line 380

  D:\antigravity\bridge2-nn\causal-conv1d-repo\csrc\causal_conv1d_fwd.cu(58): warning #177-D: variable "smem_load" was declared but never referenced
        auto& smem_load = reinterpret_cast<typename Ktraits::BlockLoadT::TempStorage&>(smem_);
              ^
            detected during:
              instantiation of "void causal_conv1d_fwd_kernel<Ktraits>(ConvParamsBase) [with Ktraits=Causal_conv1d_fwd_kernel_traits<128, 3, true, float, float>]" at line 141
              instantiation of "void causal_conv1d_fwd_launch<kNThreads,kWidth,input_t,weight_t>(ConvParamsBase &, cudaStream_t) [with kNThreads=128, kWidth=3, input_t=float, weight_t=float]" at line 163
              instantiation of "void causal_conv1d_fwd_cuda<input_t,weight_t>(ConvParamsBase &, cudaStream_t) [with input_t=float, weight_t=float]" at line 380

  D:\antigravity\bridge2-nn\causal-conv1d-repo\csrc\causal_conv1d_fwd.cu(60): warning #177-D: variable "smem_store" was declared but never referenced
        auto& smem_store = reinterpret_cast<typename Ktraits::BlockStoreT::TempStorage&>(smem_);
              ^
            detected during:
              instantiation of "void causal_conv1d_fwd_kernel<Ktraits>(ConvParamsBase) [with Ktraits=Causal_conv1d_fwd_kernel_traits<128, 3, true, float, float>]" at line 141
              instantiation of "void causal_conv1d_fwd_launch<kNThreads,kWidth,input_t,weight_t>(ConvParamsBase &, cudaStream_t) [with kNThreads=128, kWidth=3, input_t=float, weight_t=float]" at line 163
              instantiation of "void causal_conv1d_fwd_cuda<input_t,weight_t>(ConvParamsBase &, cudaStream_t) [with input_t=float, weight_t=float]" at line 380

  D:\antigravity\bridge2-nn\causal-conv1d-repo\csrc\causal_conv1d_fwd.cu(59): warning #177-D: variable "smem_load_vec" was declared but never referenced
        auto& smem_load_vec = reinterpret_cast<typename Ktraits::BlockLoadVecT::TempStorage&>(smem_);
              ^
            detected during:
              instantiation of "void causal_conv1d_fwd_kernel<Ktraits>(ConvParamsBase) [with Ktraits=Causal_conv1d_fwd_kernel_traits<128, 3, false, float, float>]" at line 141
              instantiation of "void causal_conv1d_fwd_launch<kNThreads,kWidth,input_t,weight_t>(ConvParamsBase &, cudaStream_t) [with kNThreads=128, kWidth=3, input_t=float, weight_t=float]" at line 163
              instantiation of "void causal_conv1d_fwd_cuda<input_t,weight_t>(ConvParamsBase &, cudaStream_t) [with input_t=float, weight_t=float]" at line 380

  D:\antigravity\bridge2-nn\causal-conv1d-repo\csrc\causal_conv1d_fwd.cu(61): warning #177-D: variable "smem_store_vec" was declared but never referenced
        auto& smem_store_vec = reinterpret_cast<typename Ktraits::BlockStoreVecT::TempStorage&>(smem_);
              ^
            detected during:
              instantiation of "void causal_conv1d_fwd_kernel<Ktraits>(ConvParamsBase) [with Ktraits=Causal_conv1d_fwd_kernel_traits<128, 3, false, float, float>]" at line 141
              instantiation of "void causal_conv1d_fwd_launch<kNThreads,kWidth,input_t,weight_t>(ConvParamsBase &, cudaStream_t) [with kNThreads=128, kWidth=3, input_t=float, weight_t=float]" at line 163
              instantiation of "void causal_conv1d_fwd_cuda<input_t,weight_t>(ConvParamsBase &, cudaStream_t) [with input_t=float, weight_t=float]" at line 380

  D:\antigravity\bridge2-nn\causal-conv1d-repo\csrc\causal_conv1d_fwd.cu(58): warning #177-D: variable "smem_load" was declared but never referenced
        auto& smem_load = reinterpret_cast<typename Ktraits::BlockLoadT::TempStorage&>(smem_);
              ^
            detected during:
              instantiation of "void causal_conv1d_fwd_kernel<Ktraits>(ConvParamsBase) [with Ktraits=Causal_conv1d_fwd_kernel_traits<128, 4, true, float, float>]" at line 141
              instantiation of "void causal_conv1d_fwd_launch<kNThreads,kWidth,input_t,weight_t>(ConvParamsBase &, cudaStream_t) [with kNThreads=128, kWidth=4, input_t=float, weight_t=float]" at line 165
              instantiation of "void causal_conv1d_fwd_cuda<input_t,weight_t>(ConvParamsBase &, cudaStream_t) [with input_t=float, weight_t=float]" at line 380

  D:\antigravity\bridge2-nn\causal-conv1d-repo\csrc\causal_conv1d_fwd.cu(60): warning #177-D: variable "smem_store" was declared but never referenced
        auto& smem_store = reinterpret_cast<typename Ktraits::BlockStoreT::TempStorage&>(smem_);
              ^
            detected during:
              instantiation of "void causal_conv1d_fwd_kernel<Ktraits>(ConvParamsBase) [with Ktraits=Causal_conv1d_fwd_kernel_traits<128, 4, true, float, float>]" at line 141
              instantiation of "void causal_conv1d_fwd_launch<kNThreads,kWidth,input_t,weight_t>(ConvParamsBase &, cudaStream_t) [with kNThreads=128, kWidth=4, input_t=float, weight_t=float]" at line 165
              instantiation of "void causal_conv1d_fwd_cuda<input_t,weight_t>(ConvParamsBase &, cudaStream_t) [with input_t=float, weight_t=float]" at line 380

  D:\antigravity\bridge2-nn\causal-conv1d-repo\csrc\causal_conv1d_fwd.cu(59): warning #177-D: variable "smem_load_vec" was declared but never referenced
        auto& smem_load_vec = reinterpret_cast<typename Ktraits::BlockLoadVecT::TempStorage&>(smem_);
              ^
            detected during:
              instantiation of "void causal_conv1d_fwd_kernel<Ktraits>(ConvParamsBase) [with Ktraits=Causal_conv1d_fwd_kernel_traits<128, 4, false, float, float>]" at line 141
              instantiation of "void causal_conv1d_fwd_launch<kNThreads,kWidth,input_t,weight_t>(ConvParamsBase &, cudaStream_t) [with kNThreads=128, kWidth=4, input_t=float, weight_t=float]" at line 165
              instantiation of "void causal_conv1d_fwd_cuda<input_t,weight_t>(ConvParamsBase &, cudaStream_t) [with input_t=float, weight_t=float]" at line 380

  D:\antigravity\bridge2-nn\causal-conv1d-repo\csrc\causal_conv1d_fwd.cu(61): warning #177-D: variable "smem_store_vec" was declared but never referenced
        auto& smem_store_vec = reinterpret_cast<typename Ktraits::BlockStoreVecT::TempStorage&>(smem_);
              ^
            detected during:
              instantiation of "void causal_conv1d_fwd_kernel<Ktraits>(ConvParamsBase) [with Ktraits=Causal_conv1d_fwd_kernel_traits<128, 4, false, float, float>]" at line 141
              instantiation of "void causal_conv1d_fwd_launch<kNThreads,kWidth,input_t,weight_t>(ConvParamsBase &, cudaStream_t) [with kNThreads=128, kWidth=4, input_t=float, weight_t=float]" at line 165
              instantiation of "void causal_conv1d_fwd_cuda<input_t,weight_t>(ConvParamsBase &, cudaStream_t) [with input_t=float, weight_t=float]" at line 380

  D:\antigravity\bridge2-nn\causal-conv1d-repo\csrc\causal_conv1d_fwd.cu(58): warning #177-D: variable "smem_load" was declared but never referenced
        auto& smem_load = reinterpret_cast<typename Ktraits::BlockLoadT::TempStorage&>(smem_);
              ^
            detected during:
              instantiation of "void causal_conv1d_fwd_kernel<Ktraits>(ConvParamsBase) [with Ktraits=Causal_conv1d_fwd_kernel_traits<128, 2, true, c10::Half, float>]" at line 141
              instantiation of "void causal_conv1d_fwd_launch<kNThreads,kWidth,input_t,weight_t>(ConvParamsBase &, cudaStream_t) [with kNThreads=128, kWidth=2, input_t=c10::Half, weight_t=float]" at line 161
              instantiation of "void causal_conv1d_fwd_cuda<input_t,weight_t>(ConvParamsBase &, cudaStream_t) [with input_t=c10::Half, weight_t=float]" at line 381

  D:\antigravity\bridge2-nn\causal-conv1d-repo\csrc\causal_conv1d_fwd.cu(60): warning #177-D: variable "smem_store" was declared but never referenced
        auto& smem_store = reinterpret_cast<typename Ktraits::BlockStoreT::TempStorage&>(smem_);
              ^
            detected during:
              instantiation of "void causal_conv1d_fwd_kernel<Ktraits>(ConvParamsBase) [with Ktraits=Causal_conv1d_fwd_kernel_traits<128, 2, true, c10::Half, float>]" at line 141
              instantiation of "void causal_conv1d_fwd_launch<kNThreads,kWidth,input_t,weight_t>(ConvParamsBase &, cudaStream_t) [with kNThreads=128, kWidth=2, input_t=c10::Half, weight_t=float]" at line 161
              instantiation of "void causal_conv1d_fwd_cuda<input_t,weight_t>(ConvParamsBase &, cudaStream_t) [with input_t=c10::Half, weight_t=float]" at line 381

  D:\antigravity\bridge2-nn\causal-conv1d-repo\csrc\causal_conv1d_fwd.cu(59): warning #177-D: variable "smem_load_vec" was declared but never referenced
        auto& smem_load_vec = reinterpret_cast<typename Ktraits::BlockLoadVecT::TempStorage&>(smem_);
              ^
            detected during:
              instantiation of "void causal_conv1d_fwd_kernel<Ktraits>(ConvParamsBase) [with Ktraits=Causal_conv1d_fwd_kernel_traits<128, 2, false, c10::Half, float>]" at line 141
              instantiation of "void causal_conv1d_fwd_launch<kNThreads,kWidth,input_t,weight_t>(ConvParamsBase &, cudaStream_t) [with kNThreads=128, kWidth=2, input_t=c10::Half, weight_t=float]" at line 161
              instantiation of "void causal_conv1d_fwd_cuda<input_t,weight_t>(ConvParamsBase &, cudaStream_t) [with input_t=c10::Half, weight_t=float]" at line 381

  D:\antigravity\bridge2-nn\causal-conv1d-repo\csrc\causal_conv1d_fwd.cu(61): warning #177-D: variable "smem_store_vec" was declared but never referenced
        auto& smem_store_vec = reinterpret_cast<typename Ktraits::BlockStoreVecT::TempStorage&>(smem_);
              ^
            detected during:
              instantiation of "void causal_conv1d_fwd_kernel<Ktraits>(ConvParamsBase) [with Ktraits=Causal_conv1d_fwd_kernel_traits<128, 2, false, c10::Half, float>]" at line 141
              instantiation of "void causal_conv1d_fwd_launch<kNThreads,kWidth,input_t,weight_t>(ConvParamsBase &, cudaStream_t) [with kNThreads=128, kWidth=2, input_t=c10::Half, weight_t=float]" at line 161
              instantiation of "void causal_conv1d_fwd_cuda<input_t,weight_t>(ConvParamsBase &, cudaStream_t) [with input_t=c10::Half, weight_t=float]" at line 381

  D:\antigravity\bridge2-nn\causal-conv1d-repo\csrc\causal_conv1d_fwd.cu(58): warning #177-D: variable "smem_load" was declared but never referenced
        auto& smem_load = reinterpret_cast<typename Ktraits::BlockLoadT::TempStorage&>(smem_);
              ^
            detected during:
              instantiation of "void causal_conv1d_fwd_kernel<Ktraits>(ConvParamsBase) [with Ktraits=Causal_conv1d_fwd_kernel_traits<128, 3, true, c10::Half, float>]" at line 141
              instantiation of "void causal_conv1d_fwd_launch<kNThreads,kWidth,input_t,weight_t>(ConvParamsBase &, cudaStream_t) [with kNThreads=128, kWidth=3, input_t=c10::Half, weight_t=float]" at line 163
              instantiation of "void causal_conv1d_fwd_cuda<input_t,weight_t>(ConvParamsBase &, cudaStream_t) [with input_t=c10::Half, weight_t=float]" at line 381

  D:\antigravity\bridge2-nn\causal-conv1d-repo\csrc\causal_conv1d_fwd.cu(60): warning #177-D: variable "smem_store" was declared but never referenced
        auto& smem_store = reinterpret_cast<typename Ktraits::BlockStoreT::TempStorage&>(smem_);
              ^
            detected during:
              instantiation of "void causal_conv1d_fwd_kernel<Ktraits>(ConvParamsBase) [with Ktraits=Causal_conv1d_fwd_kernel_traits<128, 3, true, c10::Half, float>]" at line 141
              instantiation of "void causal_conv1d_fwd_launch<kNThreads,kWidth,input_t,weight_t>(ConvParamsBase &, cudaStream_t) [with kNThreads=128, kWidth=3, input_t=c10::Half, weight_t=float]" at line 163
              instantiation of "void causal_conv1d_fwd_cuda<input_t,weight_t>(ConvParamsBase &, cudaStream_t) [with input_t=c10::Half, weight_t=float]" at line 381

  D:\antigravity\bridge2-nn\causal-conv1d-repo\csrc\causal_conv1d_fwd.cu(59): warning #177-D: variable "smem_load_vec" was declared but never referenced
        auto& smem_load_vec = reinterpret_cast<typename Ktraits::BlockLoadVecT::TempStorage&>(smem_);
              ^
            detected during:
              instantiation of "void causal_conv1d_fwd_kernel<Ktraits>(ConvParamsBase) [with Ktraits=Causal_conv1d_fwd_kernel_traits<128, 3, false, c10::Half, float>]" at line 141
              instantiation of "void causal_conv1d_fwd_launch<kNThreads,kWidth,input_t,weight_t>(ConvParamsBase &, cudaStream_t) [with kNThreads=128, kWidth=3, input_t=c10::Half, weight_t=float]" at line 163
              instantiation of "void causal_conv1d_fwd_cuda<input_t,weight_t>(ConvParamsBase &, cudaStream_t) [with input_t=c10::Half, weight_t=float]" at line 381

  D:\antigravity\bridge2-nn\causal-conv1d-repo\csrc\causal_conv1d_fwd.cu(61): warning #177-D: variable "smem_store_vec" was declared but never referenced
        auto& smem_store_vec = reinterpret_cast<typename Ktraits::BlockStoreVecT::TempStorage&>(smem_);
              ^
            detected during:
              instantiation of "void causal_conv1d_fwd_kernel<Ktraits>(ConvParamsBase) [with Ktraits=Causal_conv1d_fwd_kernel_traits<128, 3, false, c10::Half, float>]" at line 141
              instantiation of "void causal_conv1d_fwd_launch<kNThreads,kWidth,input_t,weight_t>(ConvParamsBase &, cudaStream_t) [with kNThreads=128, kWidth=3, input_t=c10::Half, weight_t=float]" at line 163
              instantiation of "void causal_conv1d_fwd_cuda<input_t,weight_t>(ConvParamsBase &, cudaStream_t) [with input_t=c10::Half, weight_t=float]" at line 381

  D:\antigravity\bridge2-nn\causal-conv1d-repo\csrc\causal_conv1d_fwd.cu(58): warning #177-D: variable "smem_load" was declared but never referenced
        auto& smem_load = reinterpret_cast<typename Ktraits::BlockLoadT::TempStorage&>(smem_);
              ^
            detected during:
              instantiation of "void causal_conv1d_fwd_kernel<Ktraits>(ConvParamsBase) [with Ktraits=Causal_conv1d_fwd_kernel_traits<128, 4, true, c10::Half, float>]" at line 141
              instantiation of "void causal_conv1d_fwd_launch<kNThreads,kWidth,input_t,weight_t>(ConvParamsBase &, cudaStream_t) [with kNThreads=128, kWidth=4, input_t=c10::Half, weight_t=float]" at line 165
              instantiation of "void causal_conv1d_fwd_cuda<input_t,weight_t>(ConvParamsBase &, cudaStream_t) [with input_t=c10::Half, weight_t=float]" at line 381

  D:\antigravity\bridge2-nn\causal-conv1d-repo\csrc\causal_conv1d_fwd.cu(60): warning #177-D: variable "smem_store" was declared but never referenced
        auto& smem_store = reinterpret_cast<typename Ktraits::BlockStoreT::TempStorage&>(smem_);
              ^
            detected during:
              instantiation of "void causal_conv1d_fwd_kernel<Ktraits>(ConvParamsBase) [with Ktraits=Causal_conv1d_fwd_kernel_traits<128, 4, true, c10::Half, float>]" at line 141
              instantiation of "void causal_conv1d_fwd_launch<kNThreads,kWidth,input_t,weight_t>(ConvParamsBase &, cudaStream_t) [with kNThreads=128, kWidth=4, input_t=c10::Half, weight_t=float]" at line 165
              instantiation of "void causal_conv1d_fwd_cuda<input_t,weight_t>(ConvParamsBase &, cudaStream_t) [with input_t=c10::Half, weight_t=float]" at line 381

  D:\antigravity\bridge2-nn\causal-conv1d-repo\csrc\causal_conv1d_fwd.cu(59): warning #177-D: variable "smem_load_vec" was declared but never referenced
        auto& smem_load_vec = reinterpret_cast<typename Ktraits::BlockLoadVecT::TempStorage&>(smem_);
              ^
            detected during:
              instantiation of "void causal_conv1d_fwd_kernel<Ktraits>(ConvParamsBase) [with Ktraits=Causal_conv1d_fwd_kernel_traits<128, 4, false, c10::Half, float>]" at line 141
              instantiation of "void causal_conv1d_fwd_launch<kNThreads,kWidth,input_t,weight_t>(ConvParamsBase &, cudaStream_t) [with kNThreads=128, kWidth=4, input_t=c10::Half, weight_t=float]" at line 165
              instantiation of "void causal_conv1d_fwd_cuda<input_t,weight_t>(ConvParamsBase &, cudaStream_t) [with input_t=c10::Half, weight_t=float]" at line 381

  D:\antigravity\bridge2-nn\causal-conv1d-repo\csrc\causal_conv1d_fwd.cu(61): warning #177-D: variable "smem_store_vec" was declared but never referenced
        auto& smem_store_vec = reinterpret_cast<typename Ktraits::BlockStoreVecT::TempStorage&>(smem_);
              ^
            detected during:
              instantiation of "void causal_conv1d_fwd_kernel<Ktraits>(ConvParamsBase) [with Ktraits=Causal_conv1d_fwd_kernel_traits<128, 4, false, c10::Half, float>]" at line 141
              instantiation of "void causal_conv1d_fwd_launch<kNThreads,kWidth,input_t,weight_t>(ConvParamsBase &, cudaStream_t) [with kNThreads=128, kWidth=4, input_t=c10::Half, weight_t=float]" at line 165
              instantiation of "void causal_conv1d_fwd_cuda<input_t,weight_t>(ConvParamsBase &, cudaStream_t) [with input_t=c10::Half, weight_t=float]" at line 381

  D:\antigravity\bridge2-nn\causal-conv1d-repo\csrc\causal_conv1d_fwd.cu(58): warning #177-D: variable "smem_load" was declared but never referenced
        auto& smem_load = reinterpret_cast<typename Ktraits::BlockLoadT::TempStorage&>(smem_);
              ^
            detected during:
              instantiation of "void causal_conv1d_fwd_kernel<Ktraits>(ConvParamsBase) [with Ktraits=Causal_conv1d_fwd_kernel_traits<128, 2, true, c10::BFloat16, float>]" at line 141
              instantiation of "void causal_conv1d_fwd_launch<kNThreads,kWidth,input_t,weight_t>(ConvParamsBase &, cudaStream_t) [with kNThreads=128, kWidth=2, input_t=c10::BFloat16, weight_t=float]" at line 161
              instantiation of "void causal_conv1d_fwd_cuda<input_t,weight_t>(ConvParamsBase &, cudaStream_t) [with input_t=c10::BFloat16, weight_t=float]" at line 382

  D:\antigravity\bridge2-nn\causal-conv1d-repo\csrc\causal_conv1d_fwd.cu(60): warning #177-D: variable "smem_store" was declared but never referenced
        auto& smem_store = reinterpret_cast<typename Ktraits::BlockStoreT::TempStorage&>(smem_);
              ^
            detected during:
              instantiation of "void causal_conv1d_fwd_kernel<Ktraits>(ConvParamsBase) [with Ktraits=Causal_conv1d_fwd_kernel_traits<128, 2, true, c10::BFloat16, float>]" at line 141
              instantiation of "void causal_conv1d_fwd_launch<kNThreads,kWidth,input_t,weight_t>(ConvParamsBase &, cudaStream_t) [with kNThreads=128, kWidth=2, input_t=c10::BFloat16, weight_t=float]" at line 161
              instantiation of "void causal_conv1d_fwd_cuda<input_t,weight_t>(ConvParamsBase &, cudaStream_t) [with input_t=c10::BFloat16, weight_t=float]" at line 382

  D:\antigravity\bridge2-nn\causal-conv1d-repo\csrc\causal_conv1d_fwd.cu(59): warning #177-D: variable "smem_load_vec" was declared but never referenced
        auto& smem_load_vec = reinterpret_cast<typename Ktraits::BlockLoadVecT::TempStorage&>(smem_);
              ^
            detected during:
              instantiation of "void causal_conv1d_fwd_kernel<Ktraits>(ConvParamsBase) [with Ktraits=Causal_conv1d_fwd_kernel_traits<128, 2, false, c10::BFloat16, float>]" at line 141
              instantiation of "void causal_conv1d_fwd_launch<kNThreads,kWidth,input_t,weight_t>(ConvParamsBase &, cudaStream_t) [with kNThreads=128, kWidth=2, input_t=c10::BFloat16, weight_t=float]" at line 161
              instantiation of "void causal_conv1d_fwd_cuda<input_t,weight_t>(ConvParamsBase &, cudaStream_t) [with input_t=c10::BFloat16, weight_t=float]" at line 382

  D:\antigravity\bridge2-nn\causal-conv1d-repo\csrc\causal_conv1d_fwd.cu(61): warning #177-D: variable "smem_store_vec" was declared but never referenced
        auto& smem_store_vec = reinterpret_cast<typename Ktraits::BlockStoreVecT::TempStorage&>(smem_);
              ^
            detected during:
              instantiation of "void causal_conv1d_fwd_kernel<Ktraits>(ConvParamsBase) [with Ktraits=Causal_conv1d_fwd_kernel_traits<128, 2, false, c10::BFloat16, float>]" at line 141
              instantiation of "void causal_conv1d_fwd_launch<kNThreads,kWidth,input_t,weight_t>(ConvParamsBase &, cudaStream_t) [with kNThreads=128, kWidth=2, input_t=c10::BFloat16, weight_t=float]" at line 161
              instantiation of "void causal_conv1d_fwd_cuda<input_t,weight_t>(ConvParamsBase &, cudaStream_t) [with input_t=c10::BFloat16, weight_t=float]" at line 382

  D:\antigravity\bridge2-nn\causal-conv1d-repo\csrc\causal_conv1d_fwd.cu(58): warning #177-D: variable "smem_load" was declared but never referenced
        auto& smem_load = reinterpret_cast<typename Ktraits::BlockLoadT::TempStorage&>(smem_);
              ^
            detected during:
              instantiation of "void causal_conv1d_fwd_kernel<Ktraits>(ConvParamsBase) [with Ktraits=Causal_conv1d_fwd_kernel_traits<128, 3, true, c10::BFloat16, float>]" at line 141
              instantiation of "void causal_conv1d_fwd_launch<kNThreads,kWidth,input_t,weight_t>(ConvParamsBase &, cudaStream_t) [with kNThreads=128, kWidth=3, input_t=c10::BFloat16, weight_t=float]" at line 163
              instantiation of "void causal_conv1d_fwd_cuda<input_t,weight_t>(ConvParamsBase &, cudaStream_t) [with input_t=c10::BFloat16, weight_t=float]" at line 382

  D:\antigravity\bridge2-nn\causal-conv1d-repo\csrc\causal_conv1d_fwd.cu(60): warning #177-D: variable "smem_store" was declared but never referenced
        auto& smem_store = reinterpret_cast<typename Ktraits::BlockStoreT::TempStorage&>(smem_);
              ^
            detected during:
              instantiation of "void causal_conv1d_fwd_kernel<Ktraits>(ConvParamsBase) [with Ktraits=Causal_conv1d_fwd_kernel_traits<128, 3, true, c10::BFloat16, float>]" at line 141
              instantiation of "void causal_conv1d_fwd_launch<kNThreads,kWidth,input_t,weight_t>(ConvParamsBase &, cudaStream_t) [with kNThreads=128, kWidth=3, input_t=c10::BFloat16, weight_t=float]" at line 163
              instantiation of "void causal_conv1d_fwd_cuda<input_t,weight_t>(ConvParamsBase &, cudaStream_t) [with input_t=c10::BFloat16, weight_t=float]" at line 382

  D:\antigravity\bridge2-nn\causal-conv1d-repo\csrc\causal_conv1d_fwd.cu(59): warning #177-D: variable "smem_load_vec" was declared but never referenced
        auto& smem_load_vec = reinterpret_cast<typename Ktraits::BlockLoadVecT::TempStorage&>(smem_);
              ^
            detected during:
              instantiation of "void causal_conv1d_fwd_kernel<Ktraits>(ConvParamsBase) [with Ktraits=Causal_conv1d_fwd_kernel_traits<128, 3, false, c10::BFloat16, float>]" at line 141
              instantiation of "void causal_conv1d_fwd_launch<kNThreads,kWidth,input_t,weight_t>(ConvParamsBase &, cudaStream_t) [with kNThreads=128, kWidth=3, input_t=c10::BFloat16, weight_t=float]" at line 163
              instantiation of "void causal_conv1d_fwd_cuda<input_t,weight_t>(ConvParamsBase &, cudaStream_t) [with input_t=c10::BFloat16, weight_t=float]" at line 382

  D:\antigravity\bridge2-nn\causal-conv1d-repo\csrc\causal_conv1d_fwd.cu(61): warning #177-D: variable "smem_store_vec" was declared but never referenced
        auto& smem_store_vec = reinterpret_cast<typename Ktraits::BlockStoreVecT::TempStorage&>(smem_);
              ^
            detected during:
              instantiation of "void causal_conv1d_fwd_kernel<Ktraits>(ConvParamsBase) [with Ktraits=Causal_conv1d_fwd_kernel_traits<128, 3, false, c10::BFloat16, float>]" at line 141
              instantiation of "void causal_conv1d_fwd_launch<kNThreads,kWidth,input_t,weight_t>(ConvParamsBase &, cudaStream_t) [with kNThreads=128, kWidth=3, input_t=c10::BFloat16, weight_t=float]" at line 163
              instantiation of "void causal_conv1d_fwd_cuda<input_t,weight_t>(ConvParamsBase &, cudaStream_t) [with input_t=c10::BFloat16, weight_t=float]" at line 382

  D:\antigravity\bridge2-nn\causal-conv1d-repo\csrc\causal_conv1d_fwd.cu(58): warning #177-D: variable "smem_load" was declared but never referenced
        auto& smem_load = reinterpret_cast<typename Ktraits::BlockLoadT::TempStorage&>(smem_);
              ^
            detected during:
              instantiation of "void causal_conv1d_fwd_kernel<Ktraits>(ConvParamsBase) [with Ktraits=Causal_conv1d_fwd_kernel_traits<128, 4, true, c10::BFloat16, float>]" at line 141
              instantiation of "void causal_conv1d_fwd_launch<kNThreads,kWidth,input_t,weight_t>(ConvParamsBase &, cudaStream_t) [with kNThreads=128, kWidth=4, input_t=c10::BFloat16, weight_t=float]" at line 165
              instantiation of "void causal_conv1d_fwd_cuda<input_t,weight_t>(ConvParamsBase &, cudaStream_t) [with input_t=c10::BFloat16, weight_t=float]" at line 382

  D:\antigravity\bridge2-nn\causal-conv1d-repo\csrc\causal_conv1d_fwd.cu(60): warning #177-D: variable "smem_store" was declared but never referenced
        auto& smem_store = reinterpret_cast<typename Ktraits::BlockStoreT::TempStorage&>(smem_);
              ^
            detected during:
              instantiation of "void causal_conv1d_fwd_kernel<Ktraits>(ConvParamsBase) [with Ktraits=Causal_conv1d_fwd_kernel_traits<128, 4, true, c10::BFloat16, float>]" at line 141
              instantiation of "void causal_conv1d_fwd_launch<kNThreads,kWidth,input_t,weight_t>(ConvParamsBase &, cudaStream_t) [with kNThreads=128, kWidth=4, input_t=c10::BFloat16, weight_t=float]" at line 165
              instantiation of "void causal_conv1d_fwd_cuda<input_t,weight_t>(ConvParamsBase &, cudaStream_t) [with input_t=c10::BFloat16, weight_t=float]" at line 382

  D:\antigravity\bridge2-nn\causal-conv1d-repo\csrc\causal_conv1d_fwd.cu(59): warning #177-D: variable "smem_load_vec" was declared but never referenced
        auto& smem_load_vec = reinterpret_cast<typename Ktraits::BlockLoadVecT::TempStorage&>(smem_);
              ^
            detected during:
              instantiation of "void causal_conv1d_fwd_kernel<Ktraits>(ConvParamsBase) [with Ktraits=Causal_conv1d_fwd_kernel_traits<128, 4, false, c10::BFloat16, float>]" at line 141
              instantiation of "void causal_conv1d_fwd_launch<kNThreads,kWidth,input_t,weight_t>(ConvParamsBase &, cudaStream_t) [with kNThreads=128, kWidth=4, input_t=c10::BFloat16, weight_t=float]" at line 165
              instantiation of "void causal_conv1d_fwd_cuda<input_t,weight_t>(ConvParamsBase &, cudaStream_t) [with input_t=c10::BFloat16, weight_t=float]" at line 382

  D:\antigravity\bridge2-nn\causal-conv1d-repo\csrc\causal_conv1d_fwd.cu(61): warning #177-D: variable "smem_store_vec" was declared but never referenced
        auto& smem_store_vec = reinterpret_cast<typename Ktraits::BlockStoreVecT::TempStorage&>(smem_);
              ^
            detected during:
              instantiation of "void causal_conv1d_fwd_kernel<Ktraits>(ConvParamsBase) [with Ktraits=Causal_conv1d_fwd_kernel_traits<128, 4, false, c10::BFloat16, float>]" at line 141
              instantiation of "void causal_conv1d_fwd_launch<kNThreads,kWidth,input_t,weight_t>(ConvParamsBase &, cudaStream_t) [with kNThreads=128, kWidth=4, input_t=c10::BFloat16, weight_t=float]" at line 165
              instantiation of "void causal_conv1d_fwd_cuda<input_t,weight_t>(ConvParamsBase &, cudaStream_t) [with input_t=c10::BFloat16, weight_t=float]" at line 382

  D:\antigravity\bridge2-nn\causal-conv1d-repo\csrc\causal_conv1d_fwd.cu(58): warning #177-D: variable "smem_load" was declared but never referenced
        auto& smem_load = reinterpret_cast<typename Ktraits::BlockLoadT::TempStorage&>(smem_);
              ^
            detected during:
              instantiation of "void causal_conv1d_fwd_kernel<Ktraits>(ConvParamsBase) [with Ktraits=Causal_conv1d_fwd_kernel_traits<128, 2, true, float, c10::Half>]" at line 141
              instantiation of "void causal_conv1d_fwd_launch<kNThreads,kWidth,input_t,weight_t>(ConvParamsBase &, cudaStream_t) [with kNThreads=128, kWidth=2, input_t=float, weight_t=c10::Half]" at line 161
              instantiation of "void causal_conv1d_fwd_cuda<input_t,weight_t>(ConvParamsBase &, cudaStream_t) [with input_t=float, weight_t=c10::Half]" at line 383

  D:\antigravity\bridge2-nn\causal-conv1d-repo\csrc\causal_conv1d_fwd.cu(60): warning #177-D: variable "smem_store" was declared but never referenced
        auto& smem_store = reinterpret_cast<typename Ktraits::BlockStoreT::TempStorage&>(smem_);
              ^
            detected during:
              instantiation of "void causal_conv1d_fwd_kernel<Ktraits>(ConvParamsBase) [with Ktraits=Causal_conv1d_fwd_kernel_traits<128, 2, true, float, c10::Half>]" at line 141
              instantiation of "void causal_conv1d_fwd_launch<kNThreads,kWidth,input_t,weight_t>(ConvParamsBase &, cudaStream_t) [with kNThreads=128, kWidth=2, input_t=float, weight_t=c10::Half]" at line 161
              instantiation of "void causal_conv1d_fwd_cuda<input_t,weight_t>(ConvParamsBase &, cudaStream_t) [with input_t=float, weight_t=c10::Half]" at line 383

  D:\antigravity\bridge2-nn\causal-conv1d-repo\csrc\causal_conv1d_fwd.cu(59): warning #177-D: variable "smem_load_vec" was declared but never referenced
        auto& smem_load_vec = reinterpret_cast<typename Ktraits::BlockLoadVecT::TempStorage&>(smem_);
              ^
            detected during:
              instantiation of "void causal_conv1d_fwd_kernel<Ktraits>(ConvParamsBase) [with Ktraits=Causal_conv1d_fwd_kernel_traits<128, 2, false, float, c10::Half>]" at line 141
              instantiation of "void causal_conv1d_fwd_launch<kNThreads,kWidth,input_t,weight_t>(ConvParamsBase &, cudaStream_t) [with kNThreads=128, kWidth=2, input_t=float, weight_t=c10::Half]" at line 161
              instantiation of "void causal_conv1d_fwd_cuda<input_t,weight_t>(ConvParamsBase &, cudaStream_t) [with input_t=float, weight_t=c10::Half]" at line 383

  D:\antigravity\bridge2-nn\causal-conv1d-repo\csrc\causal_conv1d_fwd.cu(61): warning #177-D: variable "smem_store_vec" was declared but never referenced
        auto& smem_store_vec = reinterpret_cast<typename Ktraits::BlockStoreVecT::TempStorage&>(smem_);
              ^
            detected during:
              instantiation of "void causal_conv1d_fwd_kernel<Ktraits>(ConvParamsBase) [with Ktraits=Causal_conv1d_fwd_kernel_traits<128, 2, false, float, c10::Half>]" at line 141
              instantiation of "void causal_conv1d_fwd_launch<kNThreads,kWidth,input_t,weight_t>(ConvParamsBase &, cudaStream_t) [with kNThreads=128, kWidth=2, input_t=float, weight_t=c10::Half]" at line 161
              instantiation of "void causal_conv1d_fwd_cuda<input_t,weight_t>(ConvParamsBase &, cudaStream_t) [with input_t=float, weight_t=c10::Half]" at line 383

  D:\antigravity\bridge2-nn\causal-conv1d-repo\csrc\causal_conv1d_fwd.cu(58): warning #177-D: variable "smem_load" was declared but never referenced
        auto& smem_load = reinterpret_cast<typename Ktraits::BlockLoadT::TempStorage&>(smem_);
              ^
            detected during:
              instantiation of "void causal_conv1d_fwd_kernel<Ktraits>(ConvParamsBase) [with Ktraits=Causal_conv1d_fwd_kernel_traits<128, 3, true, float, c10::Half>]" at line 141
              instantiation of "void causal_conv1d_fwd_launch<kNThreads,kWidth,input_t,weight_t>(ConvParamsBase &, cudaStream_t) [with kNThreads=128, kWidth=3, input_t=float, weight_t=c10::Half]" at line 163
              instantiation of "void causal_conv1d_fwd_cuda<input_t,weight_t>(ConvParamsBase &, cudaStream_t) [with input_t=float, weight_t=c10::Half]" at line 383

  D:\antigravity\bridge2-nn\causal-conv1d-repo\csrc\causal_conv1d_fwd.cu(60): warning #177-D: variable "smem_store" was declared but never referenced
        auto& smem_store = reinterpret_cast<typename Ktraits::BlockStoreT::TempStorage&>(smem_);
              ^
            detected during:
              instantiation of "void causal_conv1d_fwd_kernel<Ktraits>(ConvParamsBase) [with Ktraits=Causal_conv1d_fwd_kernel_traits<128, 3, true, float, c10::Half>]" at line 141
              instantiation of "void causal_conv1d_fwd_launch<kNThreads,kWidth,input_t,weight_t>(ConvParamsBase &, cudaStream_t) [with kNThreads=128, kWidth=3, input_t=float, weight_t=c10::Half]" at line 163
              instantiation of "void causal_conv1d_fwd_cuda<input_t,weight_t>(ConvParamsBase &, cudaStream_t) [with input_t=float, weight_t=c10::Half]" at line 383

  D:\antigravity\bridge2-nn\causal-conv1d-repo\csrc\causal_conv1d_fwd.cu(59): warning #177-D: variable "smem_load_vec" was declared but never referenced
        auto& smem_load_vec = reinterpret_cast<typename Ktraits::BlockLoadVecT::TempStorage&>(smem_);
              ^
            detected during:
              instantiation of "void causal_conv1d_fwd_kernel<Ktraits>(ConvParamsBase) [with Ktraits=Causal_conv1d_fwd_kernel_traits<128, 3, false, float, c10::Half>]" at line 141
              instantiation of "void causal_conv1d_fwd_launch<kNThreads,kWidth,input_t,weight_t>(ConvParamsBase &, cudaStream_t) [with kNThreads=128, kWidth=3, input_t=float, weight_t=c10::Half]" at line 163
              instantiation of "void causal_conv1d_fwd_cuda<input_t,weight_t>(ConvParamsBase &, cudaStream_t) [with input_t=float, weight_t=c10::Half]" at line 383

  D:\antigravity\bridge2-nn\causal-conv1d-repo\csrc\causal_conv1d_fwd.cu(61): warning #177-D: variable "smem_store_vec" was declared but never referenced
        auto& smem_store_vec = reinterpret_cast<typename Ktraits::BlockStoreVecT::TempStorage&>(smem_);
              ^
            detected during:
              instantiation of "void causal_conv1d_fwd_kernel<Ktraits>(ConvParamsBase) [with Ktraits=Causal_conv1d_fwd_kernel_traits<128, 3, false, float, c10::Half>]" at line 141
              instantiation of "void causal_conv1d_fwd_launch<kNThreads,kWidth,input_t,weight_t>(ConvParamsBase &, cudaStream_t) [with kNThreads=128, kWidth=3, input_t=float, weight_t=c10::Half]" at line 163
              instantiation of "void causal_conv1d_fwd_cuda<input_t,weight_t>(ConvParamsBase &, cudaStream_t) [with input_t=float, weight_t=c10::Half]" at line 383

  D:\antigravity\bridge2-nn\causal-conv1d-repo\csrc\causal_conv1d_fwd.cu(58): warning #177-D: variable "smem_load" was declared but never referenced
        auto& smem_load = reinterpret_cast<typename Ktraits::BlockLoadT::TempStorage&>(smem_);
              ^
            detected during:
              instantiation of "void causal_conv1d_fwd_kernel<Ktraits>(ConvParamsBase) [with Ktraits=Causal_conv1d_fwd_kernel_traits<128, 4, true, float, c10::Half>]" at line 141
              instantiation of "void causal_conv1d_fwd_launch<kNThreads,kWidth,input_t,weight_t>(ConvParamsBase &, cudaStream_t) [with kNThreads=128, kWidth=4, input_t=float, weight_t=c10::Half]" at line 165
              instantiation of "void causal_conv1d_fwd_cuda<input_t,weight_t>(ConvParamsBase &, cudaStream_t) [with input_t=float, weight_t=c10::Half]" at line 383

  D:\antigravity\bridge2-nn\causal-conv1d-repo\csrc\causal_conv1d_fwd.cu(60): warning #177-D: variable "smem_store" was declared but never referenced
        auto& smem_store = reinterpret_cast<typename Ktraits::BlockStoreT::TempStorage&>(smem_);
              ^
            detected during:
              instantiation of "void causal_conv1d_fwd_kernel<Ktraits>(ConvParamsBase) [with Ktraits=Causal_conv1d_fwd_kernel_traits<128, 4, true, float, c10::Half>]" at line 141
              instantiation of "void causal_conv1d_fwd_launch<kNThreads,kWidth,input_t,weight_t>(ConvParamsBase &, cudaStream_t) [with kNThreads=128, kWidth=4, input_t=float, weight_t=c10::Half]" at line 165
              instantiation of "void causal_conv1d_fwd_cuda<input_t,weight_t>(ConvParamsBase &, cudaStream_t) [with input_t=float, weight_t=c10::Half]" at line 383

  D:\antigravity\bridge2-nn\causal-conv1d-repo\csrc\causal_conv1d_fwd.cu(59): warning #177-D: variable "smem_load_vec" was declared but never referenced
        auto& smem_load_vec = reinterpret_cast<typename Ktraits::BlockLoadVecT::TempStorage&>(smem_);
              ^
            detected during:
              instantiation of "void causal_conv1d_fwd_kernel<Ktraits>(ConvParamsBase) [with Ktraits=Causal_conv1d_fwd_kernel_traits<128, 4, false, float, c10::Half>]" at line 141
              instantiation of "void causal_conv1d_fwd_launch<kNThreads,kWidth,input_t,weight_t>(ConvParamsBase &, cudaStream_t) [with kNThreads=128, kWidth=4, input_t=float, weight_t=c10::Half]" at line 165
              instantiation of "void causal_conv1d_fwd_cuda<input_t,weight_t>(ConvParamsBase &, cudaStream_t) [with input_t=float, weight_t=c10::Half]" at line 383

  D:\antigravity\bridge2-nn\causal-conv1d-repo\csrc\causal_conv1d_fwd.cu(61): warning #177-D: variable "smem_store_vec" was declared but never referenced
        auto& smem_store_vec = reinterpret_cast<typename Ktraits::BlockStoreVecT::TempStorage&>(smem_);
              ^
            detected during:
              instantiation of "void causal_conv1d_fwd_kernel<Ktraits>(ConvParamsBase) [with Ktraits=Causal_conv1d_fwd_kernel_traits<128, 4, false, float, c10::Half>]" at line 141
              instantiation of "void causal_conv1d_fwd_launch<kNThreads,kWidth,input_t,weight_t>(ConvParamsBase &, cudaStream_t) [with kNThreads=128, kWidth=4, input_t=float, weight_t=c10::Half]" at line 165
              instantiation of "void causal_conv1d_fwd_cuda<input_t,weight_t>(ConvParamsBase &, cudaStream_t) [with input_t=float, weight_t=c10::Half]" at line 383

  D:\antigravity\bridge2-nn\causal-conv1d-repo\csrc\causal_conv1d_fwd.cu(58): warning #177-D: variable "smem_load" was declared but never referenced
        auto& smem_load = reinterpret_cast<typename Ktraits::BlockLoadT::TempStorage&>(smem_);
              ^
            detected during:
              instantiation of "void causal_conv1d_fwd_kernel<Ktraits>(ConvParamsBase) [with Ktraits=Causal_conv1d_fwd_kernel_traits<128, 2, true, c10::Half, c10::Half>]" at line 141
              instantiation of "void causal_conv1d_fwd_launch<kNThreads,kWidth,input_t,weight_t>(ConvParamsBase &, cudaStream_t) [with kNThreads=128, kWidth=2, input_t=c10::Half, weight_t=c10::Half]" at line 161
              instantiation of "void causal_conv1d_fwd_cuda<input_t,weight_t>(ConvParamsBase &, cudaStream_t) [with input_t=c10::Half, weight_t=c10::Half]" at line 384

  D:\antigravity\bridge2-nn\causal-conv1d-repo\csrc\causal_conv1d_fwd.cu(60): warning #177-D: variable "smem_store" was declared but never referenced
        auto& smem_store = reinterpret_cast<typename Ktraits::BlockStoreT::TempStorage&>(smem_);
              ^
            detected during:
              instantiation of "void causal_conv1d_fwd_kernel<Ktraits>(ConvParamsBase) [with Ktraits=Causal_conv1d_fwd_kernel_traits<128, 2, true, c10::Half, c10::Half>]" at line 141
              instantiation of "void causal_conv1d_fwd_launch<kNThreads,kWidth,input_t,weight_t>(ConvParamsBase &, cudaStream_t) [with kNThreads=128, kWidth=2, input_t=c10::Half, weight_t=c10::Half]" at line 161
              instantiation of "void causal_conv1d_fwd_cuda<input_t,weight_t>(ConvParamsBase &, cudaStream_t) [with input_t=c10::Half, weight_t=c10::Half]" at line 384

  D:\antigravity\bridge2-nn\causal-conv1d-repo\csrc\causal_conv1d_fwd.cu(59): warning #177-D: variable "smem_load_vec" was declared but never referenced
        auto& smem_load_vec = reinterpret_cast<typename Ktraits::BlockLoadVecT::TempStorage&>(smem_);
              ^
            detected during:
              instantiation of "void causal_conv1d_fwd_kernel<Ktraits>(ConvParamsBase) [with Ktraits=Causal_conv1d_fwd_kernel_traits<128, 2, false, c10::Half, c10::Half>]" at line 141
              instantiation of "void causal_conv1d_fwd_launch<kNThreads,kWidth,input_t,weight_t>(ConvParamsBase &, cudaStream_t) [with kNThreads=128, kWidth=2, input_t=c10::Half, weight_t=c10::Half]" at line 161
              instantiation of "void causal_conv1d_fwd_cuda<input_t,weight_t>(ConvParamsBase &, cudaStream_t) [with input_t=c10::Half, weight_t=c10::Half]" at line 384

  D:\antigravity\bridge2-nn\causal-conv1d-repo\csrc\causal_conv1d_fwd.cu(61): warning #177-D: variable "smem_store_vec" was declared but never referenced
        auto& smem_store_vec = reinterpret_cast<typename Ktraits::BlockStoreVecT::TempStorage&>(smem_);
              ^
            detected during:
              instantiation of "void causal_conv1d_fwd_kernel<Ktraits>(ConvParamsBase) [with Ktraits=Causal_conv1d_fwd_kernel_traits<128, 2, false, c10::Half, c10::Half>]" at line 141
              instantiation of "void causal_conv1d_fwd_launch<kNThreads,kWidth,input_t,weight_t>(ConvParamsBase &, cudaStream_t) [with kNThreads=128, kWidth=2, input_t=c10::Half, weight_t=c10::Half]" at line 161
              instantiation of "void causal_conv1d_fwd_cuda<input_t,weight_t>(ConvParamsBase &, cudaStream_t) [with input_t=c10::Half, weight_t=c10::Half]" at line 384

  D:\antigravity\bridge2-nn\causal-conv1d-repo\csrc\causal_conv1d_fwd.cu(58): warning #177-D: variable "smem_load" was declared but never referenced
        auto& smem_load = reinterpret_cast<typename Ktraits::BlockLoadT::TempStorage&>(smem_);
              ^
            detected during:
              instantiation of "void causal_conv1d_fwd_kernel<Ktraits>(ConvParamsBase) [with Ktraits=Causal_conv1d_fwd_kernel_traits<128, 3, true, c10::Half, c10::Half>]" at line 141
              instantiation of "void causal_conv1d_fwd_launch<kNThreads,kWidth,input_t,weight_t>(ConvParamsBase &, cudaStream_t) [with kNThreads=128, kWidth=3, input_t=c10::Half, weight_t=c10::Half]" at line 163
              instantiation of "void causal_conv1d_fwd_cuda<input_t,weight_t>(ConvParamsBase &, cudaStream_t) [with input_t=c10::Half, weight_t=c10::Half]" at line 384

  D:\antigravity\bridge2-nn\causal-conv1d-repo\csrc\causal_conv1d_fwd.cu(60): warning #177-D: variable "smem_store" was declared but never referenced
        auto& smem_store = reinterpret_cast<typename Ktraits::BlockStoreT::TempStorage&>(smem_);
              ^
            detected during:
              instantiation of "void causal_conv1d_fwd_kernel<Ktraits>(ConvParamsBase) [with Ktraits=Causal_conv1d_fwd_kernel_traits<128, 3, true, c10::Half, c10::Half>]" at line 141
              instantiation of "void causal_conv1d_fwd_launch<kNThreads,kWidth,input_t,weight_t>(ConvParamsBase &, cudaStream_t) [with kNThreads=128, kWidth=3, input_t=c10::Half, weight_t=c10::Half]" at line 163
              instantiation of "void causal_conv1d_fwd_cuda<input_t,weight_t>(ConvParamsBase &, cudaStream_t) [with input_t=c10::Half, weight_t=c10::Half]" at line 384

  D:\antigravity\bridge2-nn\causal-conv1d-repo\csrc\causal_conv1d_fwd.cu(59): warning #177-D: variable "smem_load_vec" was declared but never referenced
        auto& smem_load_vec = reinterpret_cast<typename Ktraits::BlockLoadVecT::TempStorage&>(smem_);
              ^
            detected during:
              instantiation of "void causal_conv1d_fwd_kernel<Ktraits>(ConvParamsBase) [with Ktraits=Causal_conv1d_fwd_kernel_traits<128, 3, false, c10::Half, c10::Half>]" at line 141
              instantiation of "void causal_conv1d_fwd_launch<kNThreads,kWidth,input_t,weight_t>(ConvParamsBase &, cudaStream_t) [with kNThreads=128, kWidth=3, input_t=c10::Half, weight_t=c10::Half]" at line 163
              instantiation of "void causal_conv1d_fwd_cuda<input_t,weight_t>(ConvParamsBase &, cudaStream_t) [with input_t=c10::Half, weight_t=c10::Half]" at line 384

  D:\antigravity\bridge2-nn\causal-conv1d-repo\csrc\causal_conv1d_fwd.cu(61): warning #177-D: variable "smem_store_vec" was declared but never referenced
        auto& smem_store_vec = reinterpret_cast<typename Ktraits::BlockStoreVecT::TempStorage&>(smem_);
              ^
            detected during:
              instantiation of "void causal_conv1d_fwd_kernel<Ktraits>(ConvParamsBase) [with Ktraits=Causal_conv1d_fwd_kernel_traits<128, 3, false, c10::Half, c10::Half>]" at line 141
              instantiation of "void causal_conv1d_fwd_launch<kNThreads,kWidth,input_t,weight_t>(ConvParamsBase &, cudaStream_t) [with kNThreads=128, kWidth=3, input_t=c10::Half, weight_t=c10::Half]" at line 163
              instantiation of "void causal_conv1d_fwd_cuda<input_t,weight_t>(ConvParamsBase &, cudaStream_t) [with input_t=c10::Half, weight_t=c10::Half]" at line 384

  D:\antigravity\bridge2-nn\causal-conv1d-repo\csrc\causal_conv1d_fwd.cu(58): warning #177-D: variable "smem_load" was declared but never referenced
        auto& smem_load = reinterpret_cast<typename Ktraits::BlockLoadT::TempStorage&>(smem_);
              ^
            detected during:
              instantiation of "void causal_conv1d_fwd_kernel<Ktraits>(ConvParamsBase) [with Ktraits=Causal_conv1d_fwd_kernel_traits<128, 4, true, c10::Half, c10::Half>]" at line 141
              instantiation of "void causal_conv1d_fwd_launch<kNThreads,kWidth,input_t,weight_t>(ConvParamsBase &, cudaStream_t) [with kNThreads=128, kWidth=4, input_t=c10::Half, weight_t=c10::Half]" at line 165
              instantiation of "void causal_conv1d_fwd_cuda<input_t,weight_t>(ConvParamsBase &, cudaStream_t) [with input_t=c10::Half, weight_t=c10::Half]" at line 384

  D:\antigravity\bridge2-nn\causal-conv1d-repo\csrc\causal_conv1d_fwd.cu(60): warning #177-D: variable "smem_store" was declared but never referenced
        auto& smem_store = reinterpret_cast<typename Ktraits::BlockStoreT::TempStorage&>(smem_);
              ^
            detected during:
              instantiation of "void causal_conv1d_fwd_kernel<Ktraits>(ConvParamsBase) [with Ktraits=Causal_conv1d_fwd_kernel_traits<128, 4, true, c10::Half, c10::Half>]" at line 141
              instantiation of "void causal_conv1d_fwd_launch<kNThreads,kWidth,input_t,weight_t>(ConvParamsBase &, cudaStream_t) [with kNThreads=128, kWidth=4, input_t=c10::Half, weight_t=c10::Half]" at line 165
              instantiation of "void causal_conv1d_fwd_cuda<input_t,weight_t>(ConvParamsBase &, cudaStream_t) [with input_t=c10::Half, weight_t=c10::Half]" at line 384

  D:\antigravity\bridge2-nn\causal-conv1d-repo\csrc\causal_conv1d_fwd.cu(59): warning #177-D: variable "smem_load_vec" was declared but never referenced
        auto& smem_load_vec = reinterpret_cast<typename Ktraits::BlockLoadVecT::TempStorage&>(smem_);
              ^
            detected during:
              instantiation of "void causal_conv1d_fwd_kernel<Ktraits>(ConvParamsBase) [with Ktraits=Causal_conv1d_fwd_kernel_traits<128, 4, false, c10::Half, c10::Half>]" at line 141
              instantiation of "void causal_conv1d_fwd_launch<kNThreads,kWidth,input_t,weight_t>(ConvParamsBase &, cudaStream_t) [with kNThreads=128, kWidth=4, input_t=c10::Half, weight_t=c10::Half]" at line 165
              instantiation of "void causal_conv1d_fwd_cuda<input_t,weight_t>(ConvParamsBase &, cudaStream_t) [with input_t=c10::Half, weight_t=c10::Half]" at line 384

  D:\antigravity\bridge2-nn\causal-conv1d-repo\csrc\causal_conv1d_fwd.cu(61): warning #177-D: variable "smem_store_vec" was declared but never referenced
        auto& smem_store_vec = reinterpret_cast<typename Ktraits::BlockStoreVecT::TempStorage&>(smem_);
              ^
            detected during:
              instantiation of "void causal_conv1d_fwd_kernel<Ktraits>(ConvParamsBase) [with Ktraits=Causal_conv1d_fwd_kernel_traits<128, 4, false, c10::Half, c10::Half>]" at line 141
              instantiation of "void causal_conv1d_fwd_launch<kNThreads,kWidth,input_t,weight_t>(ConvParamsBase &, cudaStream_t) [with kNThreads=128, kWidth=4, input_t=c10::Half, weight_t=c10::Half]" at line 165
              instantiation of "void causal_conv1d_fwd_cuda<input_t,weight_t>(ConvParamsBase &, cudaStream_t) [with input_t=c10::Half, weight_t=c10::Half]" at line 384

  D:\antigravity\bridge2-nn\causal-conv1d-repo\csrc\causal_conv1d_fwd.cu(58): warning #177-D: variable "smem_load" was declared but never referenced
        auto& smem_load = reinterpret_cast<typename Ktraits::BlockLoadT::TempStorage&>(smem_);
              ^
            detected during:
              instantiation of "void causal_conv1d_fwd_kernel<Ktraits>(ConvParamsBase) [with Ktraits=Causal_conv1d_fwd_kernel_traits<128, 2, true, c10::BFloat16, c10::Half>]" at line 141
              instantiation of "void causal_conv1d_fwd_launch<kNThreads,kWidth,input_t,weight_t>(ConvParamsBase &, cudaStream_t) [with kNThreads=128, kWidth=2, input_t=c10::BFloat16, weight_t=c10::Half]" at line 161
              instantiation of "void causal_conv1d_fwd_cuda<input_t,weight_t>(ConvParamsBase &, cudaStream_t) [with input_t=c10::BFloat16, weight_t=c10::Half]" at line 385

  D:\antigravity\bridge2-nn\causal-conv1d-repo\csrc\causal_conv1d_fwd.cu(60): warning #177-D: variable "smem_store" was declared but never referenced
        auto& smem_store = reinterpret_cast<typename Ktraits::BlockStoreT::TempStorage&>(smem_);
              ^
            detected during:
              instantiation of "void causal_conv1d_fwd_kernel<Ktraits>(ConvParamsBase) [with Ktraits=Causal_conv1d_fwd_kernel_traits<128, 2, true, c10::BFloat16, c10::Half>]" at line 141
              instantiation of "void causal_conv1d_fwd_launch<kNThreads,kWidth,input_t,weight_t>(ConvParamsBase &, cudaStream_t) [with kNThreads=128, kWidth=2, input_t=c10::BFloat16, weight_t=c10::Half]" at line 161
              instantiation of "void causal_conv1d_fwd_cuda<input_t,weight_t>(ConvParamsBase &, cudaStream_t) [with input_t=c10::BFloat16, weight_t=c10::Half]" at line 385

  D:\antigravity\bridge2-nn\causal-conv1d-repo\csrc\causal_conv1d_fwd.cu(59): warning #177-D: variable "smem_load_vec" was declared but never referenced
        auto& smem_load_vec = reinterpret_cast<typename Ktraits::BlockLoadVecT::TempStorage&>(smem_);
              ^
            detected during:
              instantiation of "void causal_conv1d_fwd_kernel<Ktraits>(ConvParamsBase) [with Ktraits=Causal_conv1d_fwd_kernel_traits<128, 2, false, c10::BFloat16, c10::Half>]" at line 141
              instantiation of "void causal_conv1d_fwd_launch<kNThreads,kWidth,input_t,weight_t>(ConvParamsBase &, cudaStream_t) [with kNThreads=128, kWidth=2, input_t=c10::BFloat16, weight_t=c10::Half]" at line 161
              instantiation of "void causal_conv1d_fwd_cuda<input_t,weight_t>(ConvParamsBase &, cudaStream_t) [with input_t=c10::BFloat16, weight_t=c10::Half]" at line 385

  D:\antigravity\bridge2-nn\causal-conv1d-repo\csrc\causal_conv1d_fwd.cu(61): warning #177-D: variable "smem_store_vec" was declared but never referenced
        auto& smem_store_vec = reinterpret_cast<typename Ktraits::BlockStoreVecT::TempStorage&>(smem_);
              ^
            detected during:
              instantiation of "void causal_conv1d_fwd_kernel<Ktraits>(ConvParamsBase) [with Ktraits=Causal_conv1d_fwd_kernel_traits<128, 2, false, c10::BFloat16, c10::Half>]" at line 141
              instantiation of "void causal_conv1d_fwd_launch<kNThreads,kWidth,input_t,weight_t>(ConvParamsBase &, cudaStream_t) [with kNThreads=128, kWidth=2, input_t=c10::BFloat16, weight_t=c10::Half]" at line 161
              instantiation of "void causal_conv1d_fwd_cuda<input_t,weight_t>(ConvParamsBase &, cudaStream_t) [with input_t=c10::BFloat16, weight_t=c10::Half]" at line 385

  D:\antigravity\bridge2-nn\causal-conv1d-repo\csrc\causal_conv1d_fwd.cu(58): warning #177-D: variable "smem_load" was declared but never referenced
        auto& smem_load = reinterpret_cast<typename Ktraits::BlockLoadT::TempStorage&>(smem_);
              ^
            detected during:
              instantiation of "void causal_conv1d_fwd_kernel<Ktraits>(ConvParamsBase) [with Ktraits=Causal_conv1d_fwd_kernel_traits<128, 3, true, c10::BFloat16, c10::Half>]" at line 141
              instantiation of "void causal_conv1d_fwd_launch<kNThreads,kWidth,input_t,weight_t>(ConvParamsBase &, cudaStream_t) [with kNThreads=128, kWidth=3, input_t=c10::BFloat16, weight_t=c10::Half]" at line 163
              instantiation of "void causal_conv1d_fwd_cuda<input_t,weight_t>(ConvParamsBase &, cudaStream_t) [with input_t=c10::BFloat16, weight_t=c10::Half]" at line 385

  D:\antigravity\bridge2-nn\causal-conv1d-repo\csrc\causal_conv1d_fwd.cu(60): warning #177-D: variable "smem_store" was declared but never referenced
        auto& smem_store = reinterpret_cast<typename Ktraits::BlockStoreT::TempStorage&>(smem_);
              ^
            detected during:
              instantiation of "void causal_conv1d_fwd_kernel<Ktraits>(ConvParamsBase) [with Ktraits=Causal_conv1d_fwd_kernel_traits<128, 3, true, c10::BFloat16, c10::Half>]" at line 141
              instantiation of "void causal_conv1d_fwd_launch<kNThreads,kWidth,input_t,weight_t>(ConvParamsBase &, cudaStream_t) [with kNThreads=128, kWidth=3, input_t=c10::BFloat16, weight_t=c10::Half]" at line 163
              instantiation of "void causal_conv1d_fwd_cuda<input_t,weight_t>(ConvParamsBase &, cudaStream_t) [with input_t=c10::BFloat16, weight_t=c10::Half]" at line 385

  D:\antigravity\bridge2-nn\causal-conv1d-repo\csrc\causal_conv1d_fwd.cu(59): warning #177-D: variable "smem_load_vec" was declared but never referenced
        auto& smem_load_vec = reinterpret_cast<typename Ktraits::BlockLoadVecT::TempStorage&>(smem_);
              ^
            detected during:
              instantiation of "void causal_conv1d_fwd_kernel<Ktraits>(ConvParamsBase) [with Ktraits=Causal_conv1d_fwd_kernel_traits<128, 3, false, c10::BFloat16, c10::Half>]" at line 141
              instantiation of "void causal_conv1d_fwd_launch<kNThreads,kWidth,input_t,weight_t>(ConvParamsBase &, cudaStream_t) [with kNThreads=128, kWidth=3, input_t=c10::BFloat16, weight_t=c10::Half]" at line 163
              instantiation of "void causal_conv1d_fwd_cuda<input_t,weight_t>(ConvParamsBase &, cudaStream_t) [with input_t=c10::BFloat16, weight_t=c10::Half]" at line 385

  D:\antigravity\bridge2-nn\causal-conv1d-repo\csrc\causal_conv1d_fwd.cu(61): warning #177-D: variable "smem_store_vec" was declared but never referenced
        auto& smem_store_vec = reinterpret_cast<typename Ktraits::BlockStoreVecT::TempStorage&>(smem_);
              ^
            detected during:
              instantiation of "void causal_conv1d_fwd_kernel<Ktraits>(ConvParamsBase) [with Ktraits=Causal_conv1d_fwd_kernel_traits<128, 3, false, c10::BFloat16, c10::Half>]" at line 141
              instantiation of "void causal_conv1d_fwd_launch<kNThreads,kWidth,input_t,weight_t>(ConvParamsBase &, cudaStream_t) [with kNThreads=128, kWidth=3, input_t=c10::BFloat16, weight_t=c10::Half]" at line 163
              instantiation of "void causal_conv1d_fwd_cuda<input_t,weight_t>(ConvParamsBase &, cudaStream_t) [with input_t=c10::BFloat16, weight_t=c10::Half]" at line 385

  D:\antigravity\bridge2-nn\causal-conv1d-repo\csrc\causal_conv1d_fwd.cu(58): warning #177-D: variable "smem_load" was declared but never referenced
        auto& smem_load = reinterpret_cast<typename Ktraits::BlockLoadT::TempStorage&>(smem_);
              ^
            detected during:
              instantiation of "void causal_conv1d_fwd_kernel<Ktraits>(ConvParamsBase) [with Ktraits=Causal_conv1d_fwd_kernel_traits<128, 4, true, c10::BFloat16, c10::Half>]" at line 141
              instantiation of "void causal_conv1d_fwd_launch<kNThreads,kWidth,input_t,weight_t>(ConvParamsBase &, cudaStream_t) [with kNThreads=128, kWidth=4, input_t=c10::BFloat16, weight_t=c10::Half]" at line 165
              instantiation of "void causal_conv1d_fwd_cuda<input_t,weight_t>(ConvParamsBase &, cudaStream_t) [with input_t=c10::BFloat16, weight_t=c10::Half]" at line 385

  D:\antigravity\bridge2-nn\causal-conv1d-repo\csrc\causal_conv1d_fwd.cu(60): warning #177-D: variable "smem_store" was declared but never referenced
        auto& smem_store = reinterpret_cast<typename Ktraits::BlockStoreT::TempStorage&>(smem_);
              ^
            detected during:
              instantiation of "void causal_conv1d_fwd_kernel<Ktraits>(ConvParamsBase) [with Ktraits=Causal_conv1d_fwd_kernel_traits<128, 4, true, c10::BFloat16, c10::Half>]" at line 141
              instantiation of "void causal_conv1d_fwd_launch<kNThreads,kWidth,input_t,weight_t>(ConvParamsBase &, cudaStream_t) [with kNThreads=128, kWidth=4, input_t=c10::BFloat16, weight_t=c10::Half]" at line 165
              instantiation of "void causal_conv1d_fwd_cuda<input_t,weight_t>(ConvParamsBase &, cudaStream_t) [with input_t=c10::BFloat16, weight_t=c10::Half]" at line 385

  D:\antigravity\bridge2-nn\causal-conv1d-repo\csrc\causal_conv1d_fwd.cu(59): warning #177-D: variable "smem_load_vec" was declared but never referenced
        auto& smem_load_vec = reinterpret_cast<typename Ktraits::BlockLoadVecT::TempStorage&>(smem_);
              ^
            detected during:
              instantiation of "void causal_conv1d_fwd_kernel<Ktraits>(ConvParamsBase) [with Ktraits=Causal_conv1d_fwd_kernel_traits<128, 4, false, c10::BFloat16, c10::Half>]" at line 141
              instantiation of "void causal_conv1d_fwd_launch<kNThreads,kWidth,input_t,weight_t>(ConvParamsBase &, cudaStream_t) [with kNThreads=128, kWidth=4, input_t=c10::BFloat16, weight_t=c10::Half]" at line 165
              instantiation of "void causal_conv1d_fwd_cuda<input_t,weight_t>(ConvParamsBase &, cudaStream_t) [with input_t=c10::BFloat16, weight_t=c10::Half]" at line 385

  D:\antigravity\bridge2-nn\causal-conv1d-repo\csrc\causal_conv1d_fwd.cu(61): warning #177-D: variable "smem_store_vec" was declared but never referenced
        auto& smem_store_vec = reinterpret_cast<typename Ktraits::BlockStoreVecT::TempStorage&>(smem_);
              ^
            detected during:
              instantiation of "void causal_conv1d_fwd_kernel<Ktraits>(ConvParamsBase) [with Ktraits=Causal_conv1d_fwd_kernel_traits<128, 4, false, c10::BFloat16, c10::Half>]" at line 141
              instantiation of "void causal_conv1d_fwd_launch<kNThreads,kWidth,input_t,weight_t>(ConvParamsBase &, cudaStream_t) [with kNThreads=128, kWidth=4, input_t=c10::BFloat16, weight_t=c10::Half]" at line 165
              instantiation of "void causal_conv1d_fwd_cuda<input_t,weight_t>(ConvParamsBase &, cudaStream_t) [with input_t=c10::BFloat16, weight_t=c10::Half]" at line 385

  D:\antigravity\bridge2-nn\causal-conv1d-repo\csrc\causal_conv1d_fwd.cu(58): warning #177-D: variable "smem_load" was declared but never referenced
        auto& smem_load = reinterpret_cast<typename Ktraits::BlockLoadT::TempStorage&>(smem_);
              ^
            detected during:
              instantiation of "void causal_conv1d_fwd_kernel<Ktraits>(ConvParamsBase) [with Ktraits=Causal_conv1d_fwd_kernel_traits<128, 2, true, float, c10::BFloat16>]" at line 141
              instantiation of "void causal_conv1d_fwd_launch<kNThreads,kWidth,input_t,weight_t>(ConvParamsBase &, cudaStream_t) [with kNThreads=128, kWidth=2, input_t=float, weight_t=c10::BFloat16]" at line 161
              instantiation of "void causal_conv1d_fwd_cuda<input_t,weight_t>(ConvParamsBase &, cudaStream_t) [with input_t=float, weight_t=c10::BFloat16]" at line 386

  D:\antigravity\bridge2-nn\causal-conv1d-repo\csrc\causal_conv1d_fwd.cu(60): warning #177-D: variable "smem_store" was declared but never referenced
        auto& smem_store = reinterpret_cast<typename Ktraits::BlockStoreT::TempStorage&>(smem_);
              ^
            detected during:
              instantiation of "void causal_conv1d_fwd_kernel<Ktraits>(ConvParamsBase) [with Ktraits=Causal_conv1d_fwd_kernel_traits<128, 2, true, float, c10::BFloat16>]" at line 141
              instantiation of "void causal_conv1d_fwd_launch<kNThreads,kWidth,input_t,weight_t>(ConvParamsBase &, cudaStream_t) [with kNThreads=128, kWidth=2, input_t=float, weight_t=c10::BFloat16]" at line 161
              instantiation of "void causal_conv1d_fwd_cuda<input_t,weight_t>(ConvParamsBase &, cudaStream_t) [with input_t=float, weight_t=c10::BFloat16]" at line 386

  D:\antigravity\bridge2-nn\causal-conv1d-repo\csrc\causal_conv1d_fwd.cu(59): warning #177-D: variable "smem_load_vec" was declared but never referenced
        auto& smem_load_vec = reinterpret_cast<typename Ktraits::BlockLoadVecT::TempStorage&>(smem_);
              ^
            detected during:
              instantiation of "void causal_conv1d_fwd_kernel<Ktraits>(ConvParamsBase) [with Ktraits=Causal_conv1d_fwd_kernel_traits<128, 2, false, float, c10::BFloat16>]" at line 141
              instantiation of "void causal_conv1d_fwd_launch<kNThreads,kWidth,input_t,weight_t>(ConvParamsBase &, cudaStream_t) [with kNThreads=128, kWidth=2, input_t=float, weight_t=c10::BFloat16]" at line 161
              instantiation of "void causal_conv1d_fwd_cuda<input_t,weight_t>(ConvParamsBase &, cudaStream_t) [with input_t=float, weight_t=c10::BFloat16]" at line 386

  D:\antigravity\bridge2-nn\causal-conv1d-repo\csrc\causal_conv1d_fwd.cu(61): warning #177-D: variable "smem_store_vec" was declared but never referenced
        auto& smem_store_vec = reinterpret_cast<typename Ktraits::BlockStoreVecT::TempStorage&>(smem_);
              ^
            detected during:
              instantiation of "void causal_conv1d_fwd_kernel<Ktraits>(ConvParamsBase) [with Ktraits=Causal_conv1d_fwd_kernel_traits<128, 2, false, float, c10::BFloat16>]" at line 141
              instantiation of "void causal_conv1d_fwd_launch<kNThreads,kWidth,input_t,weight_t>(ConvParamsBase &, cudaStream_t) [with kNThreads=128, kWidth=2, input_t=float, weight_t=c10::BFloat16]" at line 161
              instantiation of "void causal_conv1d_fwd_cuda<input_t,weight_t>(ConvParamsBase &, cudaStream_t) [with input_t=float, weight_t=c10::BFloat16]" at line 386

  D:\antigravity\bridge2-nn\causal-conv1d-repo\csrc\causal_conv1d_fwd.cu(58): warning #177-D: variable "smem_load" was declared but never referenced
        auto& smem_load = reinterpret_cast<typename Ktraits::BlockLoadT::TempStorage&>(smem_);
              ^
            detected during:
              instantiation of "void causal_conv1d_fwd_kernel<Ktraits>(ConvParamsBase) [with Ktraits=Causal_conv1d_fwd_kernel_traits<128, 3, true, float, c10::BFloat16>]" at line 141
              instantiation of "void causal_conv1d_fwd_launch<kNThreads,kWidth,input_t,weight_t>(ConvParamsBase &, cudaStream_t) [with kNThreads=128, kWidth=3, input_t=float, weight_t=c10::BFloat16]" at line 163
              instantiation of "void causal_conv1d_fwd_cuda<input_t,weight_t>(ConvParamsBase &, cudaStream_t) [with input_t=float, weight_t=c10::BFloat16]" at line 386

  D:\antigravity\bridge2-nn\causal-conv1d-repo\csrc\causal_conv1d_fwd.cu(60): warning #177-D: variable "smem_store" was declared but never referenced
        auto& smem_store = reinterpret_cast<typename Ktraits::BlockStoreT::TempStorage&>(smem_);
              ^
            detected during:
              instantiation of "void causal_conv1d_fwd_kernel<Ktraits>(ConvParamsBase) [with Ktraits=Causal_conv1d_fwd_kernel_traits<128, 3, true, float, c10::BFloat16>]" at line 141
              instantiation of "void causal_conv1d_fwd_launch<kNThreads,kWidth,input_t,weight_t>(ConvParamsBase &, cudaStream_t) [with kNThreads=128, kWidth=3, input_t=float, weight_t=c10::BFloat16]" at line 163
              instantiation of "void causal_conv1d_fwd_cuda<input_t,weight_t>(ConvParamsBase &, cudaStream_t) [with input_t=float, weight_t=c10::BFloat16]" at line 386

  D:\antigravity\bridge2-nn\causal-conv1d-repo\csrc\causal_conv1d_fwd.cu(59): warning #177-D: variable "smem_load_vec" was declared but never referenced
        auto& smem_load_vec = reinterpret_cast<typename Ktraits::BlockLoadVecT::TempStorage&>(smem_);
              ^
            detected during:
              instantiation of "void causal_conv1d_fwd_kernel<Ktraits>(ConvParamsBase) [with Ktraits=Causal_conv1d_fwd_kernel_traits<128, 3, false, float, c10::BFloat16>]" at line 141
              instantiation of "void causal_conv1d_fwd_launch<kNThreads,kWidth,input_t,weight_t>(ConvParamsBase &, cudaStream_t) [with kNThreads=128, kWidth=3, input_t=float, weight_t=c10::BFloat16]" at line 163
              instantiation of "void causal_conv1d_fwd_cuda<input_t,weight_t>(ConvParamsBase &, cudaStream_t) [with input_t=float, weight_t=c10::BFloat16]" at line 386

  D:\antigravity\bridge2-nn\causal-conv1d-repo\csrc\causal_conv1d_fwd.cu(61): warning #177-D: variable "smem_store_vec" was declared but never referenced
        auto& smem_store_vec = reinterpret_cast<typename Ktraits::BlockStoreVecT::TempStorage&>(smem_);
              ^
            detected during:
              instantiation of "void causal_conv1d_fwd_kernel<Ktraits>(ConvParamsBase) [with Ktraits=Causal_conv1d_fwd_kernel_traits<128, 3, false, float, c10::BFloat16>]" at line 141
              instantiation of "void causal_conv1d_fwd_launch<kNThreads,kWidth,input_t,weight_t>(ConvParamsBase &, cudaStream_t) [with kNThreads=128, kWidth=3, input_t=float, weight_t=c10::BFloat16]" at line 163
              instantiation of "void causal_conv1d_fwd_cuda<input_t,weight_t>(ConvParamsBase &, cudaStream_t) [with input_t=float, weight_t=c10::BFloat16]" at line 386

  D:\antigravity\bridge2-nn\causal-conv1d-repo\csrc\causal_conv1d_fwd.cu(58): warning #177-D: variable "smem_load" was declared but never referenced
        auto& smem_load = reinterpret_cast<typename Ktraits::BlockLoadT::TempStorage&>(smem_);
              ^
            detected during:
              instantiation of "void causal_conv1d_fwd_kernel<Ktraits>(ConvParamsBase) [with Ktraits=Causal_conv1d_fwd_kernel_traits<128, 4, true, float, c10::BFloat16>]" at line 141
              instantiation of "void causal_conv1d_fwd_launch<kNThreads,kWidth,input_t,weight_t>(ConvParamsBase &, cudaStream_t) [with kNThreads=128, kWidth=4, input_t=float, weight_t=c10::BFloat16]" at line 165
              instantiation of "void causal_conv1d_fwd_cuda<input_t,weight_t>(ConvParamsBase &, cudaStream_t) [with input_t=float, weight_t=c10::BFloat16]" at line 386

  D:\antigravity\bridge2-nn\causal-conv1d-repo\csrc\causal_conv1d_fwd.cu(60): warning #177-D: variable "smem_store" was declared but never referenced
        auto& smem_store = reinterpret_cast<typename Ktraits::BlockStoreT::TempStorage&>(smem_);
              ^
            detected during:
              instantiation of "void causal_conv1d_fwd_kernel<Ktraits>(ConvParamsBase) [with Ktraits=Causal_conv1d_fwd_kernel_traits<128, 4, true, float, c10::BFloat16>]" at line 141
              instantiation of "void causal_conv1d_fwd_launch<kNThreads,kWidth,input_t,weight_t>(ConvParamsBase &, cudaStream_t) [with kNThreads=128, kWidth=4, input_t=float, weight_t=c10::BFloat16]" at line 165
              instantiation of "void causal_conv1d_fwd_cuda<input_t,weight_t>(ConvParamsBase &, cudaStream_t) [with input_t=float, weight_t=c10::BFloat16]" at line 386

  D:\antigravity\bridge2-nn\causal-conv1d-repo\csrc\causal_conv1d_fwd.cu(59): warning #177-D: variable "smem_load_vec" was declared but never referenced
        auto& smem_load_vec = reinterpret_cast<typename Ktraits::BlockLoadVecT::TempStorage&>(smem_);
              ^
            detected during:
              instantiation of "void causal_conv1d_fwd_kernel<Ktraits>(ConvParamsBase) [with Ktraits=Causal_conv1d_fwd_kernel_traits<128, 4, false, float, c10::BFloat16>]" at line 141
              instantiation of "void causal_conv1d_fwd_launch<kNThreads,kWidth,input_t,weight_t>(ConvParamsBase &, cudaStream_t) [with kNThreads=128, kWidth=4, input_t=float, weight_t=c10::BFloat16]" at line 165
              instantiation of "void causal_conv1d_fwd_cuda<input_t,weight_t>(ConvParamsBase &, cudaStream_t) [with input_t=float, weight_t=c10::BFloat16]" at line 386

  D:\antigravity\bridge2-nn\causal-conv1d-repo\csrc\causal_conv1d_fwd.cu(61): warning #177-D: variable "smem_store_vec" was declared but never referenced
        auto& smem_store_vec = reinterpret_cast<typename Ktraits::BlockStoreVecT::TempStorage&>(smem_);
              ^
            detected during:
              instantiation of "void causal_conv1d_fwd_kernel<Ktraits>(ConvParamsBase) [with Ktraits=Causal_conv1d_fwd_kernel_traits<128, 4, false, float, c10::BFloat16>]" at line 141
              instantiation of "void causal_conv1d_fwd_launch<kNThreads,kWidth,input_t,weight_t>(ConvParamsBase &, cudaStream_t) [with kNThreads=128, kWidth=4, input_t=float, weight_t=c10::BFloat16]" at line 165
              instantiation of "void causal_conv1d_fwd_cuda<input_t,weight_t>(ConvParamsBase &, cudaStream_t) [with input_t=float, weight_t=c10::BFloat16]" at line 386

  D:\antigravity\bridge2-nn\causal-conv1d-repo\csrc\causal_conv1d_fwd.cu(58): warning #177-D: variable "smem_load" was declared but never referenced
        auto& smem_load = reinterpret_cast<typename Ktraits::BlockLoadT::TempStorage&>(smem_);
              ^
            detected during:
              instantiation of "void causal_conv1d_fwd_kernel<Ktraits>(ConvParamsBase) [with Ktraits=Causal_conv1d_fwd_kernel_traits<128, 2, true, c10::Half, c10::BFloat16>]" at line 141
              instantiation of "void causal_conv1d_fwd_launch<kNThreads,kWidth,input_t,weight_t>(ConvParamsBase &, cudaStream_t) [with kNThreads=128, kWidth=2, input_t=c10::Half, weight_t=c10::BFloat16]" at line 161
              instantiation of "void causal_conv1d_fwd_cuda<input_t,weight_t>(ConvParamsBase &, cudaStream_t) [with input_t=c10::Half, weight_t=c10::BFloat16]" at line 387

  D:\antigravity\bridge2-nn\causal-conv1d-repo\csrc\causal_conv1d_fwd.cu(60): warning #177-D: variable "smem_store" was declared but never referenced
        auto& smem_store = reinterpret_cast<typename Ktraits::BlockStoreT::TempStorage&>(smem_);
              ^
            detected during:
              instantiation of "void causal_conv1d_fwd_kernel<Ktraits>(ConvParamsBase) [with Ktraits=Causal_conv1d_fwd_kernel_traits<128, 2, true, c10::Half, c10::BFloat16>]" at line 141
              instantiation of "void causal_conv1d_fwd_launch<kNThreads,kWidth,input_t,weight_t>(ConvParamsBase &, cudaStream_t) [with kNThreads=128, kWidth=2, input_t=c10::Half, weight_t=c10::BFloat16]" at line 161
              instantiation of "void causal_conv1d_fwd_cuda<input_t,weight_t>(ConvParamsBase &, cudaStream_t) [with input_t=c10::Half, weight_t=c10::BFloat16]" at line 387

  D:\antigravity\bridge2-nn\causal-conv1d-repo\csrc\causal_conv1d_fwd.cu(59): warning #177-D: variable "smem_load_vec" was declared but never referenced
        auto& smem_load_vec = reinterpret_cast<typename Ktraits::BlockLoadVecT::TempStorage&>(smem_);
              ^
            detected during:
              instantiation of "void causal_conv1d_fwd_kernel<Ktraits>(ConvParamsBase) [with Ktraits=Causal_conv1d_fwd_kernel_traits<128, 2, false, c10::Half, c10::BFloat16>]" at line 141
              instantiation of "void causal_conv1d_fwd_launch<kNThreads,kWidth,input_t,weight_t>(ConvParamsBase &, cudaStream_t) [with kNThreads=128, kWidth=2, input_t=c10::Half, weight_t=c10::BFloat16]" at line 161
              instantiation of "void causal_conv1d_fwd_cuda<input_t,weight_t>(ConvParamsBase &, cudaStream_t) [with input_t=c10::Half, weight_t=c10::BFloat16]" at line 387

  D:\antigravity\bridge2-nn\causal-conv1d-repo\csrc\causal_conv1d_fwd.cu(61): warning #177-D: variable "smem_store_vec" was declared but never referenced
        auto& smem_store_vec = reinterpret_cast<typename Ktraits::BlockStoreVecT::TempStorage&>(smem_);
              ^
            detected during:
              instantiation of "void causal_conv1d_fwd_kernel<Ktraits>(ConvParamsBase) [with Ktraits=Causal_conv1d_fwd_kernel_traits<128, 2, false, c10::Half, c10::BFloat16>]" at line 141
              instantiation of "void causal_conv1d_fwd_launch<kNThreads,kWidth,input_t,weight_t>(ConvParamsBase &, cudaStream_t) [with kNThreads=128, kWidth=2, input_t=c10::Half, weight_t=c10::BFloat16]" at line 161
              instantiation of "void causal_conv1d_fwd_cuda<input_t,weight_t>(ConvParamsBase &, cudaStream_t) [with input_t=c10::Half, weight_t=c10::BFloat16]" at line 387

  D:\antigravity\bridge2-nn\causal-conv1d-repo\csrc\causal_conv1d_fwd.cu(58): warning #177-D: variable "smem_load" was declared but never referenced
        auto& smem_load = reinterpret_cast<typename Ktraits::BlockLoadT::TempStorage&>(smem_);
              ^
            detected during:
              instantiation of "void causal_conv1d_fwd_kernel<Ktraits>(ConvParamsBase) [with Ktraits=Causal_conv1d_fwd_kernel_traits<128, 3, true, c10::Half, c10::BFloat16>]" at line 141
              instantiation of "void causal_conv1d_fwd_launch<kNThreads,kWidth,input_t,weight_t>(ConvParamsBase &, cudaStream_t) [with kNThreads=128, kWidth=3, input_t=c10::Half, weight_t=c10::BFloat16]" at line 163
              instantiation of "void causal_conv1d_fwd_cuda<input_t,weight_t>(ConvParamsBase &, cudaStream_t) [with input_t=c10::Half, weight_t=c10::BFloat16]" at line 387

  D:\antigravity\bridge2-nn\causal-conv1d-repo\csrc\causal_conv1d_fwd.cu(60): warning #177-D: variable "smem_store" was declared but never referenced
        auto& smem_store = reinterpret_cast<typename Ktraits::BlockStoreT::TempStorage&>(smem_);
              ^
            detected during:
              instantiation of "void causal_conv1d_fwd_kernel<Ktraits>(ConvParamsBase) [with Ktraits=Causal_conv1d_fwd_kernel_traits<128, 3, true, c10::Half, c10::BFloat16>]" at line 141
              instantiation of "void causal_conv1d_fwd_launch<kNThreads,kWidth,input_t,weight_t>(ConvParamsBase &, cudaStream_t) [with kNThreads=128, kWidth=3, input_t=c10::Half, weight_t=c10::BFloat16]" at line 163
              instantiation of "void causal_conv1d_fwd_cuda<input_t,weight_t>(ConvParamsBase &, cudaStream_t) [with input_t=c10::Half, weight_t=c10::BFloat16]" at line 387

  D:\antigravity\bridge2-nn\causal-conv1d-repo\csrc\causal_conv1d_fwd.cu(59): warning #177-D: variable "smem_load_vec" was declared but never referenced
        auto& smem_load_vec = reinterpret_cast<typename Ktraits::BlockLoadVecT::TempStorage&>(smem_);
              ^
            detected during:
              instantiation of "void causal_conv1d_fwd_kernel<Ktraits>(ConvParamsBase) [with Ktraits=Causal_conv1d_fwd_kernel_traits<128, 3, false, c10::Half, c10::BFloat16>]" at line 141
              instantiation of "void causal_conv1d_fwd_launch<kNThreads,kWidth,input_t,weight_t>(ConvParamsBase &, cudaStream_t) [with kNThreads=128, kWidth=3, input_t=c10::Half, weight_t=c10::BFloat16]" at line 163
              instantiation of "void causal_conv1d_fwd_cuda<input_t,weight_t>(ConvParamsBase &, cudaStream_t) [with input_t=c10::Half, weight_t=c10::BFloat16]" at line 387

  D:\antigravity\bridge2-nn\causal-conv1d-repo\csrc\causal_conv1d_fwd.cu(61): warning #177-D: variable "smem_store_vec" was declared but never referenced
        auto& smem_store_vec = reinterpret_cast<typename Ktraits::BlockStoreVecT::TempStorage&>(smem_);
              ^
            detected during:
              instantiation of "void causal_conv1d_fwd_kernel<Ktraits>(ConvParamsBase) [with Ktraits=Causal_conv1d_fwd_kernel_traits<128, 3, false, c10::Half, c10::BFloat16>]" at line 141
              instantiation of "void causal_conv1d_fwd_launch<kNThreads,kWidth,input_t,weight_t>(ConvParamsBase &, cudaStream_t) [with kNThreads=128, kWidth=3, input_t=c10::Half, weight_t=c10::BFloat16]" at line 163
              instantiation of "void causal_conv1d_fwd_cuda<input_t,weight_t>(ConvParamsBase &, cudaStream_t) [with input_t=c10::Half, weight_t=c10::BFloat16]" at line 387

  D:\antigravity\bridge2-nn\causal-conv1d-repo\csrc\causal_conv1d_fwd.cu(58): warning #177-D: variable "smem_load" was declared but never referenced
        auto& smem_load = reinterpret_cast<typename Ktraits::BlockLoadT::TempStorage&>(smem_);
              ^
            detected during:
              instantiation of "void causal_conv1d_fwd_kernel<Ktraits>(ConvParamsBase) [with Ktraits=Causal_conv1d_fwd_kernel_traits<128, 4, true, c10::Half, c10::BFloat16>]" at line 141
              instantiation of "void causal_conv1d_fwd_launch<kNThreads,kWidth,input_t,weight_t>(ConvParamsBase &, cudaStream_t) [with kNThreads=128, kWidth=4, input_t=c10::Half, weight_t=c10::BFloat16]" at line 165
              instantiation of "void causal_conv1d_fwd_cuda<input_t,weight_t>(ConvParamsBase &, cudaStream_t) [with input_t=c10::Half, weight_t=c10::BFloat16]" at line 387

  D:\antigravity\bridge2-nn\causal-conv1d-repo\csrc\causal_conv1d_fwd.cu(60): warning #177-D: variable "smem_store" was declared but never referenced
        auto& smem_store = reinterpret_cast<typename Ktraits::BlockStoreT::TempStorage&>(smem_);
              ^
            detected during:
              instantiation of "void causal_conv1d_fwd_kernel<Ktraits>(ConvParamsBase) [with Ktraits=Causal_conv1d_fwd_kernel_traits<128, 4, true, c10::Half, c10::BFloat16>]" at line 141
              instantiation of "void causal_conv1d_fwd_launch<kNThreads,kWidth,input_t,weight_t>(ConvParamsBase &, cudaStream_t) [with kNThreads=128, kWidth=4, input_t=c10::Half, weight_t=c10::BFloat16]" at line 165
              instantiation of "void causal_conv1d_fwd_cuda<input_t,weight_t>(ConvParamsBase &, cudaStream_t) [with input_t=c10::Half, weight_t=c10::BFloat16]" at line 387

  D:\antigravity\bridge2-nn\causal-conv1d-repo\csrc\causal_conv1d_fwd.cu(59): warning #177-D: variable "smem_load_vec" was declared but never referenced
        auto& smem_load_vec = reinterpret_cast<typename Ktraits::BlockLoadVecT::TempStorage&>(smem_);
              ^
            detected during:
              instantiation of "void causal_conv1d_fwd_kernel<Ktraits>(ConvParamsBase) [with Ktraits=Causal_conv1d_fwd_kernel_traits<128, 4, false, c10::Half, c10::BFloat16>]" at line 141
              instantiation of "void causal_conv1d_fwd_launch<kNThreads,kWidth,input_t,weight_t>(ConvParamsBase &, cudaStream_t) [with kNThreads=128, kWidth=4, input_t=c10::Half, weight_t=c10::BFloat16]" at line 165
              instantiation of "void causal_conv1d_fwd_cuda<input_t,weight_t>(ConvParamsBase &, cudaStream_t) [with input_t=c10::Half, weight_t=c10::BFloat16]" at line 387

  D:\antigravity\bridge2-nn\causal-conv1d-repo\csrc\causal_conv1d_fwd.cu(61): warning #177-D: variable "smem_store_vec" was declared but never referenced
        auto& smem_store_vec = reinterpret_cast<typename Ktraits::BlockStoreVecT::TempStorage&>(smem_);
              ^
            detected during:
              instantiation of "void causal_conv1d_fwd_kernel<Ktraits>(ConvParamsBase) [with Ktraits=Causal_conv1d_fwd_kernel_traits<128, 4, false, c10::Half, c10::BFloat16>]" at line 141
              instantiation of "void causal_conv1d_fwd_launch<kNThreads,kWidth,input_t,weight_t>(ConvParamsBase &, cudaStream_t) [with kNThreads=128, kWidth=4, input_t=c10::Half, weight_t=c10::BFloat16]" at line 165
              instantiation of "void causal_conv1d_fwd_cuda<input_t,weight_t>(ConvParamsBase &, cudaStream_t) [with input_t=c10::Half, weight_t=c10::BFloat16]" at line 387

  D:\antigravity\bridge2-nn\causal-conv1d-repo\csrc\causal_conv1d_fwd.cu(58): warning #177-D: variable "smem_load" was declared but never referenced
        auto& smem_load = reinterpret_cast<typename Ktraits::BlockLoadT::TempStorage&>(smem_);
              ^
            detected during:
              instantiation of "void causal_conv1d_fwd_kernel<Ktraits>(ConvParamsBase) [with Ktraits=Causal_conv1d_fwd_kernel_traits<128, 2, true, c10::BFloat16, c10::BFloat16>]" at line 141
              instantiation of "void causal_conv1d_fwd_launch<kNThreads,kWidth,input_t,weight_t>(ConvParamsBase &, cudaStream_t) [with kNThreads=128, kWidth=2, input_t=c10::BFloat16, weight_t=c10::BFloat16]" at line 161
              instantiation of "void causal_conv1d_fwd_cuda<input_t,weight_t>(ConvParamsBase &, cudaStream_t) [with input_t=c10::BFloat16, weight_t=c10::BFloat16]" at line 388

  D:\antigravity\bridge2-nn\causal-conv1d-repo\csrc\causal_conv1d_fwd.cu(60): warning #177-D: variable "smem_store" was declared but never referenced
        auto& smem_store = reinterpret_cast<typename Ktraits::BlockStoreT::TempStorage&>(smem_);
              ^
            detected during:
              instantiation of "void causal_conv1d_fwd_kernel<Ktraits>(ConvParamsBase) [with Ktraits=Causal_conv1d_fwd_kernel_traits<128, 2, true, c10::BFloat16, c10::BFloat16>]" at line 141
              instantiation of "void causal_conv1d_fwd_launch<kNThreads,kWidth,input_t,weight_t>(ConvParamsBase &, cudaStream_t) [with kNThreads=128, kWidth=2, input_t=c10::BFloat16, weight_t=c10::BFloat16]" at line 161
              instantiation of "void causal_conv1d_fwd_cuda<input_t,weight_t>(ConvParamsBase &, cudaStream_t) [with input_t=c10::BFloat16, weight_t=c10::BFloat16]" at line 388

  D:\antigravity\bridge2-nn\causal-conv1d-repo\csrc\causal_conv1d_fwd.cu(59): warning #177-D: variable "smem_load_vec" was declared but never referenced
        auto& smem_load_vec = reinterpret_cast<typename Ktraits::BlockLoadVecT::TempStorage&>(smem_);
              ^
            detected during:
              instantiation of "void causal_conv1d_fwd_kernel<Ktraits>(ConvParamsBase) [with Ktraits=Causal_conv1d_fwd_kernel_traits<128, 2, false, c10::BFloat16, c10::BFloat16>]" at line 141
              instantiation of "void causal_conv1d_fwd_launch<kNThreads,kWidth,input_t,weight_t>(ConvParamsBase &, cudaStream_t) [with kNThreads=128, kWidth=2, input_t=c10::BFloat16, weight_t=c10::BFloat16]" at line 161
              instantiation of "void causal_conv1d_fwd_cuda<input_t,weight_t>(ConvParamsBase &, cudaStream_t) [with input_t=c10::BFloat16, weight_t=c10::BFloat16]" at line 388

  D:\antigravity\bridge2-nn\causal-conv1d-repo\csrc\causal_conv1d_fwd.cu(61): warning #177-D: variable "smem_store_vec" was declared but never referenced
        auto& smem_store_vec = reinterpret_cast<typename Ktraits::BlockStoreVecT::TempStorage&>(smem_);
              ^
            detected during:
              instantiation of "void causal_conv1d_fwd_kernel<Ktraits>(ConvParamsBase) [with Ktraits=Causal_conv1d_fwd_kernel_traits<128, 2, false, c10::BFloat16, c10::BFloat16>]" at line 141
              instantiation of "void causal_conv1d_fwd_launch<kNThreads,kWidth,input_t,weight_t>(ConvParamsBase &, cudaStream_t) [with kNThreads=128, kWidth=2, input_t=c10::BFloat16, weight_t=c10::BFloat16]" at line 161
              instantiation of "void causal_conv1d_fwd_cuda<input_t,weight_t>(ConvParamsBase &, cudaStream_t) [with input_t=c10::BFloat16, weight_t=c10::BFloat16]" at line 388

  D:\antigravity\bridge2-nn\causal-conv1d-repo\csrc\causal_conv1d_fwd.cu(58): warning #177-D: variable "smem_load" was declared but never referenced
        auto& smem_load = reinterpret_cast<typename Ktraits::BlockLoadT::TempStorage&>(smem_);
              ^
            detected during:
              instantiation of "void causal_conv1d_fwd_kernel<Ktraits>(ConvParamsBase) [with Ktraits=Causal_conv1d_fwd_kernel_traits<128, 3, true, c10::BFloat16, c10::BFloat16>]" at line 141
              instantiation of "void causal_conv1d_fwd_launch<kNThreads,kWidth,input_t,weight_t>(ConvParamsBase &, cudaStream_t) [with kNThreads=128, kWidth=3, input_t=c10::BFloat16, weight_t=c10::BFloat16]" at line 163
              instantiation of "void causal_conv1d_fwd_cuda<input_t,weight_t>(ConvParamsBase &, cudaStream_t) [with input_t=c10::BFloat16, weight_t=c10::BFloat16]" at line 388

  D:\antigravity\bridge2-nn\causal-conv1d-repo\csrc\causal_conv1d_fwd.cu(60): warning #177-D: variable "smem_store" was declared but never referenced
        auto& smem_store = reinterpret_cast<typename Ktraits::BlockStoreT::TempStorage&>(smem_);
              ^
            detected during:
              instantiation of "void causal_conv1d_fwd_kernel<Ktraits>(ConvParamsBase) [with Ktraits=Causal_conv1d_fwd_kernel_traits<128, 3, true, c10::BFloat16, c10::BFloat16>]" at line 141
              instantiation of "void causal_conv1d_fwd_launch<kNThreads,kWidth,input_t,weight_t>(ConvParamsBase &, cudaStream_t) [with kNThreads=128, kWidth=3, input_t=c10::BFloat16, weight_t=c10::BFloat16]" at line 163
              instantiation of "void causal_conv1d_fwd_cuda<input_t,weight_t>(ConvParamsBase &, cudaStream_t) [with input_t=c10::BFloat16, weight_t=c10::BFloat16]" at line 388

  D:\antigravity\bridge2-nn\causal-conv1d-repo\csrc\causal_conv1d_fwd.cu(59): warning #177-D: variable "smem_load_vec" was declared but never referenced
        auto& smem_load_vec = reinterpret_cast<typename Ktraits::BlockLoadVecT::TempStorage&>(smem_);
              ^
            detected during:
              instantiation of "void causal_conv1d_fwd_kernel<Ktraits>(ConvParamsBase) [with Ktraits=Causal_conv1d_fwd_kernel_traits<128, 3, false, c10::BFloat16, c10::BFloat16>]" at line 141
              instantiation of "void causal_conv1d_fwd_launch<kNThreads,kWidth,input_t,weight_t>(ConvParamsBase &, cudaStream_t) [with kNThreads=128, kWidth=3, input_t=c10::BFloat16, weight_t=c10::BFloat16]" at line 163
              instantiation of "void causal_conv1d_fwd_cuda<input_t,weight_t>(ConvParamsBase &, cudaStream_t) [with input_t=c10::BFloat16, weight_t=c10::BFloat16]" at line 388

  D:\antigravity\bridge2-nn\causal-conv1d-repo\csrc\causal_conv1d_fwd.cu(61): warning #177-D: variable "smem_store_vec" was declared but never referenced
        auto& smem_store_vec = reinterpret_cast<typename Ktraits::BlockStoreVecT::TempStorage&>(smem_);
              ^
            detected during:
              instantiation of "void causal_conv1d_fwd_kernel<Ktraits>(ConvParamsBase) [with Ktraits=Causal_conv1d_fwd_kernel_traits<128, 3, false, c10::BFloat16, c10::BFloat16>]" at line 141
              instantiation of "void causal_conv1d_fwd_launch<kNThreads,kWidth,input_t,weight_t>(ConvParamsBase &, cudaStream_t) [with kNThreads=128, kWidth=3, input_t=c10::BFloat16, weight_t=c10::BFloat16]" at line 163
              instantiation of "void causal_conv1d_fwd_cuda<input_t,weight_t>(ConvParamsBase &, cudaStream_t) [with input_t=c10::BFloat16, weight_t=c10::BFloat16]" at line 388

  D:\antigravity\bridge2-nn\causal-conv1d-repo\csrc\causal_conv1d_fwd.cu(58): warning #177-D: variable "smem_load" was declared but never referenced
        auto& smem_load = reinterpret_cast<typename Ktraits::BlockLoadT::TempStorage&>(smem_);
              ^
            detected during:
              instantiation of "void causal_conv1d_fwd_kernel<Ktraits>(ConvParamsBase) [with Ktraits=Causal_conv1d_fwd_kernel_traits<128, 4, true, c10::BFloat16, c10::BFloat16>]" at line 141
              instantiation of "void causal_conv1d_fwd_launch<kNThreads,kWidth,input_t,weight_t>(ConvParamsBase &, cudaStream_t) [with kNThreads=128, kWidth=4, input_t=c10::BFloat16, weight_t=c10::BFloat16]" at line 165
              instantiation of "void causal_conv1d_fwd_cuda<input_t,weight_t>(ConvParamsBase &, cudaStream_t) [with input_t=c10::BFloat16, weight_t=c10::BFloat16]" at line 388

  D:\antigravity\bridge2-nn\causal-conv1d-repo\csrc\causal_conv1d_fwd.cu(60): warning #177-D: variable "smem_store" was declared but never referenced
        auto& smem_store = reinterpret_cast<typename Ktraits::BlockStoreT::TempStorage&>(smem_);
              ^
            detected during:
              instantiation of "void causal_conv1d_fwd_kernel<Ktraits>(ConvParamsBase) [with Ktraits=Causal_conv1d_fwd_kernel_traits<128, 4, true, c10::BFloat16, c10::BFloat16>]" at line 141
              instantiation of "void causal_conv1d_fwd_launch<kNThreads,kWidth,input_t,weight_t>(ConvParamsBase &, cudaStream_t) [with kNThreads=128, kWidth=4, input_t=c10::BFloat16, weight_t=c10::BFloat16]" at line 165
              instantiation of "void causal_conv1d_fwd_cuda<input_t,weight_t>(ConvParamsBase &, cudaStream_t) [with input_t=c10::BFloat16, weight_t=c10::BFloat16]" at line 388

  D:\antigravity\bridge2-nn\causal-conv1d-repo\csrc\causal_conv1d_fwd.cu(59): warning #177-D: variable "smem_load_vec" was declared but never referenced
        auto& smem_load_vec = reinterpret_cast<typename Ktraits::BlockLoadVecT::TempStorage&>(smem_);
              ^
            detected during:
              instantiation of "void causal_conv1d_fwd_kernel<Ktraits>(ConvParamsBase) [with Ktraits=Causal_conv1d_fwd_kernel_traits<128, 4, false, c10::BFloat16, c10::BFloat16>]" at line 141
              instantiation of "void causal_conv1d_fwd_launch<kNThreads,kWidth,input_t,weight_t>(ConvParamsBase &, cudaStream_t) [with kNThreads=128, kWidth=4, input_t=c10::BFloat16, weight_t=c10::BFloat16]" at line 165
              instantiation of "void causal_conv1d_fwd_cuda<input_t,weight_t>(ConvParamsBase &, cudaStream_t) [with input_t=c10::BFloat16, weight_t=c10::BFloat16]" at line 388

  D:\antigravity\bridge2-nn\causal-conv1d-repo\csrc\causal_conv1d_fwd.cu(61): warning #177-D: variable "smem_store_vec" was declared but never referenced
        auto& smem_store_vec = reinterpret_cast<typename Ktraits::BlockStoreVecT::TempStorage&>(smem_);
              ^
            detected during:
              instantiation of "void causal_conv1d_fwd_kernel<Ktraits>(ConvParamsBase) [with Ktraits=Causal_conv1d_fwd_kernel_traits<128, 4, false, c10::BFloat16, c10::BFloat16>]" at line 141
              instantiation of "void causal_conv1d_fwd_launch<kNThreads,kWidth,input_t,weight_t>(ConvParamsBase &, cudaStream_t) [with kNThreads=128, kWidth=4, input_t=c10::BFloat16, weight_t=c10::BFloat16]" at line 165
              instantiation of "void causal_conv1d_fwd_cuda<input_t,weight_t>(ConvParamsBase &, cudaStream_t) [with input_t=c10::BFloat16, weight_t=c10::BFloat16]" at line 388

  D:\antigravity\bridge2-nn\causal-conv1d-repo\csrc\causal_conv1d_fwd.cu(208): warning #177-D: variable "kNWarp" was declared but never referenced
        constexpr int kNWarp = Ktraits::kNWarps;
                      ^
            detected during:
              instantiation of "void causal_conv1d_channellast_fwd_kernel<Ktraits,kHasSeqIdx>(ConvParamsBase) [with Ktraits=Causal_conv1d_channellast_fwd_kernel_traits<128, 2, 64, true, float, float>, kHasSeqIdx=true]" at line 349
              instantiation of "void causal_conv1d_channellast_fwd_launch<kNThreads,kWidth,input_t,weight_t>(ConvParamsBase &, cudaStream_t) [with kNThreads=128, kWidth=2, input_t=float, weight_t=float]" at line 372
              instantiation of "void causal_conv1d_channellast_fwd_cuda<input_t,weight_t>(ConvParamsBase &, cudaStream_t) [with input_t=float, weight_t=float]" at line 390

  D:\antigravity\bridge2-nn\causal-conv1d-repo\csrc\causal_conv1d_fwd.cu(349): warning #177-D: variable "block" was declared but never referenced
        [&] { if (params.seq_idx_ptr != nullptr) { static constexpr bool kHasSeqIdx = true; return [&] { using Ktraits = Causal_conv1d_channellast_fwd_kernel_traits<kNThreads, kWidth, 64, true, input_t, weight_t>; constexpr int kChunkSizeL = Ktraits::kChunkSizeL; constexpr int kChunkSizeC = Ktraits::kNEltsPerRow; const int n_chunks_L = (params.seqlen + kChunkSizeL - 1) / kChunkSizeL; const int n_chunks_C = (params.dim + kChunkSizeC - 1) / kChunkSizeC; dim3 grid(params.batch, n_chunks_L, n_chunks_C); dim3 block(Ktraits::kNThreads); auto kernel = &causal_conv1d_channellast_fwd_kernel<Ktraits, kHasSeqIdx>; kernel<<<grid, Ktraits::kNThreads, 0, stream>>>(params); do { const cudaError_t __err = cudaGetLastError(); c10::cuda::c10_cuda_check_implementation( static_cast<int32_t>(__err), "D:\\antigravity\\bridge2-nn\\causal-conv1d-repo\\csrc\\causal_conv1d_fwd.cu", __func__, static_cast<uint32_t>(366), true); } while (0); }(); } else { static constexpr bool kHasSeqIdx = false; return [&] { using Ktraits = Causal_conv1d_channellast_fwd_kernel_traits<kNThreads, kWidth, 64, true, input_t, weight_t>; constexpr int kChunkSizeL = Ktraits::kChunkSizeL; constexpr int kChunkSizeC = Ktraits::kNEltsPerRow; const int n_chunks_L = (params.seqlen + kChunkSizeL - 1) / kChunkSizeL; const int n_chunks_C = (params.dim + kChunkSizeC - 1) / kChunkSizeC; dim3 grid(params.batch, n_chunks_L, n_chunks_C); dim3 block(Ktraits::kNThreads); auto kernel = &causal_conv1d_channellast_fwd_kernel<Ktraits, kHasSeqIdx>; kernel<<<grid, Ktraits::kNThreads, 0, stream>>>(params); do { const cudaError_t __err = cudaGetLastError(); c10::cuda::c10_cuda_check_implementation( static_cast<int32_t>(__err), "D:\\antigravity\\bridge2-nn\\causal-conv1d-repo\\csrc\\causal_conv1d_fwd.cu", __func__, static_cast<uint32_t>(366), true); } while (0); }(); } }();
                                                                                                                                                                                                                                                                                                                                                                                                                                                                                                                              ^
            detected during:
              instantiation of "void causal_conv1d_channellast_fwd_launch<kNThreads,kWidth,input_t,weight_t>(ConvParamsBase &, cudaStream_t) [with kNThreads=128, kWidth=2, input_t=float, weight_t=float]" at line 372
              instantiation of "void causal_conv1d_channellast_fwd_cuda<input_t,weight_t>(ConvParamsBase &, cudaStream_t) [with input_t=float, weight_t=float]" at line 390

  D:\antigravity\bridge2-nn\causal-conv1d-repo\csrc\causal_conv1d_fwd.cu(208): warning #177-D: variable "kNWarp" was declared but never referenced
        constexpr int kNWarp = Ktraits::kNWarps;
                      ^
            detected during:
              instantiation of "void causal_conv1d_channellast_fwd_kernel<Ktraits,kHasSeqIdx>(ConvParamsBase) [with Ktraits=Causal_conv1d_channellast_fwd_kernel_traits<128, 2, 64, true, float, float>, kHasSeqIdx=false]" at line 349
              instantiation of "void causal_conv1d_channellast_fwd_launch<kNThreads,kWidth,input_t,weight_t>(ConvParamsBase &, cudaStream_t) [with kNThreads=128, kWidth=2, input_t=float, weight_t=float]" at line 372
              instantiation of "void causal_conv1d_channellast_fwd_cuda<input_t,weight_t>(ConvParamsBase &, cudaStream_t) [with input_t=float, weight_t=float]" at line 390

  D:\antigravity\bridge2-nn\causal-conv1d-repo\csrc\causal_conv1d_fwd.cu(232): warning #177-D: variable "seq_idx" was declared but never referenced
        int *seq_idx = !kHasSeqIdx ? nullptr : reinterpret_cast<int *>(params.seq_idx_ptr)
             ^
            detected during:
              instantiation of "void causal_conv1d_channellast_fwd_kernel<Ktraits,kHasSeqIdx>(ConvParamsBase) [with Ktraits=Causal_conv1d_channellast_fwd_kernel_traits<128, 2, 64, true, float, float>, kHasSeqIdx=false]" at line 349
              instantiation of "void causal_conv1d_channellast_fwd_launch<kNThreads,kWidth,input_t,weight_t>(ConvParamsBase &, cudaStream_t) [with kNThreads=128, kWidth=2, input_t=float, weight_t=float]" at line 372
              instantiation of "void causal_conv1d_channellast_fwd_cuda<input_t,weight_t>(ConvParamsBase &, cudaStream_t) [with input_t=float, weight_t=float]" at line 390

  D:\antigravity\bridge2-nn\causal-conv1d-repo\csrc\causal_conv1d_fwd.cu(349): warning #177-D: variable "block" was declared but never referenced
        [&] { if (params.seq_idx_ptr != nullptr) { static constexpr bool kHasSeqIdx = true; return [&] { using Ktraits = Causal_conv1d_channellast_fwd_kernel_traits<kNThreads, kWidth, 64, true, input_t, weight_t>; constexpr int kChunkSizeL = Ktraits::kChunkSizeL; constexpr int kChunkSizeC = Ktraits::kNEltsPerRow; const int n_chunks_L = (params.seqlen + kChunkSizeL - 1) / kChunkSizeL; const int n_chunks_C = (params.dim + kChunkSizeC - 1) / kChunkSizeC; dim3 grid(params.batch, n_chunks_L, n_chunks_C); dim3 block(Ktraits::kNThreads); auto kernel = &causal_conv1d_channellast_fwd_kernel<Ktraits, kHasSeqIdx>; kernel<<<grid, Ktraits::kNThreads, 0, stream>>>(params); do { const cudaError_t __err = cudaGetLastError(); c10::cuda::c10_cuda_check_implementation( static_cast<int32_t>(__err), "D:\\antigravity\\bridge2-nn\\causal-conv1d-repo\\csrc\\causal_conv1d_fwd.cu", __func__, static_cast<uint32_t>(366), true); } while (0); }(); } else { static constexpr bool kHasSeqIdx = false; return [&] { using Ktraits = Causal_conv1d_channellast_fwd_kernel_traits<kNThreads, kWidth, 64, true, input_t, weight_t>; constexpr int kChunkSizeL = Ktraits::kChunkSizeL; constexpr int kChunkSizeC = Ktraits::kNEltsPerRow; const int n_chunks_L = (params.seqlen + kChunkSizeL - 1) / kChunkSizeL; const int n_chunks_C = (params.dim + kChunkSizeC - 1) / kChunkSizeC; dim3 grid(params.batch, n_chunks_L, n_chunks_C); dim3 block(Ktraits::kNThreads); auto kernel = &causal_conv1d_channellast_fwd_kernel<Ktraits, kHasSeqIdx>; kernel<<<grid, Ktraits::kNThreads, 0, stream>>>(params); do { const cudaError_t __err = cudaGetLastError(); c10::cuda::c10_cuda_check_implementation( static_cast<int32_t>(__err), "D:\\antigravity\\bridge2-nn\\causal-conv1d-repo\\csrc\\causal_conv1d_fwd.cu", __func__, static_cast<uint32_t>(366), true); } while (0); }(); } }();
                                                                                                                                                                                                                                                                                                                                                                                                                                                                                                                                                                                                                                                                                                                                                                                                                                                                                                                                                                                                                                                                                                                                                                                                                                                                                                                                                                                                                                                         ^
            detected during:
              instantiation of "void causal_conv1d_channellast_fwd_launch<kNThreads,kWidth,input_t,weight_t>(ConvParamsBase &, cudaStream_t) [with kNThreads=128, kWidth=2, input_t=float, weight_t=float]" at line 372
              instantiation of "void causal_conv1d_channellast_fwd_cuda<input_t,weight_t>(ConvParamsBase &, cudaStream_t) [with input_t=float, weight_t=float]" at line 390

  D:\antigravity\bridge2-nn\causal-conv1d-repo\csrc\causal_conv1d_fwd.cu(208): warning #177-D: variable "kNWarp" was declared but never referenced
        constexpr int kNWarp = Ktraits::kNWarps;
                      ^
            detected during:
              instantiation of "void causal_conv1d_channellast_fwd_kernel<Ktraits,kHasSeqIdx>(ConvParamsBase) [with Ktraits=Causal_conv1d_channellast_fwd_kernel_traits<128, 3, 64, true, float, float>, kHasSeqIdx=true]" at line 349
              instantiation of "void causal_conv1d_channellast_fwd_launch<kNThreads,kWidth,input_t,weight_t>(ConvParamsBase &, cudaStream_t) [with kNThreads=128, kWidth=3, input_t=float, weight_t=float]" at line 374
              instantiation of "void causal_conv1d_channellast_fwd_cuda<input_t,weight_t>(ConvParamsBase &, cudaStream_t) [with input_t=float, weight_t=float]" at line 390

  D:\antigravity\bridge2-nn\causal-conv1d-repo\csrc\causal_conv1d_fwd.cu(349): warning #177-D: variable "block" was declared but never referenced
        [&] { if (params.seq_idx_ptr != nullptr) { static constexpr bool kHasSeqIdx = true; return [&] { using Ktraits = Causal_conv1d_channellast_fwd_kernel_traits<kNThreads, kWidth, 64, true, input_t, weight_t>; constexpr int kChunkSizeL = Ktraits::kChunkSizeL; constexpr int kChunkSizeC = Ktraits::kNEltsPerRow; const int n_chunks_L = (params.seqlen + kChunkSizeL - 1) / kChunkSizeL; const int n_chunks_C = (params.dim + kChunkSizeC - 1) / kChunkSizeC; dim3 grid(params.batch, n_chunks_L, n_chunks_C); dim3 block(Ktraits::kNThreads); auto kernel = &causal_conv1d_channellast_fwd_kernel<Ktraits, kHasSeqIdx>; kernel<<<grid, Ktraits::kNThreads, 0, stream>>>(params); do { const cudaError_t __err = cudaGetLastError(); c10::cuda::c10_cuda_check_implementation( static_cast<int32_t>(__err), "D:\\antigravity\\bridge2-nn\\causal-conv1d-repo\\csrc\\causal_conv1d_fwd.cu", __func__, static_cast<uint32_t>(366), true); } while (0); }(); } else { static constexpr bool kHasSeqIdx = false; return [&] { using Ktraits = Causal_conv1d_channellast_fwd_kernel_traits<kNThreads, kWidth, 64, true, input_t, weight_t>; constexpr int kChunkSizeL = Ktraits::kChunkSizeL; constexpr int kChunkSizeC = Ktraits::kNEltsPerRow; const int n_chunks_L = (params.seqlen + kChunkSizeL - 1) / kChunkSizeL; const int n_chunks_C = (params.dim + kChunkSizeC - 1) / kChunkSizeC; dim3 grid(params.batch, n_chunks_L, n_chunks_C); dim3 block(Ktraits::kNThreads); auto kernel = &causal_conv1d_channellast_fwd_kernel<Ktraits, kHasSeqIdx>; kernel<<<grid, Ktraits::kNThreads, 0, stream>>>(params); do { const cudaError_t __err = cudaGetLastError(); c10::cuda::c10_cuda_check_implementation( static_cast<int32_t>(__err), "D:\\antigravity\\bridge2-nn\\causal-conv1d-repo\\csrc\\causal_conv1d_fwd.cu", __func__, static_cast<uint32_t>(366), true); } while (0); }(); } }();
                                                                                                                                                                                                                                                                                                                                                                                                                                                                                                                              ^
            detected during:
              instantiation of "void causal_conv1d_channellast_fwd_launch<kNThreads,kWidth,input_t,weight_t>(ConvParamsBase &, cudaStream_t) [with kNThreads=128, kWidth=3, input_t=float, weight_t=float]" at line 374
              instantiation of "void causal_conv1d_channellast_fwd_cuda<input_t,weight_t>(ConvParamsBase &, cudaStream_t) [with input_t=float, weight_t=float]" at line 390

  D:\antigravity\bridge2-nn\causal-conv1d-repo\csrc\causal_conv1d_fwd.cu(208): warning #177-D: variable "kNWarp" was declared but never referenced
        constexpr int kNWarp = Ktraits::kNWarps;
                      ^
            detected during:
              instantiation of "void causal_conv1d_channellast_fwd_kernel<Ktraits,kHasSeqIdx>(ConvParamsBase) [with Ktraits=Causal_conv1d_channellast_fwd_kernel_traits<128, 3, 64, true, float, float>, kHasSeqIdx=false]" at line 349
              instantiation of "void causal_conv1d_channellast_fwd_launch<kNThreads,kWidth,input_t,weight_t>(ConvParamsBase &, cudaStream_t) [with kNThreads=128, kWidth=3, input_t=float, weight_t=float]" at line 374
              instantiation of "void causal_conv1d_channellast_fwd_cuda<input_t,weight_t>(ConvParamsBase &, cudaStream_t) [with input_t=float, weight_t=float]" at line 390

  D:\antigravity\bridge2-nn\causal-conv1d-repo\csrc\causal_conv1d_fwd.cu(232): warning #177-D: variable "seq_idx" was declared but never referenced
        int *seq_idx = !kHasSeqIdx ? nullptr : reinterpret_cast<int *>(params.seq_idx_ptr)
             ^
            detected during:
              instantiation of "void causal_conv1d_channellast_fwd_kernel<Ktraits,kHasSeqIdx>(ConvParamsBase) [with Ktraits=Causal_conv1d_channellast_fwd_kernel_traits<128, 3, 64, true, float, float>, kHasSeqIdx=false]" at line 349
              instantiation of "void causal_conv1d_channellast_fwd_launch<kNThreads,kWidth,input_t,weight_t>(ConvParamsBase &, cudaStream_t) [with kNThreads=128, kWidth=3, input_t=float, weight_t=float]" at line 374
              instantiation of "void causal_conv1d_channellast_fwd_cuda<input_t,weight_t>(ConvParamsBase &, cudaStream_t) [with input_t=float, weight_t=float]" at line 390

  D:\antigravity\bridge2-nn\causal-conv1d-repo\csrc\causal_conv1d_fwd.cu(349): warning #177-D: variable "block" was declared but never referenced
        [&] { if (params.seq_idx_ptr != nullptr) { static constexpr bool kHasSeqIdx = true; return [&] { using Ktraits = Causal_conv1d_channellast_fwd_kernel_traits<kNThreads, kWidth, 64, true, input_t, weight_t>; constexpr int kChunkSizeL = Ktraits::kChunkSizeL; constexpr int kChunkSizeC = Ktraits::kNEltsPerRow; const int n_chunks_L = (params.seqlen + kChunkSizeL - 1) / kChunkSizeL; const int n_chunks_C = (params.dim + kChunkSizeC - 1) / kChunkSizeC; dim3 grid(params.batch, n_chunks_L, n_chunks_C); dim3 block(Ktraits::kNThreads); auto kernel = &causal_conv1d_channellast_fwd_kernel<Ktraits, kHasSeqIdx>; kernel<<<grid, Ktraits::kNThreads, 0, stream>>>(params); do { const cudaError_t __err = cudaGetLastError(); c10::cuda::c10_cuda_check_implementation( static_cast<int32_t>(__err), "D:\\antigravity\\bridge2-nn\\causal-conv1d-repo\\csrc\\causal_conv1d_fwd.cu", __func__, static_cast<uint32_t>(366), true); } while (0); }(); } else { static constexpr bool kHasSeqIdx = false; return [&] { using Ktraits = Causal_conv1d_channellast_fwd_kernel_traits<kNThreads, kWidth, 64, true, input_t, weight_t>; constexpr int kChunkSizeL = Ktraits::kChunkSizeL; constexpr int kChunkSizeC = Ktraits::kNEltsPerRow; const int n_chunks_L = (params.seqlen + kChunkSizeL - 1) / kChunkSizeL; const int n_chunks_C = (params.dim + kChunkSizeC - 1) / kChunkSizeC; dim3 grid(params.batch, n_chunks_L, n_chunks_C); dim3 block(Ktraits::kNThreads); auto kernel = &causal_conv1d_channellast_fwd_kernel<Ktraits, kHasSeqIdx>; kernel<<<grid, Ktraits::kNThreads, 0, stream>>>(params); do { const cudaError_t __err = cudaGetLastError(); c10::cuda::c10_cuda_check_implementation( static_cast<int32_t>(__err), "D:\\antigravity\\bridge2-nn\\causal-conv1d-repo\\csrc\\causal_conv1d_fwd.cu", __func__, static_cast<uint32_t>(366), true); } while (0); }(); } }();
                                                                                                                                                                                                                                                                                                                                                                                                                                                                                                                                                                                                                                                                                                                                                                                                                                                                                                                                                                                                                                                                                                                                                                                                                                                                                                                                                                                                                                                         ^
            detected during:
              instantiation of "void causal_conv1d_channellast_fwd_launch<kNThreads,kWidth,input_t,weight_t>(ConvParamsBase &, cudaStream_t) [with kNThreads=128, kWidth=3, input_t=float, weight_t=float]" at line 374
              instantiation of "void causal_conv1d_channellast_fwd_cuda<input_t,weight_t>(ConvParamsBase &, cudaStream_t) [with input_t=float, weight_t=float]" at line 390

  D:\antigravity\bridge2-nn\causal-conv1d-repo\csrc\causal_conv1d_fwd.cu(208): warning #177-D: variable "kNWarp" was declared but never referenced
        constexpr int kNWarp = Ktraits::kNWarps;
                      ^
            detected during:
              instantiation of "void causal_conv1d_channellast_fwd_kernel<Ktraits,kHasSeqIdx>(ConvParamsBase) [with Ktraits=Causal_conv1d_channellast_fwd_kernel_traits<128, 4, 64, true, float, float>, kHasSeqIdx=true]" at line 349
              instantiation of "void causal_conv1d_channellast_fwd_launch<kNThreads,kWidth,input_t,weight_t>(ConvParamsBase &, cudaStream_t) [with kNThreads=128, kWidth=4, input_t=float, weight_t=float]" at line 376
              instantiation of "void causal_conv1d_channellast_fwd_cuda<input_t,weight_t>(ConvParamsBase &, cudaStream_t) [with input_t=float, weight_t=float]" at line 390

  D:\antigravity\bridge2-nn\causal-conv1d-repo\csrc\causal_conv1d_fwd.cu(349): warning #177-D: variable "block" was declared but never referenced
        [&] { if (params.seq_idx_ptr != nullptr) { static constexpr bool kHasSeqIdx = true; return [&] { using Ktraits = Causal_conv1d_channellast_fwd_kernel_traits<kNThreads, kWidth, 64, true, input_t, weight_t>; constexpr int kChunkSizeL = Ktraits::kChunkSizeL; constexpr int kChunkSizeC = Ktraits::kNEltsPerRow; const int n_chunks_L = (params.seqlen + kChunkSizeL - 1) / kChunkSizeL; const int n_chunks_C = (params.dim + kChunkSizeC - 1) / kChunkSizeC; dim3 grid(params.batch, n_chunks_L, n_chunks_C); dim3 block(Ktraits::kNThreads); auto kernel = &causal_conv1d_channellast_fwd_kernel<Ktraits, kHasSeqIdx>; kernel<<<grid, Ktraits::kNThreads, 0, stream>>>(params); do { const cudaError_t __err = cudaGetLastError(); c10::cuda::c10_cuda_check_implementation( static_cast<int32_t>(__err), "D:\\antigravity\\bridge2-nn\\causal-conv1d-repo\\csrc\\causal_conv1d_fwd.cu", __func__, static_cast<uint32_t>(366), true); } while (0); }(); } else { static constexpr bool kHasSeqIdx = false; return [&] { using Ktraits = Causal_conv1d_channellast_fwd_kernel_traits<kNThreads, kWidth, 64, true, input_t, weight_t>; constexpr int kChunkSizeL = Ktraits::kChunkSizeL; constexpr int kChunkSizeC = Ktraits::kNEltsPerRow; const int n_chunks_L = (params.seqlen + kChunkSizeL - 1) / kChunkSizeL; const int n_chunks_C = (params.dim + kChunkSizeC - 1) / kChunkSizeC; dim3 grid(params.batch, n_chunks_L, n_chunks_C); dim3 block(Ktraits::kNThreads); auto kernel = &causal_conv1d_channellast_fwd_kernel<Ktraits, kHasSeqIdx>; kernel<<<grid, Ktraits::kNThreads, 0, stream>>>(params); do { const cudaError_t __err = cudaGetLastError(); c10::cuda::c10_cuda_check_implementation( static_cast<int32_t>(__err), "D:\\antigravity\\bridge2-nn\\causal-conv1d-repo\\csrc\\causal_conv1d_fwd.cu", __func__, static_cast<uint32_t>(366), true); } while (0); }(); } }();
                                                                                                                                                                                                                                                                                                                                                                                                                                                                                                                              ^
            detected during:
              instantiation of "void causal_conv1d_channellast_fwd_launch<kNThreads,kWidth,input_t,weight_t>(ConvParamsBase &, cudaStream_t) [with kNThreads=128, kWidth=4, input_t=float, weight_t=float]" at line 376
              instantiation of "void causal_conv1d_channellast_fwd_cuda<input_t,weight_t>(ConvParamsBase &, cudaStream_t) [with input_t=float, weight_t=float]" at line 390

  D:\antigravity\bridge2-nn\causal-conv1d-repo\csrc\causal_conv1d_fwd.cu(208): warning #177-D: variable "kNWarp" was declared but never referenced
        constexpr int kNWarp = Ktraits::kNWarps;
                      ^
            detected during:
              instantiation of "void causal_conv1d_channellast_fwd_kernel<Ktraits,kHasSeqIdx>(ConvParamsBase) [with Ktraits=Causal_conv1d_channellast_fwd_kernel_traits<128, 4, 64, true, float, float>, kHasSeqIdx=false]" at line 349
              instantiation of "void causal_conv1d_channellast_fwd_launch<kNThreads,kWidth,input_t,weight_t>(ConvParamsBase &, cudaStream_t) [with kNThreads=128, kWidth=4, input_t=float, weight_t=float]" at line 376
              instantiation of "void causal_conv1d_channellast_fwd_cuda<input_t,weight_t>(ConvParamsBase &, cudaStream_t) [with input_t=float, weight_t=float]" at line 390

  D:\antigravity\bridge2-nn\causal-conv1d-repo\csrc\causal_conv1d_fwd.cu(232): warning #177-D: variable "seq_idx" was declared but never referenced
        int *seq_idx = !kHasSeqIdx ? nullptr : reinterpret_cast<int *>(params.seq_idx_ptr)
             ^
            detected during:
              instantiation of "void causal_conv1d_channellast_fwd_kernel<Ktraits,kHasSeqIdx>(ConvParamsBase) [with Ktraits=Causal_conv1d_channellast_fwd_kernel_traits<128, 4, 64, true, float, float>, kHasSeqIdx=false]" at line 349
              instantiation of "void causal_conv1d_channellast_fwd_launch<kNThreads,kWidth,input_t,weight_t>(ConvParamsBase &, cudaStream_t) [with kNThreads=128, kWidth=4, input_t=float, weight_t=float]" at line 376
              instantiation of "void causal_conv1d_channellast_fwd_cuda<input_t,weight_t>(ConvParamsBase &, cudaStream_t) [with input_t=float, weight_t=float]" at line 390

  D:\antigravity\bridge2-nn\causal-conv1d-repo\csrc\causal_conv1d_fwd.cu(349): warning #177-D: variable "block" was declared but never referenced
        [&] { if (params.seq_idx_ptr != nullptr) { static constexpr bool kHasSeqIdx = true; return [&] { using Ktraits = Causal_conv1d_channellast_fwd_kernel_traits<kNThreads, kWidth, 64, true, input_t, weight_t>; constexpr int kChunkSizeL = Ktraits::kChunkSizeL; constexpr int kChunkSizeC = Ktraits::kNEltsPerRow; const int n_chunks_L = (params.seqlen + kChunkSizeL - 1) / kChunkSizeL; const int n_chunks_C = (params.dim + kChunkSizeC - 1) / kChunkSizeC; dim3 grid(params.batch, n_chunks_L, n_chunks_C); dim3 block(Ktraits::kNThreads); auto kernel = &causal_conv1d_channellast_fwd_kernel<Ktraits, kHasSeqIdx>; kernel<<<grid, Ktraits::kNThreads, 0, stream>>>(params); do { const cudaError_t __err = cudaGetLastError(); c10::cuda::c10_cuda_check_implementation( static_cast<int32_t>(__err), "D:\\antigravity\\bridge2-nn\\causal-conv1d-repo\\csrc\\causal_conv1d_fwd.cu", __func__, static_cast<uint32_t>(366), true); } while (0); }(); } else { static constexpr bool kHasSeqIdx = false; return [&] { using Ktraits = Causal_conv1d_channellast_fwd_kernel_traits<kNThreads, kWidth, 64, true, input_t, weight_t>; constexpr int kChunkSizeL = Ktraits::kChunkSizeL; constexpr int kChunkSizeC = Ktraits::kNEltsPerRow; const int n_chunks_L = (params.seqlen + kChunkSizeL - 1) / kChunkSizeL; const int n_chunks_C = (params.dim + kChunkSizeC - 1) / kChunkSizeC; dim3 grid(params.batch, n_chunks_L, n_chunks_C); dim3 block(Ktraits::kNThreads); auto kernel = &causal_conv1d_channellast_fwd_kernel<Ktraits, kHasSeqIdx>; kernel<<<grid, Ktraits::kNThreads, 0, stream>>>(params); do { const cudaError_t __err = cudaGetLastError(); c10::cuda::c10_cuda_check_implementation( static_cast<int32_t>(__err), "D:\\antigravity\\bridge2-nn\\causal-conv1d-repo\\csrc\\causal_conv1d_fwd.cu", __func__, static_cast<uint32_t>(366), true); } while (0); }(); } }();
                                                                                                                                                                                                                                                                                                                                                                                                                                                                                                                                                                                                                                                                                                                                                                                                                                                                                                                                                                                                                                                                                                                                                                                                                                                                                                                                                                                                                                                         ^
            detected during:
              instantiation of "void causal_conv1d_channellast_fwd_launch<kNThreads,kWidth,input_t,weight_t>(ConvParamsBase &, cudaStream_t) [with kNThreads=128, kWidth=4, input_t=float, weight_t=float]" at line 376
              instantiation of "void causal_conv1d_channellast_fwd_cuda<input_t,weight_t>(ConvParamsBase &, cudaStream_t) [with input_t=float, weight_t=float]" at line 390

  D:\antigravity\bridge2-nn\causal-conv1d-repo\csrc\causal_conv1d_fwd.cu(208): warning #177-D: variable "kNWarp" was declared but never referenced
        constexpr int kNWarp = Ktraits::kNWarps;
                      ^
            detected during:
              instantiation of "void causal_conv1d_channellast_fwd_kernel<Ktraits,kHasSeqIdx>(ConvParamsBase) [with Ktraits=Causal_conv1d_channellast_fwd_kernel_traits<128, 2, 64, true, c10::Half, float>, kHasSeqIdx=true]" at line 349
              instantiation of "void causal_conv1d_channellast_fwd_launch<kNThreads,kWidth,input_t,weight_t>(ConvParamsBase &, cudaStream_t) [with kNThreads=128, kWidth=2, input_t=c10::Half, weight_t=float]" at line 372
              instantiation of "void causal_conv1d_channellast_fwd_cuda<input_t,weight_t>(ConvParamsBase &, cudaStream_t) [with input_t=c10::Half, weight_t=float]" at line 391

  D:\antigravity\bridge2-nn\causal-conv1d-repo\csrc\causal_conv1d_fwd.cu(349): warning #177-D: variable "block" was declared but never referenced
        [&] { if (params.seq_idx_ptr != nullptr) { static constexpr bool kHasSeqIdx = true; return [&] { using Ktraits = Causal_conv1d_channellast_fwd_kernel_traits<kNThreads, kWidth, 64, true, input_t, weight_t>; constexpr int kChunkSizeL = Ktraits::kChunkSizeL; constexpr int kChunkSizeC = Ktraits::kNEltsPerRow; const int n_chunks_L = (params.seqlen + kChunkSizeL - 1) / kChunkSizeL; const int n_chunks_C = (params.dim + kChunkSizeC - 1) / kChunkSizeC; dim3 grid(params.batch, n_chunks_L, n_chunks_C); dim3 block(Ktraits::kNThreads); auto kernel = &causal_conv1d_channellast_fwd_kernel<Ktraits, kHasSeqIdx>; kernel<<<grid, Ktraits::kNThreads, 0, stream>>>(params); do { const cudaError_t __err = cudaGetLastError(); c10::cuda::c10_cuda_check_implementation( static_cast<int32_t>(__err), "D:\\antigravity\\bridge2-nn\\causal-conv1d-repo\\csrc\\causal_conv1d_fwd.cu", __func__, static_cast<uint32_t>(366), true); } while (0); }(); } else { static constexpr bool kHasSeqIdx = false; return [&] { using Ktraits = Causal_conv1d_channellast_fwd_kernel_traits<kNThreads, kWidth, 64, true, input_t, weight_t>; constexpr int kChunkSizeL = Ktraits::kChunkSizeL; constexpr int kChunkSizeC = Ktraits::kNEltsPerRow; const int n_chunks_L = (params.seqlen + kChunkSizeL - 1) / kChunkSizeL; const int n_chunks_C = (params.dim + kChunkSizeC - 1) / kChunkSizeC; dim3 grid(params.batch, n_chunks_L, n_chunks_C); dim3 block(Ktraits::kNThreads); auto kernel = &causal_conv1d_channellast_fwd_kernel<Ktraits, kHasSeqIdx>; kernel<<<grid, Ktraits::kNThreads, 0, stream>>>(params); do { const cudaError_t __err = cudaGetLastError(); c10::cuda::c10_cuda_check_implementation( static_cast<int32_t>(__err), "D:\\antigravity\\bridge2-nn\\causal-conv1d-repo\\csrc\\causal_conv1d_fwd.cu", __func__, static_cast<uint32_t>(366), true); } while (0); }(); } }();
                                                                                                                                                                                                                                                                                                                                                                                                                                                                                                                              ^
            detected during:
              instantiation of "void causal_conv1d_channellast_fwd_launch<kNThreads,kWidth,input_t,weight_t>(ConvParamsBase &, cudaStream_t) [with kNThreads=128, kWidth=2, input_t=c10::Half, weight_t=float]" at line 372
              instantiation of "void causal_conv1d_channellast_fwd_cuda<input_t,weight_t>(ConvParamsBase &, cudaStream_t) [with input_t=c10::Half, weight_t=float]" at line 391

  D:\antigravity\bridge2-nn\causal-conv1d-repo\csrc\causal_conv1d_fwd.cu(208): warning #177-D: variable "kNWarp" was declared but never referenced
        constexpr int kNWarp = Ktraits::kNWarps;
                      ^
            detected during:
              instantiation of "void causal_conv1d_channellast_fwd_kernel<Ktraits,kHasSeqIdx>(ConvParamsBase) [with Ktraits=Causal_conv1d_channellast_fwd_kernel_traits<128, 2, 64, true, c10::Half, float>, kHasSeqIdx=false]" at line 349
              instantiation of "void causal_conv1d_channellast_fwd_launch<kNThreads,kWidth,input_t,weight_t>(ConvParamsBase &, cudaStream_t) [with kNThreads=128, kWidth=2, input_t=c10::Half, weight_t=float]" at line 372
              instantiation of "void causal_conv1d_channellast_fwd_cuda<input_t,weight_t>(ConvParamsBase &, cudaStream_t) [with input_t=c10::Half, weight_t=float]" at line 391

  D:\antigravity\bridge2-nn\causal-conv1d-repo\csrc\causal_conv1d_fwd.cu(232): warning #177-D: variable "seq_idx" was declared but never referenced
        int *seq_idx = !kHasSeqIdx ? nullptr : reinterpret_cast<int *>(params.seq_idx_ptr)
             ^
            detected during:
              instantiation of "void causal_conv1d_channellast_fwd_kernel<Ktraits,kHasSeqIdx>(ConvParamsBase) [with Ktraits=Causal_conv1d_channellast_fwd_kernel_traits<128, 2, 64, true, c10::Half, float>, kHasSeqIdx=false]" at line 349
              instantiation of "void causal_conv1d_channellast_fwd_launch<kNThreads,kWidth,input_t,weight_t>(ConvParamsBase &, cudaStream_t) [with kNThreads=128, kWidth=2, input_t=c10::Half, weight_t=float]" at line 372
              instantiation of "void causal_conv1d_channellast_fwd_cuda<input_t,weight_t>(ConvParamsBase &, cudaStream_t) [with input_t=c10::Half, weight_t=float]" at line 391

  D:\antigravity\bridge2-nn\causal-conv1d-repo\csrc\causal_conv1d_fwd.cu(349): warning #177-D: variable "block" was declared but never referenced
        [&] { if (params.seq_idx_ptr != nullptr) { static constexpr bool kHasSeqIdx = true; return [&] { using Ktraits = Causal_conv1d_channellast_fwd_kernel_traits<kNThreads, kWidth, 64, true, input_t, weight_t>; constexpr int kChunkSizeL = Ktraits::kChunkSizeL; constexpr int kChunkSizeC = Ktraits::kNEltsPerRow; const int n_chunks_L = (params.seqlen + kChunkSizeL - 1) / kChunkSizeL; const int n_chunks_C = (params.dim + kChunkSizeC - 1) / kChunkSizeC; dim3 grid(params.batch, n_chunks_L, n_chunks_C); dim3 block(Ktraits::kNThreads); auto kernel = &causal_conv1d_channellast_fwd_kernel<Ktraits, kHasSeqIdx>; kernel<<<grid, Ktraits::kNThreads, 0, stream>>>(params); do { const cudaError_t __err = cudaGetLastError(); c10::cuda::c10_cuda_check_implementation( static_cast<int32_t>(__err), "D:\\antigravity\\bridge2-nn\\causal-conv1d-repo\\csrc\\causal_conv1d_fwd.cu", __func__, static_cast<uint32_t>(366), true); } while (0); }(); } else { static constexpr bool kHasSeqIdx = false; return [&] { using Ktraits = Causal_conv1d_channellast_fwd_kernel_traits<kNThreads, kWidth, 64, true, input_t, weight_t>; constexpr int kChunkSizeL = Ktraits::kChunkSizeL; constexpr int kChunkSizeC = Ktraits::kNEltsPerRow; const int n_chunks_L = (params.seqlen + kChunkSizeL - 1) / kChunkSizeL; const int n_chunks_C = (params.dim + kChunkSizeC - 1) / kChunkSizeC; dim3 grid(params.batch, n_chunks_L, n_chunks_C); dim3 block(Ktraits::kNThreads); auto kernel = &causal_conv1d_channellast_fwd_kernel<Ktraits, kHasSeqIdx>; kernel<<<grid, Ktraits::kNThreads, 0, stream>>>(params); do { const cudaError_t __err = cudaGetLastError(); c10::cuda::c10_cuda_check_implementation( static_cast<int32_t>(__err), "D:\\antigravity\\bridge2-nn\\causal-conv1d-repo\\csrc\\causal_conv1d_fwd.cu", __func__, static_cast<uint32_t>(366), true); } while (0); }(); } }();
                                                                                                                                                                                                                                                                                                                                                                                                                                                                                                                                                                                                                                                                                                                                                                                                                                                                                                                                                                                                                                                                                                                                                                                                                                                                                                                                                                                                                                                         ^
            detected during:
              instantiation of "void causal_conv1d_channellast_fwd_launch<kNThreads,kWidth,input_t,weight_t>(ConvParamsBase &, cudaStream_t) [with kNThreads=128, kWidth=2, input_t=c10::Half, weight_t=float]" at line 372
              instantiation of "void causal_conv1d_channellast_fwd_cuda<input_t,weight_t>(ConvParamsBase &, cudaStream_t) [with input_t=c10::Half, weight_t=float]" at line 391

  D:\antigravity\bridge2-nn\causal-conv1d-repo\csrc\causal_conv1d_fwd.cu(208): warning #177-D: variable "kNWarp" was declared but never referenced
        constexpr int kNWarp = Ktraits::kNWarps;
                      ^
            detected during:
              instantiation of "void causal_conv1d_channellast_fwd_kernel<Ktraits,kHasSeqIdx>(ConvParamsBase) [with Ktraits=Causal_conv1d_channellast_fwd_kernel_traits<128, 3, 64, true, c10::Half, float>, kHasSeqIdx=true]" at line 349
              instantiation of "void causal_conv1d_channellast_fwd_launch<kNThreads,kWidth,input_t,weight_t>(ConvParamsBase &, cudaStream_t) [with kNThreads=128, kWidth=3, input_t=c10::Half, weight_t=float]" at line 374
              instantiation of "void causal_conv1d_channellast_fwd_cuda<input_t,weight_t>(ConvParamsBase &, cudaStream_t) [with input_t=c10::Half, weight_t=float]" at line 391

  D:\antigravity\bridge2-nn\causal-conv1d-repo\csrc\causal_conv1d_fwd.cu(349): warning #177-D: variable "block" was declared but never referenced
        [&] { if (params.seq_idx_ptr != nullptr) { static constexpr bool kHasSeqIdx = true; return [&] { using Ktraits = Causal_conv1d_channellast_fwd_kernel_traits<kNThreads, kWidth, 64, true, input_t, weight_t>; constexpr int kChunkSizeL = Ktraits::kChunkSizeL; constexpr int kChunkSizeC = Ktraits::kNEltsPerRow; const int n_chunks_L = (params.seqlen + kChunkSizeL - 1) / kChunkSizeL; const int n_chunks_C = (params.dim + kChunkSizeC - 1) / kChunkSizeC; dim3 grid(params.batch, n_chunks_L, n_chunks_C); dim3 block(Ktraits::kNThreads); auto kernel = &causal_conv1d_channellast_fwd_kernel<Ktraits, kHasSeqIdx>; kernel<<<grid, Ktraits::kNThreads, 0, stream>>>(params); do { const cudaError_t __err = cudaGetLastError(); c10::cuda::c10_cuda_check_implementation( static_cast<int32_t>(__err), "D:\\antigravity\\bridge2-nn\\causal-conv1d-repo\\csrc\\causal_conv1d_fwd.cu", __func__, static_cast<uint32_t>(366), true); } while (0); }(); } else { static constexpr bool kHasSeqIdx = false; return [&] { using Ktraits = Causal_conv1d_channellast_fwd_kernel_traits<kNThreads, kWidth, 64, true, input_t, weight_t>; constexpr int kChunkSizeL = Ktraits::kChunkSizeL; constexpr int kChunkSizeC = Ktraits::kNEltsPerRow; const int n_chunks_L = (params.seqlen + kChunkSizeL - 1) / kChunkSizeL; const int n_chunks_C = (params.dim + kChunkSizeC - 1) / kChunkSizeC; dim3 grid(params.batch, n_chunks_L, n_chunks_C); dim3 block(Ktraits::kNThreads); auto kernel = &causal_conv1d_channellast_fwd_kernel<Ktraits, kHasSeqIdx>; kernel<<<grid, Ktraits::kNThreads, 0, stream>>>(params); do { const cudaError_t __err = cudaGetLastError(); c10::cuda::c10_cuda_check_implementation( static_cast<int32_t>(__err), "D:\\antigravity\\bridge2-nn\\causal-conv1d-repo\\csrc\\causal_conv1d_fwd.cu", __func__, static_cast<uint32_t>(366), true); } while (0); }(); } }();
                                                                                                                                                                                                                                                                                                                                                                                                                                                                                                                              ^
            detected during:
              instantiation of "void causal_conv1d_channellast_fwd_launch<kNThreads,kWidth,input_t,weight_t>(ConvParamsBase &, cudaStream_t) [with kNThreads=128, kWidth=3, input_t=c10::Half, weight_t=float]" at line 374
              instantiation of "void causal_conv1d_channellast_fwd_cuda<input_t,weight_t>(ConvParamsBase &, cudaStream_t) [with input_t=c10::Half, weight_t=float]" at line 391

  D:\antigravity\bridge2-nn\causal-conv1d-repo\csrc\causal_conv1d_fwd.cu(208): warning #177-D: variable "kNWarp" was declared but never referenced
        constexpr int kNWarp = Ktraits::kNWarps;
                      ^
            detected during:
              instantiation of "void causal_conv1d_channellast_fwd_kernel<Ktraits,kHasSeqIdx>(ConvParamsBase) [with Ktraits=Causal_conv1d_channellast_fwd_kernel_traits<128, 3, 64, true, c10::Half, float>, kHasSeqIdx=false]" at line 349
              instantiation of "void causal_conv1d_channellast_fwd_launch<kNThreads,kWidth,input_t,weight_t>(ConvParamsBase &, cudaStream_t) [with kNThreads=128, kWidth=3, input_t=c10::Half, weight_t=float]" at line 374
              instantiation of "void causal_conv1d_channellast_fwd_cuda<input_t,weight_t>(ConvParamsBase &, cudaStream_t) [with input_t=c10::Half, weight_t=float]" at line 391

  D:\antigravity\bridge2-nn\causal-conv1d-repo\csrc\causal_conv1d_fwd.cu(232): warning #177-D: variable "seq_idx" was declared but never referenced
        int *seq_idx = !kHasSeqIdx ? nullptr : reinterpret_cast<int *>(params.seq_idx_ptr)
             ^
            detected during:
              instantiation of "void causal_conv1d_channellast_fwd_kernel<Ktraits,kHasSeqIdx>(ConvParamsBase) [with Ktraits=Causal_conv1d_channellast_fwd_kernel_traits<128, 3, 64, true, c10::Half, float>, kHasSeqIdx=false]" at line 349
              instantiation of "void causal_conv1d_channellast_fwd_launch<kNThreads,kWidth,input_t,weight_t>(ConvParamsBase &, cudaStream_t) [with kNThreads=128, kWidth=3, input_t=c10::Half, weight_t=float]" at line 374
              instantiation of "void causal_conv1d_channellast_fwd_cuda<input_t,weight_t>(ConvParamsBase &, cudaStream_t) [with input_t=c10::Half, weight_t=float]" at line 391

  D:\antigravity\bridge2-nn\causal-conv1d-repo\csrc\causal_conv1d_fwd.cu(349): warning #177-D: variable "block" was declared but never referenced
        [&] { if (params.seq_idx_ptr != nullptr) { static constexpr bool kHasSeqIdx = true; return [&] { using Ktraits = Causal_conv1d_channellast_fwd_kernel_traits<kNThreads, kWidth, 64, true, input_t, weight_t>; constexpr int kChunkSizeL = Ktraits::kChunkSizeL; constexpr int kChunkSizeC = Ktraits::kNEltsPerRow; const int n_chunks_L = (params.seqlen + kChunkSizeL - 1) / kChunkSizeL; const int n_chunks_C = (params.dim + kChunkSizeC - 1) / kChunkSizeC; dim3 grid(params.batch, n_chunks_L, n_chunks_C); dim3 block(Ktraits::kNThreads); auto kernel = &causal_conv1d_channellast_fwd_kernel<Ktraits, kHasSeqIdx>; kernel<<<grid, Ktraits::kNThreads, 0, stream>>>(params); do { const cudaError_t __err = cudaGetLastError(); c10::cuda::c10_cuda_check_implementation( static_cast<int32_t>(__err), "D:\\antigravity\\bridge2-nn\\causal-conv1d-repo\\csrc\\causal_conv1d_fwd.cu", __func__, static_cast<uint32_t>(366), true); } while (0); }(); } else { static constexpr bool kHasSeqIdx = false; return [&] { using Ktraits = Causal_conv1d_channellast_fwd_kernel_traits<kNThreads, kWidth, 64, true, input_t, weight_t>; constexpr int kChunkSizeL = Ktraits::kChunkSizeL; constexpr int kChunkSizeC = Ktraits::kNEltsPerRow; const int n_chunks_L = (params.seqlen + kChunkSizeL - 1) / kChunkSizeL; const int n_chunks_C = (params.dim + kChunkSizeC - 1) / kChunkSizeC; dim3 grid(params.batch, n_chunks_L, n_chunks_C); dim3 block(Ktraits::kNThreads); auto kernel = &causal_conv1d_channellast_fwd_kernel<Ktraits, kHasSeqIdx>; kernel<<<grid, Ktraits::kNThreads, 0, stream>>>(params); do { const cudaError_t __err = cudaGetLastError(); c10::cuda::c10_cuda_check_implementation( static_cast<int32_t>(__err), "D:\\antigravity\\bridge2-nn\\causal-conv1d-repo\\csrc\\causal_conv1d_fwd.cu", __func__, static_cast<uint32_t>(366), true); } while (0); }(); } }();
                                                                                                                                                                                                                                                                                                                                                                                                                                                                                                                                                                                                                                                                                                                                                                                                                                                                                                                                                                                                                                                                                                                                                                                                                                                                                                                                                                                                                                                         ^
            detected during:
              instantiation of "void causal_conv1d_channellast_fwd_launch<kNThreads,kWidth,input_t,weight_t>(ConvParamsBase &, cudaStream_t) [with kNThreads=128, kWidth=3, input_t=c10::Half, weight_t=float]" at line 374
              instantiation of "void causal_conv1d_channellast_fwd_cuda<input_t,weight_t>(ConvParamsBase &, cudaStream_t) [with input_t=c10::Half, weight_t=float]" at line 391

  D:\antigravity\bridge2-nn\causal-conv1d-repo\csrc\causal_conv1d_fwd.cu(208): warning #177-D: variable "kNWarp" was declared but never referenced
        constexpr int kNWarp = Ktraits::kNWarps;
                      ^
            detected during:
              instantiation of "void causal_conv1d_channellast_fwd_kernel<Ktraits,kHasSeqIdx>(ConvParamsBase) [with Ktraits=Causal_conv1d_channellast_fwd_kernel_traits<128, 4, 64, true, c10::Half, float>, kHasSeqIdx=true]" at line 349
              instantiation of "void causal_conv1d_channellast_fwd_launch<kNThreads,kWidth,input_t,weight_t>(ConvParamsBase &, cudaStream_t) [with kNThreads=128, kWidth=4, input_t=c10::Half, weight_t=float]" at line 376
              instantiation of "void causal_conv1d_channellast_fwd_cuda<input_t,weight_t>(ConvParamsBase &, cudaStream_t) [with input_t=c10::Half, weight_t=float]" at line 391

  D:\antigravity\bridge2-nn\causal-conv1d-repo\csrc\causal_conv1d_fwd.cu(349): warning #177-D: variable "block" was declared but never referenced
        [&] { if (params.seq_idx_ptr != nullptr) { static constexpr bool kHasSeqIdx = true; return [&] { using Ktraits = Causal_conv1d_channellast_fwd_kernel_traits<kNThreads, kWidth, 64, true, input_t, weight_t>; constexpr int kChunkSizeL = Ktraits::kChunkSizeL; constexpr int kChunkSizeC = Ktraits::kNEltsPerRow; const int n_chunks_L = (params.seqlen + kChunkSizeL - 1) / kChunkSizeL; const int n_chunks_C = (params.dim + kChunkSizeC - 1) / kChunkSizeC; dim3 grid(params.batch, n_chunks_L, n_chunks_C); dim3 block(Ktraits::kNThreads); auto kernel = &causal_conv1d_channellast_fwd_kernel<Ktraits, kHasSeqIdx>; kernel<<<grid, Ktraits::kNThreads, 0, stream>>>(params); do { const cudaError_t __err = cudaGetLastError(); c10::cuda::c10_cuda_check_implementation( static_cast<int32_t>(__err), "D:\\antigravity\\bridge2-nn\\causal-conv1d-repo\\csrc\\causal_conv1d_fwd.cu", __func__, static_cast<uint32_t>(366), true); } while (0); }(); } else { static constexpr bool kHasSeqIdx = false; return [&] { using Ktraits = Causal_conv1d_channellast_fwd_kernel_traits<kNThreads, kWidth, 64, true, input_t, weight_t>; constexpr int kChunkSizeL = Ktraits::kChunkSizeL; constexpr int kChunkSizeC = Ktraits::kNEltsPerRow; const int n_chunks_L = (params.seqlen + kChunkSizeL - 1) / kChunkSizeL; const int n_chunks_C = (params.dim + kChunkSizeC - 1) / kChunkSizeC; dim3 grid(params.batch, n_chunks_L, n_chunks_C); dim3 block(Ktraits::kNThreads); auto kernel = &causal_conv1d_channellast_fwd_kernel<Ktraits, kHasSeqIdx>; kernel<<<grid, Ktraits::kNThreads, 0, stream>>>(params); do { const cudaError_t __err = cudaGetLastError(); c10::cuda::c10_cuda_check_implementation( static_cast<int32_t>(__err), "D:\\antigravity\\bridge2-nn\\causal-conv1d-repo\\csrc\\causal_conv1d_fwd.cu", __func__, static_cast<uint32_t>(366), true); } while (0); }(); } }();
                                                                                                                                                                                                                                                                                                                                                                                                                                                                                                                              ^
            detected during:
              instantiation of "void causal_conv1d_channellast_fwd_launch<kNThreads,kWidth,input_t,weight_t>(ConvParamsBase &, cudaStream_t) [with kNThreads=128, kWidth=4, input_t=c10::Half, weight_t=float]" at line 376
              instantiation of "void causal_conv1d_channellast_fwd_cuda<input_t,weight_t>(ConvParamsBase &, cudaStream_t) [with input_t=c10::Half, weight_t=float]" at line 391

  D:\antigravity\bridge2-nn\causal-conv1d-repo\csrc\causal_conv1d_fwd.cu(208): warning #177-D: variable "kNWarp" was declared but never referenced
        constexpr int kNWarp = Ktraits::kNWarps;
                      ^
            detected during:
              instantiation of "void causal_conv1d_channellast_fwd_kernel<Ktraits,kHasSeqIdx>(ConvParamsBase) [with Ktraits=Causal_conv1d_channellast_fwd_kernel_traits<128, 4, 64, true, c10::Half, float>, kHasSeqIdx=false]" at line 349
              instantiation of "void causal_conv1d_channellast_fwd_launch<kNThreads,kWidth,input_t,weight_t>(ConvParamsBase &, cudaStream_t) [with kNThreads=128, kWidth=4, input_t=c10::Half, weight_t=float]" at line 376
              instantiation of "void causal_conv1d_channellast_fwd_cuda<input_t,weight_t>(ConvParamsBase &, cudaStream_t) [with input_t=c10::Half, weight_t=float]" at line 391

  D:\antigravity\bridge2-nn\causal-conv1d-repo\csrc\causal_conv1d_fwd.cu(232): warning #177-D: variable "seq_idx" was declared but never referenced
        int *seq_idx = !kHasSeqIdx ? nullptr : reinterpret_cast<int *>(params.seq_idx_ptr)
             ^
            detected during:
              instantiation of "void causal_conv1d_channellast_fwd_kernel<Ktraits,kHasSeqIdx>(ConvParamsBase) [with Ktraits=Causal_conv1d_channellast_fwd_kernel_traits<128, 4, 64, true, c10::Half, float>, kHasSeqIdx=false]" at line 349
              instantiation of "void causal_conv1d_channellast_fwd_launch<kNThreads,kWidth,input_t,weight_t>(ConvParamsBase &, cudaStream_t) [with kNThreads=128, kWidth=4, input_t=c10::Half, weight_t=float]" at line 376
              instantiation of "void causal_conv1d_channellast_fwd_cuda<input_t,weight_t>(ConvParamsBase &, cudaStream_t) [with input_t=c10::Half, weight_t=float]" at line 391

  D:\antigravity\bridge2-nn\causal-conv1d-repo\csrc\causal_conv1d_fwd.cu(349): warning #177-D: variable "block" was declared but never referenced
        [&] { if (params.seq_idx_ptr != nullptr) { static constexpr bool kHasSeqIdx = true; return [&] { using Ktraits = Causal_conv1d_channellast_fwd_kernel_traits<kNThreads, kWidth, 64, true, input_t, weight_t>; constexpr int kChunkSizeL = Ktraits::kChunkSizeL; constexpr int kChunkSizeC = Ktraits::kNEltsPerRow; const int n_chunks_L = (params.seqlen + kChunkSizeL - 1) / kChunkSizeL; const int n_chunks_C = (params.dim + kChunkSizeC - 1) / kChunkSizeC; dim3 grid(params.batch, n_chunks_L, n_chunks_C); dim3 block(Ktraits::kNThreads); auto kernel = &causal_conv1d_channellast_fwd_kernel<Ktraits, kHasSeqIdx>; kernel<<<grid, Ktraits::kNThreads, 0, stream>>>(params); do { const cudaError_t __err = cudaGetLastError(); c10::cuda::c10_cuda_check_implementation( static_cast<int32_t>(__err), "D:\\antigravity\\bridge2-nn\\causal-conv1d-repo\\csrc\\causal_conv1d_fwd.cu", __func__, static_cast<uint32_t>(366), true); } while (0); }(); } else { static constexpr bool kHasSeqIdx = false; return [&] { using Ktraits = Causal_conv1d_channellast_fwd_kernel_traits<kNThreads, kWidth, 64, true, input_t, weight_t>; constexpr int kChunkSizeL = Ktraits::kChunkSizeL; constexpr int kChunkSizeC = Ktraits::kNEltsPerRow; const int n_chunks_L = (params.seqlen + kChunkSizeL - 1) / kChunkSizeL; const int n_chunks_C = (params.dim + kChunkSizeC - 1) / kChunkSizeC; dim3 grid(params.batch, n_chunks_L, n_chunks_C); dim3 block(Ktraits::kNThreads); auto kernel = &causal_conv1d_channellast_fwd_kernel<Ktraits, kHasSeqIdx>; kernel<<<grid, Ktraits::kNThreads, 0, stream>>>(params); do { const cudaError_t __err = cudaGetLastError(); c10::cuda::c10_cuda_check_implementation( static_cast<int32_t>(__err), "D:\\antigravity\\bridge2-nn\\causal-conv1d-repo\\csrc\\causal_conv1d_fwd.cu", __func__, static_cast<uint32_t>(366), true); } while (0); }(); } }();
                                                                                                                                                                                                                                                                                                                                                                                                                                                                                                                                                                                                                                                                                                                                                                                                                                                                                                                                                                                                                                                                                                                                                                                                                                                                                                                                                                                                                                                         ^
            detected during:
              instantiation of "void causal_conv1d_channellast_fwd_launch<kNThreads,kWidth,input_t,weight_t>(ConvParamsBase &, cudaStream_t) [with kNThreads=128, kWidth=4, input_t=c10::Half, weight_t=float]" at line 376
              instantiation of "void causal_conv1d_channellast_fwd_cuda<input_t,weight_t>(ConvParamsBase &, cudaStream_t) [with input_t=c10::Half, weight_t=float]" at line 391

  D:\antigravity\bridge2-nn\causal-conv1d-repo\csrc\causal_conv1d_fwd.cu(208): warning #177-D: variable "kNWarp" was declared but never referenced
        constexpr int kNWarp = Ktraits::kNWarps;
                      ^
            detected during:
              instantiation of "void causal_conv1d_channellast_fwd_kernel<Ktraits,kHasSeqIdx>(ConvParamsBase) [with Ktraits=Causal_conv1d_channellast_fwd_kernel_traits<128, 2, 64, true, c10::BFloat16, float>, kHasSeqIdx=true]" at line 349
              instantiation of "void causal_conv1d_channellast_fwd_launch<kNThreads,kWidth,input_t,weight_t>(ConvParamsBase &, cudaStream_t) [with kNThreads=128, kWidth=2, input_t=c10::BFloat16, weight_t=float]" at line 372
              instantiation of "void causal_conv1d_channellast_fwd_cuda<input_t,weight_t>(ConvParamsBase &, cudaStream_t) [with input_t=c10::BFloat16, weight_t=float]" at line 392

  D:\antigravity\bridge2-nn\causal-conv1d-repo\csrc\causal_conv1d_fwd.cu(349): warning #177-D: variable "block" was declared but never referenced
        [&] { if (params.seq_idx_ptr != nullptr) { static constexpr bool kHasSeqIdx = true; return [&] { using Ktraits = Causal_conv1d_channellast_fwd_kernel_traits<kNThreads, kWidth, 64, true, input_t, weight_t>; constexpr int kChunkSizeL = Ktraits::kChunkSizeL; constexpr int kChunkSizeC = Ktraits::kNEltsPerRow; const int n_chunks_L = (params.seqlen + kChunkSizeL - 1) / kChunkSizeL; const int n_chunks_C = (params.dim + kChunkSizeC - 1) / kChunkSizeC; dim3 grid(params.batch, n_chunks_L, n_chunks_C); dim3 block(Ktraits::kNThreads); auto kernel = &causal_conv1d_channellast_fwd_kernel<Ktraits, kHasSeqIdx>; kernel<<<grid, Ktraits::kNThreads, 0, stream>>>(params); do { const cudaError_t __err = cudaGetLastError(); c10::cuda::c10_cuda_check_implementation( static_cast<int32_t>(__err), "D:\\antigravity\\bridge2-nn\\causal-conv1d-repo\\csrc\\causal_conv1d_fwd.cu", __func__, static_cast<uint32_t>(366), true); } while (0); }(); } else { static constexpr bool kHasSeqIdx = false; return [&] { using Ktraits = Causal_conv1d_channellast_fwd_kernel_traits<kNThreads, kWidth, 64, true, input_t, weight_t>; constexpr int kChunkSizeL = Ktraits::kChunkSizeL; constexpr int kChunkSizeC = Ktraits::kNEltsPerRow; const int n_chunks_L = (params.seqlen + kChunkSizeL - 1) / kChunkSizeL; const int n_chunks_C = (params.dim + kChunkSizeC - 1) / kChunkSizeC; dim3 grid(params.batch, n_chunks_L, n_chunks_C); dim3 block(Ktraits::kNThreads); auto kernel = &causal_conv1d_channellast_fwd_kernel<Ktraits, kHasSeqIdx>; kernel<<<grid, Ktraits::kNThreads, 0, stream>>>(params); do { const cudaError_t __err = cudaGetLastError(); c10::cuda::c10_cuda_check_implementation( static_cast<int32_t>(__err), "D:\\antigravity\\bridge2-nn\\causal-conv1d-repo\\csrc\\causal_conv1d_fwd.cu", __func__, static_cast<uint32_t>(366), true); } while (0); }(); } }();
                                                                                                                                                                                                                                                                                                                                                                                                                                                                                                                              ^
            detected during:
              instantiation of "void causal_conv1d_channellast_fwd_launch<kNThreads,kWidth,input_t,weight_t>(ConvParamsBase &, cudaStream_t) [with kNThreads=128, kWidth=2, input_t=c10::BFloat16, weight_t=float]" at line 372
              instantiation of "void causal_conv1d_channellast_fwd_cuda<input_t,weight_t>(ConvParamsBase &, cudaStream_t) [with input_t=c10::BFloat16, weight_t=float]" at line 392

  D:\antigravity\bridge2-nn\causal-conv1d-repo\csrc\causal_conv1d_fwd.cu(208): warning #177-D: variable "kNWarp" was declared but never referenced
        constexpr int kNWarp = Ktraits::kNWarps;
                      ^
            detected during:
              instantiation of "void causal_conv1d_channellast_fwd_kernel<Ktraits,kHasSeqIdx>(ConvParamsBase) [with Ktraits=Causal_conv1d_channellast_fwd_kernel_traits<128, 2, 64, true, c10::BFloat16, float>, kHasSeqIdx=false]" at line 349
              instantiation of "void causal_conv1d_channellast_fwd_launch<kNThreads,kWidth,input_t,weight_t>(ConvParamsBase &, cudaStream_t) [with kNThreads=128, kWidth=2, input_t=c10::BFloat16, weight_t=float]" at line 372
              instantiation of "void causal_conv1d_channellast_fwd_cuda<input_t,weight_t>(ConvParamsBase &, cudaStream_t) [with input_t=c10::BFloat16, weight_t=float]" at line 392

  D:\antigravity\bridge2-nn\causal-conv1d-repo\csrc\causal_conv1d_fwd.cu(232): warning #177-D: variable "seq_idx" was declared but never referenced
        int *seq_idx = !kHasSeqIdx ? nullptr : reinterpret_cast<int *>(params.seq_idx_ptr)
             ^
            detected during:
              instantiation of "void causal_conv1d_channellast_fwd_kernel<Ktraits,kHasSeqIdx>(ConvParamsBase) [with Ktraits=Causal_conv1d_channellast_fwd_kernel_traits<128, 2, 64, true, c10::BFloat16, float>, kHasSeqIdx=false]" at line 349
              instantiation of "void causal_conv1d_channellast_fwd_launch<kNThreads,kWidth,input_t,weight_t>(ConvParamsBase &, cudaStream_t) [with kNThreads=128, kWidth=2, input_t=c10::BFloat16, weight_t=float]" at line 372
              instantiation of "void causal_conv1d_channellast_fwd_cuda<input_t,weight_t>(ConvParamsBase &, cudaStream_t) [with input_t=c10::BFloat16, weight_t=float]" at line 392

  D:\antigravity\bridge2-nn\causal-conv1d-repo\csrc\causal_conv1d_fwd.cu(349): warning #177-D: variable "block" was declared but never referenced
        [&] { if (params.seq_idx_ptr != nullptr) { static constexpr bool kHasSeqIdx = true; return [&] { using Ktraits = Causal_conv1d_channellast_fwd_kernel_traits<kNThreads, kWidth, 64, true, input_t, weight_t>; constexpr int kChunkSizeL = Ktraits::kChunkSizeL; constexpr int kChunkSizeC = Ktraits::kNEltsPerRow; const int n_chunks_L = (params.seqlen + kChunkSizeL - 1) / kChunkSizeL; const int n_chunks_C = (params.dim + kChunkSizeC - 1) / kChunkSizeC; dim3 grid(params.batch, n_chunks_L, n_chunks_C); dim3 block(Ktraits::kNThreads); auto kernel = &causal_conv1d_channellast_fwd_kernel<Ktraits, kHasSeqIdx>; kernel<<<grid, Ktraits::kNThreads, 0, stream>>>(params); do { const cudaError_t __err = cudaGetLastError(); c10::cuda::c10_cuda_check_implementation( static_cast<int32_t>(__err), "D:\\antigravity\\bridge2-nn\\causal-conv1d-repo\\csrc\\causal_conv1d_fwd.cu", __func__, static_cast<uint32_t>(366), true); } while (0); }(); } else { static constexpr bool kHasSeqIdx = false; return [&] { using Ktraits = Causal_conv1d_channellast_fwd_kernel_traits<kNThreads, kWidth, 64, true, input_t, weight_t>; constexpr int kChunkSizeL = Ktraits::kChunkSizeL; constexpr int kChunkSizeC = Ktraits::kNEltsPerRow; const int n_chunks_L = (params.seqlen + kChunkSizeL - 1) / kChunkSizeL; const int n_chunks_C = (params.dim + kChunkSizeC - 1) / kChunkSizeC; dim3 grid(params.batch, n_chunks_L, n_chunks_C); dim3 block(Ktraits::kNThreads); auto kernel = &causal_conv1d_channellast_fwd_kernel<Ktraits, kHasSeqIdx>; kernel<<<grid, Ktraits::kNThreads, 0, stream>>>(params); do { const cudaError_t __err = cudaGetLastError(); c10::cuda::c10_cuda_check_implementation( static_cast<int32_t>(__err), "D:\\antigravity\\bridge2-nn\\causal-conv1d-repo\\csrc\\causal_conv1d_fwd.cu", __func__, static_cast<uint32_t>(366), true); } while (0); }(); } }();
                                                                                                                                                                                                                                                                                                                                                                                                                                                                                                                                                                                                                                                                                                                                                                                                                                                                                                                                                                                                                                                                                                                                                                                                                                                                                                                                                                                                                                                         ^
            detected during:
              instantiation of "void causal_conv1d_channellast_fwd_launch<kNThreads,kWidth,input_t,weight_t>(ConvParamsBase &, cudaStream_t) [with kNThreads=128, kWidth=2, input_t=c10::BFloat16, weight_t=float]" at line 372
              instantiation of "void causal_conv1d_channellast_fwd_cuda<input_t,weight_t>(ConvParamsBase &, cudaStream_t) [with input_t=c10::BFloat16, weight_t=float]" at line 392

  D:\antigravity\bridge2-nn\causal-conv1d-repo\csrc\causal_conv1d_fwd.cu(208): warning #177-D: variable "kNWarp" was declared but never referenced
        constexpr int kNWarp = Ktraits::kNWarps;
                      ^
            detected during:
              instantiation of "void causal_conv1d_channellast_fwd_kernel<Ktraits,kHasSeqIdx>(ConvParamsBase) [with Ktraits=Causal_conv1d_channellast_fwd_kernel_traits<128, 3, 64, true, c10::BFloat16, float>, kHasSeqIdx=true]" at line 349
              instantiation of "void causal_conv1d_channellast_fwd_launch<kNThreads,kWidth,input_t,weight_t>(ConvParamsBase &, cudaStream_t) [with kNThreads=128, kWidth=3, input_t=c10::BFloat16, weight_t=float]" at line 374
              instantiation of "void causal_conv1d_channellast_fwd_cuda<input_t,weight_t>(ConvParamsBase &, cudaStream_t) [with input_t=c10::BFloat16, weight_t=float]" at line 392

  D:\antigravity\bridge2-nn\causal-conv1d-repo\csrc\causal_conv1d_fwd.cu(349): warning #177-D: variable "block" was declared but never referenced
        [&] { if (params.seq_idx_ptr != nullptr) { static constexpr bool kHasSeqIdx = true; return [&] { using Ktraits = Causal_conv1d_channellast_fwd_kernel_traits<kNThreads, kWidth, 64, true, input_t, weight_t>; constexpr int kChunkSizeL = Ktraits::kChunkSizeL; constexpr int kChunkSizeC = Ktraits::kNEltsPerRow; const int n_chunks_L = (params.seqlen + kChunkSizeL - 1) / kChunkSizeL; const int n_chunks_C = (params.dim + kChunkSizeC - 1) / kChunkSizeC; dim3 grid(params.batch, n_chunks_L, n_chunks_C); dim3 block(Ktraits::kNThreads); auto kernel = &causal_conv1d_channellast_fwd_kernel<Ktraits, kHasSeqIdx>; kernel<<<grid, Ktraits::kNThreads, 0, stream>>>(params); do { const cudaError_t __err = cudaGetLastError(); c10::cuda::c10_cuda_check_implementation( static_cast<int32_t>(__err), "D:\\antigravity\\bridge2-nn\\causal-conv1d-repo\\csrc\\causal_conv1d_fwd.cu", __func__, static_cast<uint32_t>(366), true); } while (0); }(); } else { static constexpr bool kHasSeqIdx = false; return [&] { using Ktraits = Causal_conv1d_channellast_fwd_kernel_traits<kNThreads, kWidth, 64, true, input_t, weight_t>; constexpr int kChunkSizeL = Ktraits::kChunkSizeL; constexpr int kChunkSizeC = Ktraits::kNEltsPerRow; const int n_chunks_L = (params.seqlen + kChunkSizeL - 1) / kChunkSizeL; const int n_chunks_C = (params.dim + kChunkSizeC - 1) / kChunkSizeC; dim3 grid(params.batch, n_chunks_L, n_chunks_C); dim3 block(Ktraits::kNThreads); auto kernel = &causal_conv1d_channellast_fwd_kernel<Ktraits, kHasSeqIdx>; kernel<<<grid, Ktraits::kNThreads, 0, stream>>>(params); do { const cudaError_t __err = cudaGetLastError(); c10::cuda::c10_cuda_check_implementation( static_cast<int32_t>(__err), "D:\\antigravity\\bridge2-nn\\causal-conv1d-repo\\csrc\\causal_conv1d_fwd.cu", __func__, static_cast<uint32_t>(366), true); } while (0); }(); } }();
                                                                                                                                                                                                                                                                                                                                                                                                                                                                                                                              ^
            detected during:
              instantiation of "void causal_conv1d_channellast_fwd_launch<kNThreads,kWidth,input_t,weight_t>(ConvParamsBase &, cudaStream_t) [with kNThreads=128, kWidth=3, input_t=c10::BFloat16, weight_t=float]" at line 374
              instantiation of "void causal_conv1d_channellast_fwd_cuda<input_t,weight_t>(ConvParamsBase &, cudaStream_t) [with input_t=c10::BFloat16, weight_t=float]" at line 392

  D:\antigravity\bridge2-nn\causal-conv1d-repo\csrc\causal_conv1d_fwd.cu(208): warning #177-D: variable "kNWarp" was declared but never referenced
        constexpr int kNWarp = Ktraits::kNWarps;
                      ^
            detected during:
              instantiation of "void causal_conv1d_channellast_fwd_kernel<Ktraits,kHasSeqIdx>(ConvParamsBase) [with Ktraits=Causal_conv1d_channellast_fwd_kernel_traits<128, 3, 64, true, c10::BFloat16, float>, kHasSeqIdx=false]" at line 349
              instantiation of "void causal_conv1d_channellast_fwd_launch<kNThreads,kWidth,input_t,weight_t>(ConvParamsBase &, cudaStream_t) [with kNThreads=128, kWidth=3, input_t=c10::BFloat16, weight_t=float]" at line 374
              instantiation of "void causal_conv1d_channellast_fwd_cuda<input_t,weight_t>(ConvParamsBase &, cudaStream_t) [with input_t=c10::BFloat16, weight_t=float]" at line 392

  D:\antigravity\bridge2-nn\causal-conv1d-repo\csrc\causal_conv1d_fwd.cu(232): warning #177-D: variable "seq_idx" was declared but never referenced
        int *seq_idx = !kHasSeqIdx ? nullptr : reinterpret_cast<int *>(params.seq_idx_ptr)
             ^
            detected during:
              instantiation of "void causal_conv1d_channellast_fwd_kernel<Ktraits,kHasSeqIdx>(ConvParamsBase) [with Ktraits=Causal_conv1d_channellast_fwd_kernel_traits<128, 3, 64, true, c10::BFloat16, float>, kHasSeqIdx=false]" at line 349
              instantiation of "void causal_conv1d_channellast_fwd_launch<kNThreads,kWidth,input_t,weight_t>(ConvParamsBase &, cudaStream_t) [with kNThreads=128, kWidth=3, input_t=c10::BFloat16, weight_t=float]" at line 374
              instantiation of "void causal_conv1d_channellast_fwd_cuda<input_t,weight_t>(ConvParamsBase &, cudaStream_t) [with input_t=c10::BFloat16, weight_t=float]" at line 392

  D:\antigravity\bridge2-nn\causal-conv1d-repo\csrc\causal_conv1d_fwd.cu(349): warning #177-D: variable "block" was declared but never referenced
        [&] { if (params.seq_idx_ptr != nullptr) { static constexpr bool kHasSeqIdx = true; return [&] { using Ktraits = Causal_conv1d_channellast_fwd_kernel_traits<kNThreads, kWidth, 64, true, input_t, weight_t>; constexpr int kChunkSizeL = Ktraits::kChunkSizeL; constexpr int kChunkSizeC = Ktraits::kNEltsPerRow; const int n_chunks_L = (params.seqlen + kChunkSizeL - 1) / kChunkSizeL; const int n_chunks_C = (params.dim + kChunkSizeC - 1) / kChunkSizeC; dim3 grid(params.batch, n_chunks_L, n_chunks_C); dim3 block(Ktraits::kNThreads); auto kernel = &causal_conv1d_channellast_fwd_kernel<Ktraits, kHasSeqIdx>; kernel<<<grid, Ktraits::kNThreads, 0, stream>>>(params); do { const cudaError_t __err = cudaGetLastError(); c10::cuda::c10_cuda_check_implementation( static_cast<int32_t>(__err), "D:\\antigravity\\bridge2-nn\\causal-conv1d-repo\\csrc\\causal_conv1d_fwd.cu", __func__, static_cast<uint32_t>(366), true); } while (0); }(); } else { static constexpr bool kHasSeqIdx = false; return [&] { using Ktraits = Causal_conv1d_channellast_fwd_kernel_traits<kNThreads, kWidth, 64, true, input_t, weight_t>; constexpr int kChunkSizeL = Ktraits::kChunkSizeL; constexpr int kChunkSizeC = Ktraits::kNEltsPerRow; const int n_chunks_L = (params.seqlen + kChunkSizeL - 1) / kChunkSizeL; const int n_chunks_C = (params.dim + kChunkSizeC - 1) / kChunkSizeC; dim3 grid(params.batch, n_chunks_L, n_chunks_C); dim3 block(Ktraits::kNThreads); auto kernel = &causal_conv1d_channellast_fwd_kernel<Ktraits, kHasSeqIdx>; kernel<<<grid, Ktraits::kNThreads, 0, stream>>>(params); do { const cudaError_t __err = cudaGetLastError(); c10::cuda::c10_cuda_check_implementation( static_cast<int32_t>(__err), "D:\\antigravity\\bridge2-nn\\causal-conv1d-repo\\csrc\\causal_conv1d_fwd.cu", __func__, static_cast<uint32_t>(366), true); } while (0); }(); } }();
                                                                                                                                                                                                                                                                                                                                                                                                                                                                                                                                                                                                                                                                                                                                                                                                                                                                                                                                                                                                                                                                                                                                                                                                                                                                                                                                                                                                                                                         ^
            detected during:
              instantiation of "void causal_conv1d_channellast_fwd_launch<kNThreads,kWidth,input_t,weight_t>(ConvParamsBase &, cudaStream_t) [with kNThreads=128, kWidth=3, input_t=c10::BFloat16, weight_t=float]" at line 374
              instantiation of "void causal_conv1d_channellast_fwd_cuda<input_t,weight_t>(ConvParamsBase &, cudaStream_t) [with input_t=c10::BFloat16, weight_t=float]" at line 392

  D:\antigravity\bridge2-nn\causal-conv1d-repo\csrc\causal_conv1d_fwd.cu(208): warning #177-D: variable "kNWarp" was declared but never referenced
        constexpr int kNWarp = Ktraits::kNWarps;
                      ^
            detected during:
              instantiation of "void causal_conv1d_channellast_fwd_kernel<Ktraits,kHasSeqIdx>(ConvParamsBase) [with Ktraits=Causal_conv1d_channellast_fwd_kernel_traits<128, 4, 64, true, c10::BFloat16, float>, kHasSeqIdx=true]" at line 349
              instantiation of "void causal_conv1d_channellast_fwd_launch<kNThreads,kWidth,input_t,weight_t>(ConvParamsBase &, cudaStream_t) [with kNThreads=128, kWidth=4, input_t=c10::BFloat16, weight_t=float]" at line 376
              instantiation of "void causal_conv1d_channellast_fwd_cuda<input_t,weight_t>(ConvParamsBase &, cudaStream_t) [with input_t=c10::BFloat16, weight_t=float]" at line 392

  D:\antigravity\bridge2-nn\causal-conv1d-repo\csrc\causal_conv1d_fwd.cu(349): warning #177-D: variable "block" was declared but never referenced
        [&] { if (params.seq_idx_ptr != nullptr) { static constexpr bool kHasSeqIdx = true; return [&] { using Ktraits = Causal_conv1d_channellast_fwd_kernel_traits<kNThreads, kWidth, 64, true, input_t, weight_t>; constexpr int kChunkSizeL = Ktraits::kChunkSizeL; constexpr int kChunkSizeC = Ktraits::kNEltsPerRow; const int n_chunks_L = (params.seqlen + kChunkSizeL - 1) / kChunkSizeL; const int n_chunks_C = (params.dim + kChunkSizeC - 1) / kChunkSizeC; dim3 grid(params.batch, n_chunks_L, n_chunks_C); dim3 block(Ktraits::kNThreads); auto kernel = &causal_conv1d_channellast_fwd_kernel<Ktraits, kHasSeqIdx>; kernel<<<grid, Ktraits::kNThreads, 0, stream>>>(params); do { const cudaError_t __err = cudaGetLastError(); c10::cuda::c10_cuda_check_implementation( static_cast<int32_t>(__err), "D:\\antigravity\\bridge2-nn\\causal-conv1d-repo\\csrc\\causal_conv1d_fwd.cu", __func__, static_cast<uint32_t>(366), true); } while (0); }(); } else { static constexpr bool kHasSeqIdx = false; return [&] { using Ktraits = Causal_conv1d_channellast_fwd_kernel_traits<kNThreads, kWidth, 64, true, input_t, weight_t>; constexpr int kChunkSizeL = Ktraits::kChunkSizeL; constexpr int kChunkSizeC = Ktraits::kNEltsPerRow; const int n_chunks_L = (params.seqlen + kChunkSizeL - 1) / kChunkSizeL; const int n_chunks_C = (params.dim + kChunkSizeC - 1) / kChunkSizeC; dim3 grid(params.batch, n_chunks_L, n_chunks_C); dim3 block(Ktraits::kNThreads); auto kernel = &causal_conv1d_channellast_fwd_kernel<Ktraits, kHasSeqIdx>; kernel<<<grid, Ktraits::kNThreads, 0, stream>>>(params); do { const cudaError_t __err = cudaGetLastError(); c10::cuda::c10_cuda_check_implementation( static_cast<int32_t>(__err), "D:\\antigravity\\bridge2-nn\\causal-conv1d-repo\\csrc\\causal_conv1d_fwd.cu", __func__, static_cast<uint32_t>(366), true); } while (0); }(); } }();
                                                                                                                                                                                                                                                                                                                                                                                                                                                                                                                              ^
            detected during:
              instantiation of "void causal_conv1d_channellast_fwd_launch<kNThreads,kWidth,input_t,weight_t>(ConvParamsBase &, cudaStream_t) [with kNThreads=128, kWidth=4, input_t=c10::BFloat16, weight_t=float]" at line 376
              instantiation of "void causal_conv1d_channellast_fwd_cuda<input_t,weight_t>(ConvParamsBase &, cudaStream_t) [with input_t=c10::BFloat16, weight_t=float]" at line 392

  D:\antigravity\bridge2-nn\causal-conv1d-repo\csrc\causal_conv1d_fwd.cu(208): warning #177-D: variable "kNWarp" was declared but never referenced
        constexpr int kNWarp = Ktraits::kNWarps;
                      ^
            detected during:
              instantiation of "void causal_conv1d_channellast_fwd_kernel<Ktraits,kHasSeqIdx>(ConvParamsBase) [with Ktraits=Causal_conv1d_channellast_fwd_kernel_traits<128, 4, 64, true, c10::BFloat16, float>, kHasSeqIdx=false]" at line 349
              instantiation of "void causal_conv1d_channellast_fwd_launch<kNThreads,kWidth,input_t,weight_t>(ConvParamsBase &, cudaStream_t) [with kNThreads=128, kWidth=4, input_t=c10::BFloat16, weight_t=float]" at line 376
              instantiation of "void causal_conv1d_channellast_fwd_cuda<input_t,weight_t>(ConvParamsBase &, cudaStream_t) [with input_t=c10::BFloat16, weight_t=float]" at line 392

  D:\antigravity\bridge2-nn\causal-conv1d-repo\csrc\causal_conv1d_fwd.cu(232): warning #177-D: variable "seq_idx" was declared but never referenced
        int *seq_idx = !kHasSeqIdx ? nullptr : reinterpret_cast<int *>(params.seq_idx_ptr)
             ^
            detected during:
              instantiation of "void causal_conv1d_channellast_fwd_kernel<Ktraits,kHasSeqIdx>(ConvParamsBase) [with Ktraits=Causal_conv1d_channellast_fwd_kernel_traits<128, 4, 64, true, c10::BFloat16, float>, kHasSeqIdx=false]" at line 349
              instantiation of "void causal_conv1d_channellast_fwd_launch<kNThreads,kWidth,input_t,weight_t>(ConvParamsBase &, cudaStream_t) [with kNThreads=128, kWidth=4, input_t=c10::BFloat16, weight_t=float]" at line 376
              instantiation of "void causal_conv1d_channellast_fwd_cuda<input_t,weight_t>(ConvParamsBase &, cudaStream_t) [with input_t=c10::BFloat16, weight_t=float]" at line 392

  D:\antigravity\bridge2-nn\causal-conv1d-repo\csrc\causal_conv1d_fwd.cu(349): warning #177-D: variable "block" was declared but never referenced
        [&] { if (params.seq_idx_ptr != nullptr) { static constexpr bool kHasSeqIdx = true; return [&] { using Ktraits = Causal_conv1d_channellast_fwd_kernel_traits<kNThreads, kWidth, 64, true, input_t, weight_t>; constexpr int kChunkSizeL = Ktraits::kChunkSizeL; constexpr int kChunkSizeC = Ktraits::kNEltsPerRow; const int n_chunks_L = (params.seqlen + kChunkSizeL - 1) / kChunkSizeL; const int n_chunks_C = (params.dim + kChunkSizeC - 1) / kChunkSizeC; dim3 grid(params.batch, n_chunks_L, n_chunks_C); dim3 block(Ktraits::kNThreads); auto kernel = &causal_conv1d_channellast_fwd_kernel<Ktraits, kHasSeqIdx>; kernel<<<grid, Ktraits::kNThreads, 0, stream>>>(params); do { const cudaError_t __err = cudaGetLastError(); c10::cuda::c10_cuda_check_implementation( static_cast<int32_t>(__err), "D:\\antigravity\\bridge2-nn\\causal-conv1d-repo\\csrc\\causal_conv1d_fwd.cu", __func__, static_cast<uint32_t>(366), true); } while (0); }(); } else { static constexpr bool kHasSeqIdx = false; return [&] { using Ktraits = Causal_conv1d_channellast_fwd_kernel_traits<kNThreads, kWidth, 64, true, input_t, weight_t>; constexpr int kChunkSizeL = Ktraits::kChunkSizeL; constexpr int kChunkSizeC = Ktraits::kNEltsPerRow; const int n_chunks_L = (params.seqlen + kChunkSizeL - 1) / kChunkSizeL; const int n_chunks_C = (params.dim + kChunkSizeC - 1) / kChunkSizeC; dim3 grid(params.batch, n_chunks_L, n_chunks_C); dim3 block(Ktraits::kNThreads); auto kernel = &causal_conv1d_channellast_fwd_kernel<Ktraits, kHasSeqIdx>; kernel<<<grid, Ktraits::kNThreads, 0, stream>>>(params); do { const cudaError_t __err = cudaGetLastError(); c10::cuda::c10_cuda_check_implementation( static_cast<int32_t>(__err), "D:\\antigravity\\bridge2-nn\\causal-conv1d-repo\\csrc\\causal_conv1d_fwd.cu", __func__, static_cast<uint32_t>(366), true); } while (0); }(); } }();
                                                                                                                                                                                                                                                                                                                                                                                                                                                                                                                                                                                                                                                                                                                                                                                                                                                                                                                                                                                                                                                                                                                                                                                                                                                                                                                                                                                                                                                         ^
            detected during:
              instantiation of "void causal_conv1d_channellast_fwd_launch<kNThreads,kWidth,input_t,weight_t>(ConvParamsBase &, cudaStream_t) [with kNThreads=128, kWidth=4, input_t=c10::BFloat16, weight_t=float]" at line 376
              instantiation of "void causal_conv1d_channellast_fwd_cuda<input_t,weight_t>(ConvParamsBase &, cudaStream_t) [with input_t=c10::BFloat16, weight_t=float]" at line 392

  D:\antigravity\bridge2-nn\causal-conv1d-repo\csrc\causal_conv1d_fwd.cu(208): warning #177-D: variable "kNWarp" was declared but never referenced
        constexpr int kNWarp = Ktraits::kNWarps;
                      ^
            detected during:
              instantiation of "void causal_conv1d_channellast_fwd_kernel<Ktraits,kHasSeqIdx>(ConvParamsBase) [with Ktraits=Causal_conv1d_channellast_fwd_kernel_traits<128, 2, 64, true, float, c10::Half>, kHasSeqIdx=true]" at line 349
              instantiation of "void causal_conv1d_channellast_fwd_launch<kNThreads,kWidth,input_t,weight_t>(ConvParamsBase &, cudaStream_t) [with kNThreads=128, kWidth=2, input_t=float, weight_t=c10::Half]" at line 372
              instantiation of "void causal_conv1d_channellast_fwd_cuda<input_t,weight_t>(ConvParamsBase &, cudaStream_t) [with input_t=float, weight_t=c10::Half]" at line 393

  D:\antigravity\bridge2-nn\causal-conv1d-repo\csrc\causal_conv1d_fwd.cu(349): warning #177-D: variable "block" was declared but never referenced
        [&] { if (params.seq_idx_ptr != nullptr) { static constexpr bool kHasSeqIdx = true; return [&] { using Ktraits = Causal_conv1d_channellast_fwd_kernel_traits<kNThreads, kWidth, 64, true, input_t, weight_t>; constexpr int kChunkSizeL = Ktraits::kChunkSizeL; constexpr int kChunkSizeC = Ktraits::kNEltsPerRow; const int n_chunks_L = (params.seqlen + kChunkSizeL - 1) / kChunkSizeL; const int n_chunks_C = (params.dim + kChunkSizeC - 1) / kChunkSizeC; dim3 grid(params.batch, n_chunks_L, n_chunks_C); dim3 block(Ktraits::kNThreads); auto kernel = &causal_conv1d_channellast_fwd_kernel<Ktraits, kHasSeqIdx>; kernel<<<grid, Ktraits::kNThreads, 0, stream>>>(params); do { const cudaError_t __err = cudaGetLastError(); c10::cuda::c10_cuda_check_implementation( static_cast<int32_t>(__err), "D:\\antigravity\\bridge2-nn\\causal-conv1d-repo\\csrc\\causal_conv1d_fwd.cu", __func__, static_cast<uint32_t>(366), true); } while (0); }(); } else { static constexpr bool kHasSeqIdx = false; return [&] { using Ktraits = Causal_conv1d_channellast_fwd_kernel_traits<kNThreads, kWidth, 64, true, input_t, weight_t>; constexpr int kChunkSizeL = Ktraits::kChunkSizeL; constexpr int kChunkSizeC = Ktraits::kNEltsPerRow; const int n_chunks_L = (params.seqlen + kChunkSizeL - 1) / kChunkSizeL; const int n_chunks_C = (params.dim + kChunkSizeC - 1) / kChunkSizeC; dim3 grid(params.batch, n_chunks_L, n_chunks_C); dim3 block(Ktraits::kNThreads); auto kernel = &causal_conv1d_channellast_fwd_kernel<Ktraits, kHasSeqIdx>; kernel<<<grid, Ktraits::kNThreads, 0, stream>>>(params); do { const cudaError_t __err = cudaGetLastError(); c10::cuda::c10_cuda_check_implementation( static_cast<int32_t>(__err), "D:\\antigravity\\bridge2-nn\\causal-conv1d-repo\\csrc\\causal_conv1d_fwd.cu", __func__, static_cast<uint32_t>(366), true); } while (0); }(); } }();
                                                                                                                                                                                                                                                                                                                                                                                                                                                                                                                              ^
            detected during:
              instantiation of "void causal_conv1d_channellast_fwd_launch<kNThreads,kWidth,input_t,weight_t>(ConvParamsBase &, cudaStream_t) [with kNThreads=128, kWidth=2, input_t=float, weight_t=c10::Half]" at line 372
              instantiation of "void causal_conv1d_channellast_fwd_cuda<input_t,weight_t>(ConvParamsBase &, cudaStream_t) [with input_t=float, weight_t=c10::Half]" at line 393

  D:\antigravity\bridge2-nn\causal-conv1d-repo\csrc\causal_conv1d_fwd.cu(208): warning #177-D: variable "kNWarp" was declared but never referenced
        constexpr int kNWarp = Ktraits::kNWarps;
                      ^
            detected during:
              instantiation of "void causal_conv1d_channellast_fwd_kernel<Ktraits,kHasSeqIdx>(ConvParamsBase) [with Ktraits=Causal_conv1d_channellast_fwd_kernel_traits<128, 2, 64, true, float, c10::Half>, kHasSeqIdx=false]" at line 349
              instantiation of "void causal_conv1d_channellast_fwd_launch<kNThreads,kWidth,input_t,weight_t>(ConvParamsBase &, cudaStream_t) [with kNThreads=128, kWidth=2, input_t=float, weight_t=c10::Half]" at line 372
              instantiation of "void causal_conv1d_channellast_fwd_cuda<input_t,weight_t>(ConvParamsBase &, cudaStream_t) [with input_t=float, weight_t=c10::Half]" at line 393

  D:\antigravity\bridge2-nn\causal-conv1d-repo\csrc\causal_conv1d_fwd.cu(232): warning #177-D: variable "seq_idx" was declared but never referenced
        int *seq_idx = !kHasSeqIdx ? nullptr : reinterpret_cast<int *>(params.seq_idx_ptr)
             ^
            detected during:
              instantiation of "void causal_conv1d_channellast_fwd_kernel<Ktraits,kHasSeqIdx>(ConvParamsBase) [with Ktraits=Causal_conv1d_channellast_fwd_kernel_traits<128, 2, 64, true, float, c10::Half>, kHasSeqIdx=false]" at line 349
              instantiation of "void causal_conv1d_channellast_fwd_launch<kNThreads,kWidth,input_t,weight_t>(ConvParamsBase &, cudaStream_t) [with kNThreads=128, kWidth=2, input_t=float, weight_t=c10::Half]" at line 372
              instantiation of "void causal_conv1d_channellast_fwd_cuda<input_t,weight_t>(ConvParamsBase &, cudaStream_t) [with input_t=float, weight_t=c10::Half]" at line 393

  D:\antigravity\bridge2-nn\causal-conv1d-repo\csrc\causal_conv1d_fwd.cu(349): warning #177-D: variable "block" was declared but never referenced
        [&] { if (params.seq_idx_ptr != nullptr) { static constexpr bool kHasSeqIdx = true; return [&] { using Ktraits = Causal_conv1d_channellast_fwd_kernel_traits<kNThreads, kWidth, 64, true, input_t, weight_t>; constexpr int kChunkSizeL = Ktraits::kChunkSizeL; constexpr int kChunkSizeC = Ktraits::kNEltsPerRow; const int n_chunks_L = (params.seqlen + kChunkSizeL - 1) / kChunkSizeL; const int n_chunks_C = (params.dim + kChunkSizeC - 1) / kChunkSizeC; dim3 grid(params.batch, n_chunks_L, n_chunks_C); dim3 block(Ktraits::kNThreads); auto kernel = &causal_conv1d_channellast_fwd_kernel<Ktraits, kHasSeqIdx>; kernel<<<grid, Ktraits::kNThreads, 0, stream>>>(params); do { const cudaError_t __err = cudaGetLastError(); c10::cuda::c10_cuda_check_implementation( static_cast<int32_t>(__err), "D:\\antigravity\\bridge2-nn\\causal-conv1d-repo\\csrc\\causal_conv1d_fwd.cu", __func__, static_cast<uint32_t>(366), true); } while (0); }(); } else { static constexpr bool kHasSeqIdx = false; return [&] { using Ktraits = Causal_conv1d_channellast_fwd_kernel_traits<kNThreads, kWidth, 64, true, input_t, weight_t>; constexpr int kChunkSizeL = Ktraits::kChunkSizeL; constexpr int kChunkSizeC = Ktraits::kNEltsPerRow; const int n_chunks_L = (params.seqlen + kChunkSizeL - 1) / kChunkSizeL; const int n_chunks_C = (params.dim + kChunkSizeC - 1) / kChunkSizeC; dim3 grid(params.batch, n_chunks_L, n_chunks_C); dim3 block(Ktraits::kNThreads); auto kernel = &causal_conv1d_channellast_fwd_kernel<Ktraits, kHasSeqIdx>; kernel<<<grid, Ktraits::kNThreads, 0, stream>>>(params); do { const cudaError_t __err = cudaGetLastError(); c10::cuda::c10_cuda_check_implementation( static_cast<int32_t>(__err), "D:\\antigravity\\bridge2-nn\\causal-conv1d-repo\\csrc\\causal_conv1d_fwd.cu", __func__, static_cast<uint32_t>(366), true); } while (0); }(); } }();
                                                                                                                                                                                                                                                                                                                                                                                                                                                                                                                                                                                                                                                                                                                                                                                                                                                                                                                                                                                                                                                                                                                                                                                                                                                                                                                                                                                                                                                         ^
            detected during:
              instantiation of "void causal_conv1d_channellast_fwd_launch<kNThreads,kWidth,input_t,weight_t>(ConvParamsBase &, cudaStream_t) [with kNThreads=128, kWidth=2, input_t=float, weight_t=c10::Half]" at line 372
              instantiation of "void causal_conv1d_channellast_fwd_cuda<input_t,weight_t>(ConvParamsBase &, cudaStream_t) [with input_t=float, weight_t=c10::Half]" at line 393

  D:\antigravity\bridge2-nn\causal-conv1d-repo\csrc\causal_conv1d_fwd.cu(208): warning #177-D: variable "kNWarp" was declared but never referenced
        constexpr int kNWarp = Ktraits::kNWarps;
                      ^
            detected during:
              instantiation of "void causal_conv1d_channellast_fwd_kernel<Ktraits,kHasSeqIdx>(ConvParamsBase) [with Ktraits=Causal_conv1d_channellast_fwd_kernel_traits<128, 3, 64, true, float, c10::Half>, kHasSeqIdx=true]" at line 349
              instantiation of "void causal_conv1d_channellast_fwd_launch<kNThreads,kWidth,input_t,weight_t>(ConvParamsBase &, cudaStream_t) [with kNThreads=128, kWidth=3, input_t=float, weight_t=c10::Half]" at line 374
              instantiation of "void causal_conv1d_channellast_fwd_cuda<input_t,weight_t>(ConvParamsBase &, cudaStream_t) [with input_t=float, weight_t=c10::Half]" at line 393

  D:\antigravity\bridge2-nn\causal-conv1d-repo\csrc\causal_conv1d_fwd.cu(349): warning #177-D: variable "block" was declared but never referenced
        [&] { if (params.seq_idx_ptr != nullptr) { static constexpr bool kHasSeqIdx = true; return [&] { using Ktraits = Causal_conv1d_channellast_fwd_kernel_traits<kNThreads, kWidth, 64, true, input_t, weight_t>; constexpr int kChunkSizeL = Ktraits::kChunkSizeL; constexpr int kChunkSizeC = Ktraits::kNEltsPerRow; const int n_chunks_L = (params.seqlen + kChunkSizeL - 1) / kChunkSizeL; const int n_chunks_C = (params.dim + kChunkSizeC - 1) / kChunkSizeC; dim3 grid(params.batch, n_chunks_L, n_chunks_C); dim3 block(Ktraits::kNThreads); auto kernel = &causal_conv1d_channellast_fwd_kernel<Ktraits, kHasSeqIdx>; kernel<<<grid, Ktraits::kNThreads, 0, stream>>>(params); do { const cudaError_t __err = cudaGetLastError(); c10::cuda::c10_cuda_check_implementation( static_cast<int32_t>(__err), "D:\\antigravity\\bridge2-nn\\causal-conv1d-repo\\csrc\\causal_conv1d_fwd.cu", __func__, static_cast<uint32_t>(366), true); } while (0); }(); } else { static constexpr bool kHasSeqIdx = false; return [&] { using Ktraits = Causal_conv1d_channellast_fwd_kernel_traits<kNThreads, kWidth, 64, true, input_t, weight_t>; constexpr int kChunkSizeL = Ktraits::kChunkSizeL; constexpr int kChunkSizeC = Ktraits::kNEltsPerRow; const int n_chunks_L = (params.seqlen + kChunkSizeL - 1) / kChunkSizeL; const int n_chunks_C = (params.dim + kChunkSizeC - 1) / kChunkSizeC; dim3 grid(params.batch, n_chunks_L, n_chunks_C); dim3 block(Ktraits::kNThreads); auto kernel = &causal_conv1d_channellast_fwd_kernel<Ktraits, kHasSeqIdx>; kernel<<<grid, Ktraits::kNThreads, 0, stream>>>(params); do { const cudaError_t __err = cudaGetLastError(); c10::cuda::c10_cuda_check_implementation( static_cast<int32_t>(__err), "D:\\antigravity\\bridge2-nn\\causal-conv1d-repo\\csrc\\causal_conv1d_fwd.cu", __func__, static_cast<uint32_t>(366), true); } while (0); }(); } }();
                                                                                                                                                                                                                                                                                                                                                                                                                                                                                                                              ^
            detected during:
              instantiation of "void causal_conv1d_channellast_fwd_launch<kNThreads,kWidth,input_t,weight_t>(ConvParamsBase &, cudaStream_t) [with kNThreads=128, kWidth=3, input_t=float, weight_t=c10::Half]" at line 374
              instantiation of "void causal_conv1d_channellast_fwd_cuda<input_t,weight_t>(ConvParamsBase &, cudaStream_t) [with input_t=float, weight_t=c10::Half]" at line 393

  D:\antigravity\bridge2-nn\causal-conv1d-repo\csrc\causal_conv1d_fwd.cu(208): warning #177-D: variable "kNWarp" was declared but never referenced
        constexpr int kNWarp = Ktraits::kNWarps;
                      ^
            detected during:
              instantiation of "void causal_conv1d_channellast_fwd_kernel<Ktraits,kHasSeqIdx>(ConvParamsBase) [with Ktraits=Causal_conv1d_channellast_fwd_kernel_traits<128, 3, 64, true, float, c10::Half>, kHasSeqIdx=false]" at line 349
              instantiation of "void causal_conv1d_channellast_fwd_launch<kNThreads,kWidth,input_t,weight_t>(ConvParamsBase &, cudaStream_t) [with kNThreads=128, kWidth=3, input_t=float, weight_t=c10::Half]" at line 374
              instantiation of "void causal_conv1d_channellast_fwd_cuda<input_t,weight_t>(ConvParamsBase &, cudaStream_t) [with input_t=float, weight_t=c10::Half]" at line 393

  D:\antigravity\bridge2-nn\causal-conv1d-repo\csrc\causal_conv1d_fwd.cu(232): warning #177-D: variable "seq_idx" was declared but never referenced
        int *seq_idx = !kHasSeqIdx ? nullptr : reinterpret_cast<int *>(params.seq_idx_ptr)
             ^
            detected during:
              instantiation of "void causal_conv1d_channellast_fwd_kernel<Ktraits,kHasSeqIdx>(ConvParamsBase) [with Ktraits=Causal_conv1d_channellast_fwd_kernel_traits<128, 3, 64, true, float, c10::Half>, kHasSeqIdx=false]" at line 349
              instantiation of "void causal_conv1d_channellast_fwd_launch<kNThreads,kWidth,input_t,weight_t>(ConvParamsBase &, cudaStream_t) [with kNThreads=128, kWidth=3, input_t=float, weight_t=c10::Half]" at line 374
              instantiation of "void causal_conv1d_channellast_fwd_cuda<input_t,weight_t>(ConvParamsBase &, cudaStream_t) [with input_t=float, weight_t=c10::Half]" at line 393

  D:\antigravity\bridge2-nn\causal-conv1d-repo\csrc\causal_conv1d_fwd.cu(349): warning #177-D: variable "block" was declared but never referenced
        [&] { if (params.seq_idx_ptr != nullptr) { static constexpr bool kHasSeqIdx = true; return [&] { using Ktraits = Causal_conv1d_channellast_fwd_kernel_traits<kNThreads, kWidth, 64, true, input_t, weight_t>; constexpr int kChunkSizeL = Ktraits::kChunkSizeL; constexpr int kChunkSizeC = Ktraits::kNEltsPerRow; const int n_chunks_L = (params.seqlen + kChunkSizeL - 1) / kChunkSizeL; const int n_chunks_C = (params.dim + kChunkSizeC - 1) / kChunkSizeC; dim3 grid(params.batch, n_chunks_L, n_chunks_C); dim3 block(Ktraits::kNThreads); auto kernel = &causal_conv1d_channellast_fwd_kernel<Ktraits, kHasSeqIdx>; kernel<<<grid, Ktraits::kNThreads, 0, stream>>>(params); do { const cudaError_t __err = cudaGetLastError(); c10::cuda::c10_cuda_check_implementation( static_cast<int32_t>(__err), "D:\\antigravity\\bridge2-nn\\causal-conv1d-repo\\csrc\\causal_conv1d_fwd.cu", __func__, static_cast<uint32_t>(366), true); } while (0); }(); } else { static constexpr bool kHasSeqIdx = false; return [&] { using Ktraits = Causal_conv1d_channellast_fwd_kernel_traits<kNThreads, kWidth, 64, true, input_t, weight_t>; constexpr int kChunkSizeL = Ktraits::kChunkSizeL; constexpr int kChunkSizeC = Ktraits::kNEltsPerRow; const int n_chunks_L = (params.seqlen + kChunkSizeL - 1) / kChunkSizeL; const int n_chunks_C = (params.dim + kChunkSizeC - 1) / kChunkSizeC; dim3 grid(params.batch, n_chunks_L, n_chunks_C); dim3 block(Ktraits::kNThreads); auto kernel = &causal_conv1d_channellast_fwd_kernel<Ktraits, kHasSeqIdx>; kernel<<<grid, Ktraits::kNThreads, 0, stream>>>(params); do { const cudaError_t __err = cudaGetLastError(); c10::cuda::c10_cuda_check_implementation( static_cast<int32_t>(__err), "D:\\antigravity\\bridge2-nn\\causal-conv1d-repo\\csrc\\causal_conv1d_fwd.cu", __func__, static_cast<uint32_t>(366), true); } while (0); }(); } }();
                                                                                                                                                                                                                                                                                                                                                                                                                                                                                                                                                                                                                                                                                                                                                                                                                                                                                                                                                                                                                                                                                                                                                                                                                                                                                                                                                                                                                                                         ^
            detected during:
              instantiation of "void causal_conv1d_channellast_fwd_launch<kNThreads,kWidth,input_t,weight_t>(ConvParamsBase &, cudaStream_t) [with kNThreads=128, kWidth=3, input_t=float, weight_t=c10::Half]" at line 374
              instantiation of "void causal_conv1d_channellast_fwd_cuda<input_t,weight_t>(ConvParamsBase &, cudaStream_t) [with input_t=float, weight_t=c10::Half]" at line 393

  D:\antigravity\bridge2-nn\causal-conv1d-repo\csrc\causal_conv1d_fwd.cu(208): warning #177-D: variable "kNWarp" was declared but never referenced
        constexpr int kNWarp = Ktraits::kNWarps;
                      ^
            detected during:
              instantiation of "void causal_conv1d_channellast_fwd_kernel<Ktraits,kHasSeqIdx>(ConvParamsBase) [with Ktraits=Causal_conv1d_channellast_fwd_kernel_traits<128, 4, 64, true, float, c10::Half>, kHasSeqIdx=true]" at line 349
              instantiation of "void causal_conv1d_channellast_fwd_launch<kNThreads,kWidth,input_t,weight_t>(ConvParamsBase &, cudaStream_t) [with kNThreads=128, kWidth=4, input_t=float, weight_t=c10::Half]" at line 376
              instantiation of "void causal_conv1d_channellast_fwd_cuda<input_t,weight_t>(ConvParamsBase &, cudaStream_t) [with input_t=float, weight_t=c10::Half]" at line 393

  D:\antigravity\bridge2-nn\causal-conv1d-repo\csrc\causal_conv1d_fwd.cu(349): warning #177-D: variable "block" was declared but never referenced
        [&] { if (params.seq_idx_ptr != nullptr) { static constexpr bool kHasSeqIdx = true; return [&] { using Ktraits = Causal_conv1d_channellast_fwd_kernel_traits<kNThreads, kWidth, 64, true, input_t, weight_t>; constexpr int kChunkSizeL = Ktraits::kChunkSizeL; constexpr int kChunkSizeC = Ktraits::kNEltsPerRow; const int n_chunks_L = (params.seqlen + kChunkSizeL - 1) / kChunkSizeL; const int n_chunks_C = (params.dim + kChunkSizeC - 1) / kChunkSizeC; dim3 grid(params.batch, n_chunks_L, n_chunks_C); dim3 block(Ktraits::kNThreads); auto kernel = &causal_conv1d_channellast_fwd_kernel<Ktraits, kHasSeqIdx>; kernel<<<grid, Ktraits::kNThreads, 0, stream>>>(params); do { const cudaError_t __err = cudaGetLastError(); c10::cuda::c10_cuda_check_implementation( static_cast<int32_t>(__err), "D:\\antigravity\\bridge2-nn\\causal-conv1d-repo\\csrc\\causal_conv1d_fwd.cu", __func__, static_cast<uint32_t>(366), true); } while (0); }(); } else { static constexpr bool kHasSeqIdx = false; return [&] { using Ktraits = Causal_conv1d_channellast_fwd_kernel_traits<kNThreads, kWidth, 64, true, input_t, weight_t>; constexpr int kChunkSizeL = Ktraits::kChunkSizeL; constexpr int kChunkSizeC = Ktraits::kNEltsPerRow; const int n_chunks_L = (params.seqlen + kChunkSizeL - 1) / kChunkSizeL; const int n_chunks_C = (params.dim + kChunkSizeC - 1) / kChunkSizeC; dim3 grid(params.batch, n_chunks_L, n_chunks_C); dim3 block(Ktraits::kNThreads); auto kernel = &causal_conv1d_channellast_fwd_kernel<Ktraits, kHasSeqIdx>; kernel<<<grid, Ktraits::kNThreads, 0, stream>>>(params); do { const cudaError_t __err = cudaGetLastError(); c10::cuda::c10_cuda_check_implementation( static_cast<int32_t>(__err), "D:\\antigravity\\bridge2-nn\\causal-conv1d-repo\\csrc\\causal_conv1d_fwd.cu", __func__, static_cast<uint32_t>(366), true); } while (0); }(); } }();
                                                                                                                                                                                                                                                                                                                                                                                                                                                                                                                              ^
            detected during:
              instantiation of "void causal_conv1d_channellast_fwd_launch<kNThreads,kWidth,input_t,weight_t>(ConvParamsBase &, cudaStream_t) [with kNThreads=128, kWidth=4, input_t=float, weight_t=c10::Half]" at line 376
              instantiation of "void causal_conv1d_channellast_fwd_cuda<input_t,weight_t>(ConvParamsBase &, cudaStream_t) [with input_t=float, weight_t=c10::Half]" at line 393

  D:\antigravity\bridge2-nn\causal-conv1d-repo\csrc\causal_conv1d_fwd.cu(208): warning #177-D: variable "kNWarp" was declared but never referenced
        constexpr int kNWarp = Ktraits::kNWarps;
                      ^
            detected during:
              instantiation of "void causal_conv1d_channellast_fwd_kernel<Ktraits,kHasSeqIdx>(ConvParamsBase) [with Ktraits=Causal_conv1d_channellast_fwd_kernel_traits<128, 4, 64, true, float, c10::Half>, kHasSeqIdx=false]" at line 349
              instantiation of "void causal_conv1d_channellast_fwd_launch<kNThreads,kWidth,input_t,weight_t>(ConvParamsBase &, cudaStream_t) [with kNThreads=128, kWidth=4, input_t=float, weight_t=c10::Half]" at line 376
              instantiation of "void causal_conv1d_channellast_fwd_cuda<input_t,weight_t>(ConvParamsBase &, cudaStream_t) [with input_t=float, weight_t=c10::Half]" at line 393

  D:\antigravity\bridge2-nn\causal-conv1d-repo\csrc\causal_conv1d_fwd.cu(232): warning #177-D: variable "seq_idx" was declared but never referenced
        int *seq_idx = !kHasSeqIdx ? nullptr : reinterpret_cast<int *>(params.seq_idx_ptr)
             ^
            detected during:
              instantiation of "void causal_conv1d_channellast_fwd_kernel<Ktraits,kHasSeqIdx>(ConvParamsBase) [with Ktraits=Causal_conv1d_channellast_fwd_kernel_traits<128, 4, 64, true, float, c10::Half>, kHasSeqIdx=false]" at line 349
              instantiation of "void causal_conv1d_channellast_fwd_launch<kNThreads,kWidth,input_t,weight_t>(ConvParamsBase &, cudaStream_t) [with kNThreads=128, kWidth=4, input_t=float, weight_t=c10::Half]" at line 376
              instantiation of "void causal_conv1d_channellast_fwd_cuda<input_t,weight_t>(ConvParamsBase &, cudaStream_t) [with input_t=float, weight_t=c10::Half]" at line 393

  D:\antigravity\bridge2-nn\causal-conv1d-repo\csrc\causal_conv1d_fwd.cu(349): warning #177-D: variable "block" was declared but never referenced
        [&] { if (params.seq_idx_ptr != nullptr) { static constexpr bool kHasSeqIdx = true; return [&] { using Ktraits = Causal_conv1d_channellast_fwd_kernel_traits<kNThreads, kWidth, 64, true, input_t, weight_t>; constexpr int kChunkSizeL = Ktraits::kChunkSizeL; constexpr int kChunkSizeC = Ktraits::kNEltsPerRow; const int n_chunks_L = (params.seqlen + kChunkSizeL - 1) / kChunkSizeL; const int n_chunks_C = (params.dim + kChunkSizeC - 1) / kChunkSizeC; dim3 grid(params.batch, n_chunks_L, n_chunks_C); dim3 block(Ktraits::kNThreads); auto kernel = &causal_conv1d_channellast_fwd_kernel<Ktraits, kHasSeqIdx>; kernel<<<grid, Ktraits::kNThreads, 0, stream>>>(params); do { const cudaError_t __err = cudaGetLastError(); c10::cuda::c10_cuda_check_implementation( static_cast<int32_t>(__err), "D:\\antigravity\\bridge2-nn\\causal-conv1d-repo\\csrc\\causal_conv1d_fwd.cu", __func__, static_cast<uint32_t>(366), true); } while (0); }(); } else { static constexpr bool kHasSeqIdx = false; return [&] { using Ktraits = Causal_conv1d_channellast_fwd_kernel_traits<kNThreads, kWidth, 64, true, input_t, weight_t>; constexpr int kChunkSizeL = Ktraits::kChunkSizeL; constexpr int kChunkSizeC = Ktraits::kNEltsPerRow; const int n_chunks_L = (params.seqlen + kChunkSizeL - 1) / kChunkSizeL; const int n_chunks_C = (params.dim + kChunkSizeC - 1) / kChunkSizeC; dim3 grid(params.batch, n_chunks_L, n_chunks_C); dim3 block(Ktraits::kNThreads); auto kernel = &causal_conv1d_channellast_fwd_kernel<Ktraits, kHasSeqIdx>; kernel<<<grid, Ktraits::kNThreads, 0, stream>>>(params); do { const cudaError_t __err = cudaGetLastError(); c10::cuda::c10_cuda_check_implementation( static_cast<int32_t>(__err), "D:\\antigravity\\bridge2-nn\\causal-conv1d-repo\\csrc\\causal_conv1d_fwd.cu", __func__, static_cast<uint32_t>(366), true); } while (0); }(); } }();
                                                                                                                                                                                                                                                                                                                                                                                                                                                                                                                                                                                                                                                                                                                                                                                                                                                                                                                                                                                                                                                                                                                                                                                                                                                                                                                                                                                                                                                         ^
            detected during:
              instantiation of "void causal_conv1d_channellast_fwd_launch<kNThreads,kWidth,input_t,weight_t>(ConvParamsBase &, cudaStream_t) [with kNThreads=128, kWidth=4, input_t=float, weight_t=c10::Half]" at line 376
              instantiation of "void causal_conv1d_channellast_fwd_cuda<input_t,weight_t>(ConvParamsBase &, cudaStream_t) [with input_t=float, weight_t=c10::Half]" at line 393

  D:\antigravity\bridge2-nn\causal-conv1d-repo\csrc\causal_conv1d_fwd.cu(208): warning #177-D: variable "kNWarp" was declared but never referenced
        constexpr int kNWarp = Ktraits::kNWarps;
                      ^
            detected during:
              instantiation of "void causal_conv1d_channellast_fwd_kernel<Ktraits,kHasSeqIdx>(ConvParamsBase) [with Ktraits=Causal_conv1d_channellast_fwd_kernel_traits<128, 2, 64, true, c10::Half, c10::Half>, kHasSeqIdx=true]" at line 349
              instantiation of "void causal_conv1d_channellast_fwd_launch<kNThreads,kWidth,input_t,weight_t>(ConvParamsBase &, cudaStream_t) [with kNThreads=128, kWidth=2, input_t=c10::Half, weight_t=c10::Half]" at line 372
              instantiation of "void causal_conv1d_channellast_fwd_cuda<input_t,weight_t>(ConvParamsBase &, cudaStream_t) [with input_t=c10::Half, weight_t=c10::Half]" at line 394

  D:\antigravity\bridge2-nn\causal-conv1d-repo\csrc\causal_conv1d_fwd.cu(349): warning #177-D: variable "block" was declared but never referenced
        [&] { if (params.seq_idx_ptr != nullptr) { static constexpr bool kHasSeqIdx = true; return [&] { using Ktraits = Causal_conv1d_channellast_fwd_kernel_traits<kNThreads, kWidth, 64, true, input_t, weight_t>; constexpr int kChunkSizeL = Ktraits::kChunkSizeL; constexpr int kChunkSizeC = Ktraits::kNEltsPerRow; const int n_chunks_L = (params.seqlen + kChunkSizeL - 1) / kChunkSizeL; const int n_chunks_C = (params.dim + kChunkSizeC - 1) / kChunkSizeC; dim3 grid(params.batch, n_chunks_L, n_chunks_C); dim3 block(Ktraits::kNThreads); auto kernel = &causal_conv1d_channellast_fwd_kernel<Ktraits, kHasSeqIdx>; kernel<<<grid, Ktraits::kNThreads, 0, stream>>>(params); do { const cudaError_t __err = cudaGetLastError(); c10::cuda::c10_cuda_check_implementation( static_cast<int32_t>(__err), "D:\\antigravity\\bridge2-nn\\causal-conv1d-repo\\csrc\\causal_conv1d_fwd.cu", __func__, static_cast<uint32_t>(366), true); } while (0); }(); } else { static constexpr bool kHasSeqIdx = false; return [&] { using Ktraits = Causal_conv1d_channellast_fwd_kernel_traits<kNThreads, kWidth, 64, true, input_t, weight_t>; constexpr int kChunkSizeL = Ktraits::kChunkSizeL; constexpr int kChunkSizeC = Ktraits::kNEltsPerRow; const int n_chunks_L = (params.seqlen + kChunkSizeL - 1) / kChunkSizeL; const int n_chunks_C = (params.dim + kChunkSizeC - 1) / kChunkSizeC; dim3 grid(params.batch, n_chunks_L, n_chunks_C); dim3 block(Ktraits::kNThreads); auto kernel = &causal_conv1d_channellast_fwd_kernel<Ktraits, kHasSeqIdx>; kernel<<<grid, Ktraits::kNThreads, 0, stream>>>(params); do { const cudaError_t __err = cudaGetLastError(); c10::cuda::c10_cuda_check_implementation( static_cast<int32_t>(__err), "D:\\antigravity\\bridge2-nn\\causal-conv1d-repo\\csrc\\causal_conv1d_fwd.cu", __func__, static_cast<uint32_t>(366), true); } while (0); }(); } }();
                                                                                                                                                                                                                                                                                                                                                                                                                                                                                                                              ^
            detected during:
              instantiation of "void causal_conv1d_channellast_fwd_launch<kNThreads,kWidth,input_t,weight_t>(ConvParamsBase &, cudaStream_t) [with kNThreads=128, kWidth=2, input_t=c10::Half, weight_t=c10::Half]" at line 372
              instantiation of "void causal_conv1d_channellast_fwd_cuda<input_t,weight_t>(ConvParamsBase &, cudaStream_t) [with input_t=c10::Half, weight_t=c10::Half]" at line 394

  D:\antigravity\bridge2-nn\causal-conv1d-repo\csrc\causal_conv1d_fwd.cu(208): warning #177-D: variable "kNWarp" was declared but never referenced
        constexpr int kNWarp = Ktraits::kNWarps;
                      ^
            detected during:
              instantiation of "void causal_conv1d_channellast_fwd_kernel<Ktraits,kHasSeqIdx>(ConvParamsBase) [with Ktraits=Causal_conv1d_channellast_fwd_kernel_traits<128, 2, 64, true, c10::Half, c10::Half>, kHasSeqIdx=false]" at line 349
              instantiation of "void causal_conv1d_channellast_fwd_launch<kNThreads,kWidth,input_t,weight_t>(ConvParamsBase &, cudaStream_t) [with kNThreads=128, kWidth=2, input_t=c10::Half, weight_t=c10::Half]" at line 372
              instantiation of "void causal_conv1d_channellast_fwd_cuda<input_t,weight_t>(ConvParamsBase &, cudaStream_t) [with input_t=c10::Half, weight_t=c10::Half]" at line 394

  D:\antigravity\bridge2-nn\causal-conv1d-repo\csrc\causal_conv1d_fwd.cu(232): warning #177-D: variable "seq_idx" was declared but never referenced
        int *seq_idx = !kHasSeqIdx ? nullptr : reinterpret_cast<int *>(params.seq_idx_ptr)
             ^
            detected during:
              instantiation of "void causal_conv1d_channellast_fwd_kernel<Ktraits,kHasSeqIdx>(ConvParamsBase) [with Ktraits=Causal_conv1d_channellast_fwd_kernel_traits<128, 2, 64, true, c10::Half, c10::Half>, kHasSeqIdx=false]" at line 349
              instantiation of "void causal_conv1d_channellast_fwd_launch<kNThreads,kWidth,input_t,weight_t>(ConvParamsBase &, cudaStream_t) [with kNThreads=128, kWidth=2, input_t=c10::Half, weight_t=c10::Half]" at line 372
              instantiation of "void causal_conv1d_channellast_fwd_cuda<input_t,weight_t>(ConvParamsBase &, cudaStream_t) [with input_t=c10::Half, weight_t=c10::Half]" at line 394

  D:\antigravity\bridge2-nn\causal-conv1d-repo\csrc\causal_conv1d_fwd.cu(349): warning #177-D: variable "block" was declared but never referenced
        [&] { if (params.seq_idx_ptr != nullptr) { static constexpr bool kHasSeqIdx = true; return [&] { using Ktraits = Causal_conv1d_channellast_fwd_kernel_traits<kNThreads, kWidth, 64, true, input_t, weight_t>; constexpr int kChunkSizeL = Ktraits::kChunkSizeL; constexpr int kChunkSizeC = Ktraits::kNEltsPerRow; const int n_chunks_L = (params.seqlen + kChunkSizeL - 1) / kChunkSizeL; const int n_chunks_C = (params.dim + kChunkSizeC - 1) / kChunkSizeC; dim3 grid(params.batch, n_chunks_L, n_chunks_C); dim3 block(Ktraits::kNThreads); auto kernel = &causal_conv1d_channellast_fwd_kernel<Ktraits, kHasSeqIdx>; kernel<<<grid, Ktraits::kNThreads, 0, stream>>>(params); do { const cudaError_t __err = cudaGetLastError(); c10::cuda::c10_cuda_check_implementation( static_cast<int32_t>(__err), "D:\\antigravity\\bridge2-nn\\causal-conv1d-repo\\csrc\\causal_conv1d_fwd.cu", __func__, static_cast<uint32_t>(366), true); } while (0); }(); } else { static constexpr bool kHasSeqIdx = false; return [&] { using Ktraits = Causal_conv1d_channellast_fwd_kernel_traits<kNThreads, kWidth, 64, true, input_t, weight_t>; constexpr int kChunkSizeL = Ktraits::kChunkSizeL; constexpr int kChunkSizeC = Ktraits::kNEltsPerRow; const int n_chunks_L = (params.seqlen + kChunkSizeL - 1) / kChunkSizeL; const int n_chunks_C = (params.dim + kChunkSizeC - 1) / kChunkSizeC; dim3 grid(params.batch, n_chunks_L, n_chunks_C); dim3 block(Ktraits::kNThreads); auto kernel = &causal_conv1d_channellast_fwd_kernel<Ktraits, kHasSeqIdx>; kernel<<<grid, Ktraits::kNThreads, 0, stream>>>(params); do { const cudaError_t __err = cudaGetLastError(); c10::cuda::c10_cuda_check_implementation( static_cast<int32_t>(__err), "D:\\antigravity\\bridge2-nn\\causal-conv1d-repo\\csrc\\causal_conv1d_fwd.cu", __func__, static_cast<uint32_t>(366), true); } while (0); }(); } }();
                                                                                                                                                                                                                                                                                                                                                                                                                                                                                                                                                                                                                                                                                                                                                                                                                                                                                                                                                                                                                                                                                                                                                                                                                                                                                                                                                                                                                                                         ^
            detected during:
              instantiation of "void causal_conv1d_channellast_fwd_launch<kNThreads,kWidth,input_t,weight_t>(ConvParamsBase &, cudaStream_t) [with kNThreads=128, kWidth=2, input_t=c10::Half, weight_t=c10::Half]" at line 372
              instantiation of "void causal_conv1d_channellast_fwd_cuda<input_t,weight_t>(ConvParamsBase &, cudaStream_t) [with input_t=c10::Half, weight_t=c10::Half]" at line 394

  D:\antigravity\bridge2-nn\causal-conv1d-repo\csrc\causal_conv1d_fwd.cu(208): warning #177-D: variable "kNWarp" was declared but never referenced
        constexpr int kNWarp = Ktraits::kNWarps;
                      ^
            detected during:
              instantiation of "void causal_conv1d_channellast_fwd_kernel<Ktraits,kHasSeqIdx>(ConvParamsBase) [with Ktraits=Causal_conv1d_channellast_fwd_kernel_traits<128, 3, 64, true, c10::Half, c10::Half>, kHasSeqIdx=true]" at line 349
              instantiation of "void causal_conv1d_channellast_fwd_launch<kNThreads,kWidth,input_t,weight_t>(ConvParamsBase &, cudaStream_t) [with kNThreads=128, kWidth=3, input_t=c10::Half, weight_t=c10::Half]" at line 374
              instantiation of "void causal_conv1d_channellast_fwd_cuda<input_t,weight_t>(ConvParamsBase &, cudaStream_t) [with input_t=c10::Half, weight_t=c10::Half]" at line 394

  D:\antigravity\bridge2-nn\causal-conv1d-repo\csrc\causal_conv1d_fwd.cu(349): warning #177-D: variable "block" was declared but never referenced
        [&] { if (params.seq_idx_ptr != nullptr) { static constexpr bool kHasSeqIdx = true; return [&] { using Ktraits = Causal_conv1d_channellast_fwd_kernel_traits<kNThreads, kWidth, 64, true, input_t, weight_t>; constexpr int kChunkSizeL = Ktraits::kChunkSizeL; constexpr int kChunkSizeC = Ktraits::kNEltsPerRow; const int n_chunks_L = (params.seqlen + kChunkSizeL - 1) / kChunkSizeL; const int n_chunks_C = (params.dim + kChunkSizeC - 1) / kChunkSizeC; dim3 grid(params.batch, n_chunks_L, n_chunks_C); dim3 block(Ktraits::kNThreads); auto kernel = &causal_conv1d_channellast_fwd_kernel<Ktraits, kHasSeqIdx>; kernel<<<grid, Ktraits::kNThreads, 0, stream>>>(params); do { const cudaError_t __err = cudaGetLastError(); c10::cuda::c10_cuda_check_implementation( static_cast<int32_t>(__err), "D:\\antigravity\\bridge2-nn\\causal-conv1d-repo\\csrc\\causal_conv1d_fwd.cu", __func__, static_cast<uint32_t>(366), true); } while (0); }(); } else { static constexpr bool kHasSeqIdx = false; return [&] { using Ktraits = Causal_conv1d_channellast_fwd_kernel_traits<kNThreads, kWidth, 64, true, input_t, weight_t>; constexpr int kChunkSizeL = Ktraits::kChunkSizeL; constexpr int kChunkSizeC = Ktraits::kNEltsPerRow; const int n_chunks_L = (params.seqlen + kChunkSizeL - 1) / kChunkSizeL; const int n_chunks_C = (params.dim + kChunkSizeC - 1) / kChunkSizeC; dim3 grid(params.batch, n_chunks_L, n_chunks_C); dim3 block(Ktraits::kNThreads); auto kernel = &causal_conv1d_channellast_fwd_kernel<Ktraits, kHasSeqIdx>; kernel<<<grid, Ktraits::kNThreads, 0, stream>>>(params); do { const cudaError_t __err = cudaGetLastError(); c10::cuda::c10_cuda_check_implementation( static_cast<int32_t>(__err), "D:\\antigravity\\bridge2-nn\\causal-conv1d-repo\\csrc\\causal_conv1d_fwd.cu", __func__, static_cast<uint32_t>(366), true); } while (0); }(); } }();
                                                                                                                                                                                                                                                                                                                                                                                                                                                                                                                              ^
            detected during:
              instantiation of "void causal_conv1d_channellast_fwd_launch<kNThreads,kWidth,input_t,weight_t>(ConvParamsBase &, cudaStream_t) [with kNThreads=128, kWidth=3, input_t=c10::Half, weight_t=c10::Half]" at line 374
              instantiation of "void causal_conv1d_channellast_fwd_cuda<input_t,weight_t>(ConvParamsBase &, cudaStream_t) [with input_t=c10::Half, weight_t=c10::Half]" at line 394

  D:\antigravity\bridge2-nn\causal-conv1d-repo\csrc\causal_conv1d_fwd.cu(208): warning #177-D: variable "kNWarp" was declared but never referenced
        constexpr int kNWarp = Ktraits::kNWarps;
                      ^
            detected during:
              instantiation of "void causal_conv1d_channellast_fwd_kernel<Ktraits,kHasSeqIdx>(ConvParamsBase) [with Ktraits=Causal_conv1d_channellast_fwd_kernel_traits<128, 3, 64, true, c10::Half, c10::Half>, kHasSeqIdx=false]" at line 349
              instantiation of "void causal_conv1d_channellast_fwd_launch<kNThreads,kWidth,input_t,weight_t>(ConvParamsBase &, cudaStream_t) [with kNThreads=128, kWidth=3, input_t=c10::Half, weight_t=c10::Half]" at line 374
              instantiation of "void causal_conv1d_channellast_fwd_cuda<input_t,weight_t>(ConvParamsBase &, cudaStream_t) [with input_t=c10::Half, weight_t=c10::Half]" at line 394

  D:\antigravity\bridge2-nn\causal-conv1d-repo\csrc\causal_conv1d_fwd.cu(232): warning #177-D: variable "seq_idx" was declared but never referenced
        int *seq_idx = !kHasSeqIdx ? nullptr : reinterpret_cast<int *>(params.seq_idx_ptr)
             ^
            detected during:
              instantiation of "void causal_conv1d_channellast_fwd_kernel<Ktraits,kHasSeqIdx>(ConvParamsBase) [with Ktraits=Causal_conv1d_channellast_fwd_kernel_traits<128, 3, 64, true, c10::Half, c10::Half>, kHasSeqIdx=false]" at line 349
              instantiation of "void causal_conv1d_channellast_fwd_launch<kNThreads,kWidth,input_t,weight_t>(ConvParamsBase &, cudaStream_t) [with kNThreads=128, kWidth=3, input_t=c10::Half, weight_t=c10::Half]" at line 374
              instantiation of "void causal_conv1d_channellast_fwd_cuda<input_t,weight_t>(ConvParamsBase &, cudaStream_t) [with input_t=c10::Half, weight_t=c10::Half]" at line 394

  D:\antigravity\bridge2-nn\causal-conv1d-repo\csrc\causal_conv1d_fwd.cu(349): warning #177-D: variable "block" was declared but never referenced
        [&] { if (params.seq_idx_ptr != nullptr) { static constexpr bool kHasSeqIdx = true; return [&] { using Ktraits = Causal_conv1d_channellast_fwd_kernel_traits<kNThreads, kWidth, 64, true, input_t, weight_t>; constexpr int kChunkSizeL = Ktraits::kChunkSizeL; constexpr int kChunkSizeC = Ktraits::kNEltsPerRow; const int n_chunks_L = (params.seqlen + kChunkSizeL - 1) / kChunkSizeL; const int n_chunks_C = (params.dim + kChunkSizeC - 1) / kChunkSizeC; dim3 grid(params.batch, n_chunks_L, n_chunks_C); dim3 block(Ktraits::kNThreads); auto kernel = &causal_conv1d_channellast_fwd_kernel<Ktraits, kHasSeqIdx>; kernel<<<grid, Ktraits::kNThreads, 0, stream>>>(params); do { const cudaError_t __err = cudaGetLastError(); c10::cuda::c10_cuda_check_implementation( static_cast<int32_t>(__err), "D:\\antigravity\\bridge2-nn\\causal-conv1d-repo\\csrc\\causal_conv1d_fwd.cu", __func__, static_cast<uint32_t>(366), true); } while (0); }(); } else { static constexpr bool kHasSeqIdx = false; return [&] { using Ktraits = Causal_conv1d_channellast_fwd_kernel_traits<kNThreads, kWidth, 64, true, input_t, weight_t>; constexpr int kChunkSizeL = Ktraits::kChunkSizeL; constexpr int kChunkSizeC = Ktraits::kNEltsPerRow; const int n_chunks_L = (params.seqlen + kChunkSizeL - 1) / kChunkSizeL; const int n_chunks_C = (params.dim + kChunkSizeC - 1) / kChunkSizeC; dim3 grid(params.batch, n_chunks_L, n_chunks_C); dim3 block(Ktraits::kNThreads); auto kernel = &causal_conv1d_channellast_fwd_kernel<Ktraits, kHasSeqIdx>; kernel<<<grid, Ktraits::kNThreads, 0, stream>>>(params); do { const cudaError_t __err = cudaGetLastError(); c10::cuda::c10_cuda_check_implementation( static_cast<int32_t>(__err), "D:\\antigravity\\bridge2-nn\\causal-conv1d-repo\\csrc\\causal_conv1d_fwd.cu", __func__, static_cast<uint32_t>(366), true); } while (0); }(); } }();
                                                                                                                                                                                                                                                                                                                                                                                                                                                                                                                                                                                                                                                                                                                                                                                                                                                                                                                                                                                                                                                                                                                                                                                                                                                                                                                                                                                                                                                         ^
            detected during:
              instantiation of "void causal_conv1d_channellast_fwd_launch<kNThreads,kWidth,input_t,weight_t>(ConvParamsBase &, cudaStream_t) [with kNThreads=128, kWidth=3, input_t=c10::Half, weight_t=c10::Half]" at line 374
              instantiation of "void causal_conv1d_channellast_fwd_cuda<input_t,weight_t>(ConvParamsBase &, cudaStream_t) [with input_t=c10::Half, weight_t=c10::Half]" at line 394

  D:\antigravity\bridge2-nn\causal-conv1d-repo\csrc\causal_conv1d_fwd.cu(208): warning #177-D: variable "kNWarp" was declared but never referenced
        constexpr int kNWarp = Ktraits::kNWarps;
                      ^
            detected during:
              instantiation of "void causal_conv1d_channellast_fwd_kernel<Ktraits,kHasSeqIdx>(ConvParamsBase) [with Ktraits=Causal_conv1d_channellast_fwd_kernel_traits<128, 4, 64, true, c10::Half, c10::Half>, kHasSeqIdx=true]" at line 349
              instantiation of "void causal_conv1d_channellast_fwd_launch<kNThreads,kWidth,input_t,weight_t>(ConvParamsBase &, cudaStream_t) [with kNThreads=128, kWidth=4, input_t=c10::Half, weight_t=c10::Half]" at line 376
              instantiation of "void causal_conv1d_channellast_fwd_cuda<input_t,weight_t>(ConvParamsBase &, cudaStream_t) [with input_t=c10::Half, weight_t=c10::Half]" at line 394

  D:\antigravity\bridge2-nn\causal-conv1d-repo\csrc\causal_conv1d_fwd.cu(349): warning #177-D: variable "block" was declared but never referenced
        [&] { if (params.seq_idx_ptr != nullptr) { static constexpr bool kHasSeqIdx = true; return [&] { using Ktraits = Causal_conv1d_channellast_fwd_kernel_traits<kNThreads, kWidth, 64, true, input_t, weight_t>; constexpr int kChunkSizeL = Ktraits::kChunkSizeL; constexpr int kChunkSizeC = Ktraits::kNEltsPerRow; const int n_chunks_L = (params.seqlen + kChunkSizeL - 1) / kChunkSizeL; const int n_chunks_C = (params.dim + kChunkSizeC - 1) / kChunkSizeC; dim3 grid(params.batch, n_chunks_L, n_chunks_C); dim3 block(Ktraits::kNThreads); auto kernel = &causal_conv1d_channellast_fwd_kernel<Ktraits, kHasSeqIdx>; kernel<<<grid, Ktraits::kNThreads, 0, stream>>>(params); do { const cudaError_t __err = cudaGetLastError(); c10::cuda::c10_cuda_check_implementation( static_cast<int32_t>(__err), "D:\\antigravity\\bridge2-nn\\causal-conv1d-repo\\csrc\\causal_conv1d_fwd.cu", __func__, static_cast<uint32_t>(366), true); } while (0); }(); } else { static constexpr bool kHasSeqIdx = false; return [&] { using Ktraits = Causal_conv1d_channellast_fwd_kernel_traits<kNThreads, kWidth, 64, true, input_t, weight_t>; constexpr int kChunkSizeL = Ktraits::kChunkSizeL; constexpr int kChunkSizeC = Ktraits::kNEltsPerRow; const int n_chunks_L = (params.seqlen + kChunkSizeL - 1) / kChunkSizeL; const int n_chunks_C = (params.dim + kChunkSizeC - 1) / kChunkSizeC; dim3 grid(params.batch, n_chunks_L, n_chunks_C); dim3 block(Ktraits::kNThreads); auto kernel = &causal_conv1d_channellast_fwd_kernel<Ktraits, kHasSeqIdx>; kernel<<<grid, Ktraits::kNThreads, 0, stream>>>(params); do { const cudaError_t __err = cudaGetLastError(); c10::cuda::c10_cuda_check_implementation( static_cast<int32_t>(__err), "D:\\antigravity\\bridge2-nn\\causal-conv1d-repo\\csrc\\causal_conv1d_fwd.cu", __func__, static_cast<uint32_t>(366), true); } while (0); }(); } }();
                                                                                                                                                                                                                                                                                                                                                                                                                                                                                                                              ^
            detected during:
              instantiation of "void causal_conv1d_channellast_fwd_launch<kNThreads,kWidth,input_t,weight_t>(ConvParamsBase &, cudaStream_t) [with kNThreads=128, kWidth=4, input_t=c10::Half, weight_t=c10::Half]" at line 376
              instantiation of "void causal_conv1d_channellast_fwd_cuda<input_t,weight_t>(ConvParamsBase &, cudaStream_t) [with input_t=c10::Half, weight_t=c10::Half]" at line 394

  D:\antigravity\bridge2-nn\causal-conv1d-repo\csrc\causal_conv1d_fwd.cu(208): warning #177-D: variable "kNWarp" was declared but never referenced
        constexpr int kNWarp = Ktraits::kNWarps;
                      ^
            detected during:
              instantiation of "void causal_conv1d_channellast_fwd_kernel<Ktraits,kHasSeqIdx>(ConvParamsBase) [with Ktraits=Causal_conv1d_channellast_fwd_kernel_traits<128, 4, 64, true, c10::Half, c10::Half>, kHasSeqIdx=false]" at line 349
              instantiation of "void causal_conv1d_channellast_fwd_launch<kNThreads,kWidth,input_t,weight_t>(ConvParamsBase &, cudaStream_t) [with kNThreads=128, kWidth=4, input_t=c10::Half, weight_t=c10::Half]" at line 376
              instantiation of "void causal_conv1d_channellast_fwd_cuda<input_t,weight_t>(ConvParamsBase &, cudaStream_t) [with input_t=c10::Half, weight_t=c10::Half]" at line 394

  D:\antigravity\bridge2-nn\causal-conv1d-repo\csrc\causal_conv1d_fwd.cu(232): warning #177-D: variable "seq_idx" was declared but never referenced
        int *seq_idx = !kHasSeqIdx ? nullptr : reinterpret_cast<int *>(params.seq_idx_ptr)
             ^
            detected during:
              instantiation of "void causal_conv1d_channellast_fwd_kernel<Ktraits,kHasSeqIdx>(ConvParamsBase) [with Ktraits=Causal_conv1d_channellast_fwd_kernel_traits<128, 4, 64, true, c10::Half, c10::Half>, kHasSeqIdx=false]" at line 349
              instantiation of "void causal_conv1d_channellast_fwd_launch<kNThreads,kWidth,input_t,weight_t>(ConvParamsBase &, cudaStream_t) [with kNThreads=128, kWidth=4, input_t=c10::Half, weight_t=c10::Half]" at line 376
              instantiation of "void causal_conv1d_channellast_fwd_cuda<input_t,weight_t>(ConvParamsBase &, cudaStream_t) [with input_t=c10::Half, weight_t=c10::Half]" at line 394

  D:\antigravity\bridge2-nn\causal-conv1d-repo\csrc\causal_conv1d_fwd.cu(349): warning #177-D: variable "block" was declared but never referenced
        [&] { if (params.seq_idx_ptr != nullptr) { static constexpr bool kHasSeqIdx = true; return [&] { using Ktraits = Causal_conv1d_channellast_fwd_kernel_traits<kNThreads, kWidth, 64, true, input_t, weight_t>; constexpr int kChunkSizeL = Ktraits::kChunkSizeL; constexpr int kChunkSizeC = Ktraits::kNEltsPerRow; const int n_chunks_L = (params.seqlen + kChunkSizeL - 1) / kChunkSizeL; const int n_chunks_C = (params.dim + kChunkSizeC - 1) / kChunkSizeC; dim3 grid(params.batch, n_chunks_L, n_chunks_C); dim3 block(Ktraits::kNThreads); auto kernel = &causal_conv1d_channellast_fwd_kernel<Ktraits, kHasSeqIdx>; kernel<<<grid, Ktraits::kNThreads, 0, stream>>>(params); do { const cudaError_t __err = cudaGetLastError(); c10::cuda::c10_cuda_check_implementation( static_cast<int32_t>(__err), "D:\\antigravity\\bridge2-nn\\causal-conv1d-repo\\csrc\\causal_conv1d_fwd.cu", __func__, static_cast<uint32_t>(366), true); } while (0); }(); } else { static constexpr bool kHasSeqIdx = false; return [&] { using Ktraits = Causal_conv1d_channellast_fwd_kernel_traits<kNThreads, kWidth, 64, true, input_t, weight_t>; constexpr int kChunkSizeL = Ktraits::kChunkSizeL; constexpr int kChunkSizeC = Ktraits::kNEltsPerRow; const int n_chunks_L = (params.seqlen + kChunkSizeL - 1) / kChunkSizeL; const int n_chunks_C = (params.dim + kChunkSizeC - 1) / kChunkSizeC; dim3 grid(params.batch, n_chunks_L, n_chunks_C); dim3 block(Ktraits::kNThreads); auto kernel = &causal_conv1d_channellast_fwd_kernel<Ktraits, kHasSeqIdx>; kernel<<<grid, Ktraits::kNThreads, 0, stream>>>(params); do { const cudaError_t __err = cudaGetLastError(); c10::cuda::c10_cuda_check_implementation( static_cast<int32_t>(__err), "D:\\antigravity\\bridge2-nn\\causal-conv1d-repo\\csrc\\causal_conv1d_fwd.cu", __func__, static_cast<uint32_t>(366), true); } while (0); }(); } }();
                                                                                                                                                                                                                                                                                                                                                                                                                                                                                                                                                                                                                                                                                                                                                                                                                                                                                                                                                                                                                                                                                                                                                                                                                                                                                                                                                                                                                                                         ^
            detected during:
              instantiation of "void causal_conv1d_channellast_fwd_launch<kNThreads,kWidth,input_t,weight_t>(ConvParamsBase &, cudaStream_t) [with kNThreads=128, kWidth=4, input_t=c10::Half, weight_t=c10::Half]" at line 376
              instantiation of "void causal_conv1d_channellast_fwd_cuda<input_t,weight_t>(ConvParamsBase &, cudaStream_t) [with input_t=c10::Half, weight_t=c10::Half]" at line 394

  D:\antigravity\bridge2-nn\causal-conv1d-repo\csrc\causal_conv1d_fwd.cu(208): warning #177-D: variable "kNWarp" was declared but never referenced
        constexpr int kNWarp = Ktraits::kNWarps;
                      ^
            detected during:
              instantiation of "void causal_conv1d_channellast_fwd_kernel<Ktraits,kHasSeqIdx>(ConvParamsBase) [with Ktraits=Causal_conv1d_channellast_fwd_kernel_traits<128, 2, 64, true, c10::BFloat16, c10::Half>, kHasSeqIdx=true]" at line 349
              instantiation of "void causal_conv1d_channellast_fwd_launch<kNThreads,kWidth,input_t,weight_t>(ConvParamsBase &, cudaStream_t) [with kNThreads=128, kWidth=2, input_t=c10::BFloat16, weight_t=c10::Half]" at line 372
              instantiation of "void causal_conv1d_channellast_fwd_cuda<input_t,weight_t>(ConvParamsBase &, cudaStream_t) [with input_t=c10::BFloat16, weight_t=c10::Half]" at line 395

  D:\antigravity\bridge2-nn\causal-conv1d-repo\csrc\causal_conv1d_fwd.cu(349): warning #177-D: variable "block" was declared but never referenced
        [&] { if (params.seq_idx_ptr != nullptr) { static constexpr bool kHasSeqIdx = true; return [&] { using Ktraits = Causal_conv1d_channellast_fwd_kernel_traits<kNThreads, kWidth, 64, true, input_t, weight_t>; constexpr int kChunkSizeL = Ktraits::kChunkSizeL; constexpr int kChunkSizeC = Ktraits::kNEltsPerRow; const int n_chunks_L = (params.seqlen + kChunkSizeL - 1) / kChunkSizeL; const int n_chunks_C = (params.dim + kChunkSizeC - 1) / kChunkSizeC; dim3 grid(params.batch, n_chunks_L, n_chunks_C); dim3 block(Ktraits::kNThreads); auto kernel = &causal_conv1d_channellast_fwd_kernel<Ktraits, kHasSeqIdx>; kernel<<<grid, Ktraits::kNThreads, 0, stream>>>(params); do { const cudaError_t __err = cudaGetLastError(); c10::cuda::c10_cuda_check_implementation( static_cast<int32_t>(__err), "D:\\antigravity\\bridge2-nn\\causal-conv1d-repo\\csrc\\causal_conv1d_fwd.cu", __func__, static_cast<uint32_t>(366), true); } while (0); }(); } else { static constexpr bool kHasSeqIdx = false; return [&] { using Ktraits = Causal_conv1d_channellast_fwd_kernel_traits<kNThreads, kWidth, 64, true, input_t, weight_t>; constexpr int kChunkSizeL = Ktraits::kChunkSizeL; constexpr int kChunkSizeC = Ktraits::kNEltsPerRow; const int n_chunks_L = (params.seqlen + kChunkSizeL - 1) / kChunkSizeL; const int n_chunks_C = (params.dim + kChunkSizeC - 1) / kChunkSizeC; dim3 grid(params.batch, n_chunks_L, n_chunks_C); dim3 block(Ktraits::kNThreads); auto kernel = &causal_conv1d_channellast_fwd_kernel<Ktraits, kHasSeqIdx>; kernel<<<grid, Ktraits::kNThreads, 0, stream>>>(params); do { const cudaError_t __err = cudaGetLastError(); c10::cuda::c10_cuda_check_implementation( static_cast<int32_t>(__err), "D:\\antigravity\\bridge2-nn\\causal-conv1d-repo\\csrc\\causal_conv1d_fwd.cu", __func__, static_cast<uint32_t>(366), true); } while (0); }(); } }();
                                                                                                                                                                                                                                                                                                                                                                                                                                                                                                                              ^
            detected during:
              instantiation of "void causal_conv1d_channellast_fwd_launch<kNThreads,kWidth,input_t,weight_t>(ConvParamsBase &, cudaStream_t) [with kNThreads=128, kWidth=2, input_t=c10::BFloat16, weight_t=c10::Half]" at line 372
              instantiation of "void causal_conv1d_channellast_fwd_cuda<input_t,weight_t>(ConvParamsBase &, cudaStream_t) [with input_t=c10::BFloat16, weight_t=c10::Half]" at line 395

  D:\antigravity\bridge2-nn\causal-conv1d-repo\csrc\causal_conv1d_fwd.cu(208): warning #177-D: variable "kNWarp" was declared but never referenced
        constexpr int kNWarp = Ktraits::kNWarps;
                      ^
            detected during:
              instantiation of "void causal_conv1d_channellast_fwd_kernel<Ktraits,kHasSeqIdx>(ConvParamsBase) [with Ktraits=Causal_conv1d_channellast_fwd_kernel_traits<128, 2, 64, true, c10::BFloat16, c10::Half>, kHasSeqIdx=false]" at line 349
              instantiation of "void causal_conv1d_channellast_fwd_launch<kNThreads,kWidth,input_t,weight_t>(ConvParamsBase &, cudaStream_t) [with kNThreads=128, kWidth=2, input_t=c10::BFloat16, weight_t=c10::Half]" at line 372
              instantiation of "void causal_conv1d_channellast_fwd_cuda<input_t,weight_t>(ConvParamsBase &, cudaStream_t) [with input_t=c10::BFloat16, weight_t=c10::Half]" at line 395

  D:\antigravity\bridge2-nn\causal-conv1d-repo\csrc\causal_conv1d_fwd.cu(232): warning #177-D: variable "seq_idx" was declared but never referenced
        int *seq_idx = !kHasSeqIdx ? nullptr : reinterpret_cast<int *>(params.seq_idx_ptr)
             ^
            detected during:
              instantiation of "void causal_conv1d_channellast_fwd_kernel<Ktraits,kHasSeqIdx>(ConvParamsBase) [with Ktraits=Causal_conv1d_channellast_fwd_kernel_traits<128, 2, 64, true, c10::BFloat16, c10::Half>, kHasSeqIdx=false]" at line 349
              instantiation of "void causal_conv1d_channellast_fwd_launch<kNThreads,kWidth,input_t,weight_t>(ConvParamsBase &, cudaStream_t) [with kNThreads=128, kWidth=2, input_t=c10::BFloat16, weight_t=c10::Half]" at line 372
              instantiation of "void causal_conv1d_channellast_fwd_cuda<input_t,weight_t>(ConvParamsBase &, cudaStream_t) [with input_t=c10::BFloat16, weight_t=c10::Half]" at line 395

  D:\antigravity\bridge2-nn\causal-conv1d-repo\csrc\causal_conv1d_fwd.cu(349): warning #177-D: variable "block" was declared but never referenced
        [&] { if (params.seq_idx_ptr != nullptr) { static constexpr bool kHasSeqIdx = true; return [&] { using Ktraits = Causal_conv1d_channellast_fwd_kernel_traits<kNThreads, kWidth, 64, true, input_t, weight_t>; constexpr int kChunkSizeL = Ktraits::kChunkSizeL; constexpr int kChunkSizeC = Ktraits::kNEltsPerRow; const int n_chunks_L = (params.seqlen + kChunkSizeL - 1) / kChunkSizeL; const int n_chunks_C = (params.dim + kChunkSizeC - 1) / kChunkSizeC; dim3 grid(params.batch, n_chunks_L, n_chunks_C); dim3 block(Ktraits::kNThreads); auto kernel = &causal_conv1d_channellast_fwd_kernel<Ktraits, kHasSeqIdx>; kernel<<<grid, Ktraits::kNThreads, 0, stream>>>(params); do { const cudaError_t __err = cudaGetLastError(); c10::cuda::c10_cuda_check_implementation( static_cast<int32_t>(__err), "D:\\antigravity\\bridge2-nn\\causal-conv1d-repo\\csrc\\causal_conv1d_fwd.cu", __func__, static_cast<uint32_t>(366), true); } while (0); }(); } else { static constexpr bool kHasSeqIdx = false; return [&] { using Ktraits = Causal_conv1d_channellast_fwd_kernel_traits<kNThreads, kWidth, 64, true, input_t, weight_t>; constexpr int kChunkSizeL = Ktraits::kChunkSizeL; constexpr int kChunkSizeC = Ktraits::kNEltsPerRow; const int n_chunks_L = (params.seqlen + kChunkSizeL - 1) / kChunkSizeL; const int n_chunks_C = (params.dim + kChunkSizeC - 1) / kChunkSizeC; dim3 grid(params.batch, n_chunks_L, n_chunks_C); dim3 block(Ktraits::kNThreads); auto kernel = &causal_conv1d_channellast_fwd_kernel<Ktraits, kHasSeqIdx>; kernel<<<grid, Ktraits::kNThreads, 0, stream>>>(params); do { const cudaError_t __err = cudaGetLastError(); c10::cuda::c10_cuda_check_implementation( static_cast<int32_t>(__err), "D:\\antigravity\\bridge2-nn\\causal-conv1d-repo\\csrc\\causal_conv1d_fwd.cu", __func__, static_cast<uint32_t>(366), true); } while (0); }(); } }();
                                                                                                                                                                                                                                                                                                                                                                                                                                                                                                                                                                                                                                                                                                                                                                                                                                                                                                                                                                                                                                                                                                                                                                                                                                                                                                                                                                                                                                                         ^
            detected during:
              instantiation of "void causal_conv1d_channellast_fwd_launch<kNThreads,kWidth,input_t,weight_t>(ConvParamsBase &, cudaStream_t) [with kNThreads=128, kWidth=2, input_t=c10::BFloat16, weight_t=c10::Half]" at line 372
              instantiation of "void causal_conv1d_channellast_fwd_cuda<input_t,weight_t>(ConvParamsBase &, cudaStream_t) [with input_t=c10::BFloat16, weight_t=c10::Half]" at line 395

  D:\antigravity\bridge2-nn\causal-conv1d-repo\csrc\causal_conv1d_fwd.cu(208): warning #177-D: variable "kNWarp" was declared but never referenced
        constexpr int kNWarp = Ktraits::kNWarps;
                      ^
            detected during:
              instantiation of "void causal_conv1d_channellast_fwd_kernel<Ktraits,kHasSeqIdx>(ConvParamsBase) [with Ktraits=Causal_conv1d_channellast_fwd_kernel_traits<128, 3, 64, true, c10::BFloat16, c10::Half>, kHasSeqIdx=true]" at line 349
              instantiation of "void causal_conv1d_channellast_fwd_launch<kNThreads,kWidth,input_t,weight_t>(ConvParamsBase &, cudaStream_t) [with kNThreads=128, kWidth=3, input_t=c10::BFloat16, weight_t=c10::Half]" at line 374
              instantiation of "void causal_conv1d_channellast_fwd_cuda<input_t,weight_t>(ConvParamsBase &, cudaStream_t) [with input_t=c10::BFloat16, weight_t=c10::Half]" at line 395

  D:\antigravity\bridge2-nn\causal-conv1d-repo\csrc\causal_conv1d_fwd.cu(349): warning #177-D: variable "block" was declared but never referenced
        [&] { if (params.seq_idx_ptr != nullptr) { static constexpr bool kHasSeqIdx = true; return [&] { using Ktraits = Causal_conv1d_channellast_fwd_kernel_traits<kNThreads, kWidth, 64, true, input_t, weight_t>; constexpr int kChunkSizeL = Ktraits::kChunkSizeL; constexpr int kChunkSizeC = Ktraits::kNEltsPerRow; const int n_chunks_L = (params.seqlen + kChunkSizeL - 1) / kChunkSizeL; const int n_chunks_C = (params.dim + kChunkSizeC - 1) / kChunkSizeC; dim3 grid(params.batch, n_chunks_L, n_chunks_C); dim3 block(Ktraits::kNThreads); auto kernel = &causal_conv1d_channellast_fwd_kernel<Ktraits, kHasSeqIdx>; kernel<<<grid, Ktraits::kNThreads, 0, stream>>>(params); do { const cudaError_t __err = cudaGetLastError(); c10::cuda::c10_cuda_check_implementation( static_cast<int32_t>(__err), "D:\\antigravity\\bridge2-nn\\causal-conv1d-repo\\csrc\\causal_conv1d_fwd.cu", __func__, static_cast<uint32_t>(366), true); } while (0); }(); } else { static constexpr bool kHasSeqIdx = false; return [&] { using Ktraits = Causal_conv1d_channellast_fwd_kernel_traits<kNThreads, kWidth, 64, true, input_t, weight_t>; constexpr int kChunkSizeL = Ktraits::kChunkSizeL; constexpr int kChunkSizeC = Ktraits::kNEltsPerRow; const int n_chunks_L = (params.seqlen + kChunkSizeL - 1) / kChunkSizeL; const int n_chunks_C = (params.dim + kChunkSizeC - 1) / kChunkSizeC; dim3 grid(params.batch, n_chunks_L, n_chunks_C); dim3 block(Ktraits::kNThreads); auto kernel = &causal_conv1d_channellast_fwd_kernel<Ktraits, kHasSeqIdx>; kernel<<<grid, Ktraits::kNThreads, 0, stream>>>(params); do { const cudaError_t __err = cudaGetLastError(); c10::cuda::c10_cuda_check_implementation( static_cast<int32_t>(__err), "D:\\antigravity\\bridge2-nn\\causal-conv1d-repo\\csrc\\causal_conv1d_fwd.cu", __func__, static_cast<uint32_t>(366), true); } while (0); }(); } }();
                                                                                                                                                                                                                                                                                                                                                                                                                                                                                                                              ^
            detected during:
              instantiation of "void causal_conv1d_channellast_fwd_launch<kNThreads,kWidth,input_t,weight_t>(ConvParamsBase &, cudaStream_t) [with kNThreads=128, kWidth=3, input_t=c10::BFloat16, weight_t=c10::Half]" at line 374
              instantiation of "void causal_conv1d_channellast_fwd_cuda<input_t,weight_t>(ConvParamsBase &, cudaStream_t) [with input_t=c10::BFloat16, weight_t=c10::Half]" at line 395

  D:\antigravity\bridge2-nn\causal-conv1d-repo\csrc\causal_conv1d_fwd.cu(208): warning #177-D: variable "kNWarp" was declared but never referenced
        constexpr int kNWarp = Ktraits::kNWarps;
                      ^
            detected during:
              instantiation of "void causal_conv1d_channellast_fwd_kernel<Ktraits,kHasSeqIdx>(ConvParamsBase) [with Ktraits=Causal_conv1d_channellast_fwd_kernel_traits<128, 3, 64, true, c10::BFloat16, c10::Half>, kHasSeqIdx=false]" at line 349
              instantiation of "void causal_conv1d_channellast_fwd_launch<kNThreads,kWidth,input_t,weight_t>(ConvParamsBase &, cudaStream_t) [with kNThreads=128, kWidth=3, input_t=c10::BFloat16, weight_t=c10::Half]" at line 374
              instantiation of "void causal_conv1d_channellast_fwd_cuda<input_t,weight_t>(ConvParamsBase &, cudaStream_t) [with input_t=c10::BFloat16, weight_t=c10::Half]" at line 395

  D:\antigravity\bridge2-nn\causal-conv1d-repo\csrc\causal_conv1d_fwd.cu(232): warning #177-D: variable "seq_idx" was declared but never referenced
        int *seq_idx = !kHasSeqIdx ? nullptr : reinterpret_cast<int *>(params.seq_idx_ptr)
             ^
            detected during:
              instantiation of "void causal_conv1d_channellast_fwd_kernel<Ktraits,kHasSeqIdx>(ConvParamsBase) [with Ktraits=Causal_conv1d_channellast_fwd_kernel_traits<128, 3, 64, true, c10::BFloat16, c10::Half>, kHasSeqIdx=false]" at line 349
              instantiation of "void causal_conv1d_channellast_fwd_launch<kNThreads,kWidth,input_t,weight_t>(ConvParamsBase &, cudaStream_t) [with kNThreads=128, kWidth=3, input_t=c10::BFloat16, weight_t=c10::Half]" at line 374
              instantiation of "void causal_conv1d_channellast_fwd_cuda<input_t,weight_t>(ConvParamsBase &, cudaStream_t) [with input_t=c10::BFloat16, weight_t=c10::Half]" at line 395

  D:\antigravity\bridge2-nn\causal-conv1d-repo\csrc\causal_conv1d_fwd.cu(349): warning #177-D: variable "block" was declared but never referenced
        [&] { if (params.seq_idx_ptr != nullptr) { static constexpr bool kHasSeqIdx = true; return [&] { using Ktraits = Causal_conv1d_channellast_fwd_kernel_traits<kNThreads, kWidth, 64, true, input_t, weight_t>; constexpr int kChunkSizeL = Ktraits::kChunkSizeL; constexpr int kChunkSizeC = Ktraits::kNEltsPerRow; const int n_chunks_L = (params.seqlen + kChunkSizeL - 1) / kChunkSizeL; const int n_chunks_C = (params.dim + kChunkSizeC - 1) / kChunkSizeC; dim3 grid(params.batch, n_chunks_L, n_chunks_C); dim3 block(Ktraits::kNThreads); auto kernel = &causal_conv1d_channellast_fwd_kernel<Ktraits, kHasSeqIdx>; kernel<<<grid, Ktraits::kNThreads, 0, stream>>>(params); do { const cudaError_t __err = cudaGetLastError(); c10::cuda::c10_cuda_check_implementation( static_cast<int32_t>(__err), "D:\\antigravity\\bridge2-nn\\causal-conv1d-repo\\csrc\\causal_conv1d_fwd.cu", __func__, static_cast<uint32_t>(366), true); } while (0); }(); } else { static constexpr bool kHasSeqIdx = false; return [&] { using Ktraits = Causal_conv1d_channellast_fwd_kernel_traits<kNThreads, kWidth, 64, true, input_t, weight_t>; constexpr int kChunkSizeL = Ktraits::kChunkSizeL; constexpr int kChunkSizeC = Ktraits::kNEltsPerRow; const int n_chunks_L = (params.seqlen + kChunkSizeL - 1) / kChunkSizeL; const int n_chunks_C = (params.dim + kChunkSizeC - 1) / kChunkSizeC; dim3 grid(params.batch, n_chunks_L, n_chunks_C); dim3 block(Ktraits::kNThreads); auto kernel = &causal_conv1d_channellast_fwd_kernel<Ktraits, kHasSeqIdx>; kernel<<<grid, Ktraits::kNThreads, 0, stream>>>(params); do { const cudaError_t __err = cudaGetLastError(); c10::cuda::c10_cuda_check_implementation( static_cast<int32_t>(__err), "D:\\antigravity\\bridge2-nn\\causal-conv1d-repo\\csrc\\causal_conv1d_fwd.cu", __func__, static_cast<uint32_t>(366), true); } while (0); }(); } }();
                                                                                                                                                                                                                                                                                                                                                                                                                                                                                                                                                                                                                                                                                                                                                                                                                                                                                                                                                                                                                                                                                                                                                                                                                                                                                                                                                                                                                                                         ^
            detected during:
              instantiation of "void causal_conv1d_channellast_fwd_launch<kNThreads,kWidth,input_t,weight_t>(ConvParamsBase &, cudaStream_t) [with kNThreads=128, kWidth=3, input_t=c10::BFloat16, weight_t=c10::Half]" at line 374
              instantiation of "void causal_conv1d_channellast_fwd_cuda<input_t,weight_t>(ConvParamsBase &, cudaStream_t) [with input_t=c10::BFloat16, weight_t=c10::Half]" at line 395

  D:\antigravity\bridge2-nn\causal-conv1d-repo\csrc\causal_conv1d_fwd.cu(208): warning #177-D: variable "kNWarp" was declared but never referenced
        constexpr int kNWarp = Ktraits::kNWarps;
                      ^
            detected during:
              instantiation of "void causal_conv1d_channellast_fwd_kernel<Ktraits,kHasSeqIdx>(ConvParamsBase) [with Ktraits=Causal_conv1d_channellast_fwd_kernel_traits<128, 4, 64, true, c10::BFloat16, c10::Half>, kHasSeqIdx=true]" at line 349
              instantiation of "void causal_conv1d_channellast_fwd_launch<kNThreads,kWidth,input_t,weight_t>(ConvParamsBase &, cudaStream_t) [with kNThreads=128, kWidth=4, input_t=c10::BFloat16, weight_t=c10::Half]" at line 376
              instantiation of "void causal_conv1d_channellast_fwd_cuda<input_t,weight_t>(ConvParamsBase &, cudaStream_t) [with input_t=c10::BFloat16, weight_t=c10::Half]" at line 395

  D:\antigravity\bridge2-nn\causal-conv1d-repo\csrc\causal_conv1d_fwd.cu(349): warning #177-D: variable "block" was declared but never referenced
        [&] { if (params.seq_idx_ptr != nullptr) { static constexpr bool kHasSeqIdx = true; return [&] { using Ktraits = Causal_conv1d_channellast_fwd_kernel_traits<kNThreads, kWidth, 64, true, input_t, weight_t>; constexpr int kChunkSizeL = Ktraits::kChunkSizeL; constexpr int kChunkSizeC = Ktraits::kNEltsPerRow; const int n_chunks_L = (params.seqlen + kChunkSizeL - 1) / kChunkSizeL; const int n_chunks_C = (params.dim + kChunkSizeC - 1) / kChunkSizeC; dim3 grid(params.batch, n_chunks_L, n_chunks_C); dim3 block(Ktraits::kNThreads); auto kernel = &causal_conv1d_channellast_fwd_kernel<Ktraits, kHasSeqIdx>; kernel<<<grid, Ktraits::kNThreads, 0, stream>>>(params); do { const cudaError_t __err = cudaGetLastError(); c10::cuda::c10_cuda_check_implementation( static_cast<int32_t>(__err), "D:\\antigravity\\bridge2-nn\\causal-conv1d-repo\\csrc\\causal_conv1d_fwd.cu", __func__, static_cast<uint32_t>(366), true); } while (0); }(); } else { static constexpr bool kHasSeqIdx = false; return [&] { using Ktraits = Causal_conv1d_channellast_fwd_kernel_traits<kNThreads, kWidth, 64, true, input_t, weight_t>; constexpr int kChunkSizeL = Ktraits::kChunkSizeL; constexpr int kChunkSizeC = Ktraits::kNEltsPerRow; const int n_chunks_L = (params.seqlen + kChunkSizeL - 1) / kChunkSizeL; const int n_chunks_C = (params.dim + kChunkSizeC - 1) / kChunkSizeC; dim3 grid(params.batch, n_chunks_L, n_chunks_C); dim3 block(Ktraits::kNThreads); auto kernel = &causal_conv1d_channellast_fwd_kernel<Ktraits, kHasSeqIdx>; kernel<<<grid, Ktraits::kNThreads, 0, stream>>>(params); do { const cudaError_t __err = cudaGetLastError(); c10::cuda::c10_cuda_check_implementation( static_cast<int32_t>(__err), "D:\\antigravity\\bridge2-nn\\causal-conv1d-repo\\csrc\\causal_conv1d_fwd.cu", __func__, static_cast<uint32_t>(366), true); } while (0); }(); } }();
                                                                                                                                                                                                                                                                                                                                                                                                                                                                                                                              ^
            detected during:
              instantiation of "void causal_conv1d_channellast_fwd_launch<kNThreads,kWidth,input_t,weight_t>(ConvParamsBase &, cudaStream_t) [with kNThreads=128, kWidth=4, input_t=c10::BFloat16, weight_t=c10::Half]" at line 376
              instantiation of "void causal_conv1d_channellast_fwd_cuda<input_t,weight_t>(ConvParamsBase &, cudaStream_t) [with input_t=c10::BFloat16, weight_t=c10::Half]" at line 395

  D:\antigravity\bridge2-nn\causal-conv1d-repo\csrc\causal_conv1d_fwd.cu(208): warning #177-D: variable "kNWarp" was declared but never referenced
        constexpr int kNWarp = Ktraits::kNWarps;
                      ^
            detected during:
              instantiation of "void causal_conv1d_channellast_fwd_kernel<Ktraits,kHasSeqIdx>(ConvParamsBase) [with Ktraits=Causal_conv1d_channellast_fwd_kernel_traits<128, 4, 64, true, c10::BFloat16, c10::Half>, kHasSeqIdx=false]" at line 349
              instantiation of "void causal_conv1d_channellast_fwd_launch<kNThreads,kWidth,input_t,weight_t>(ConvParamsBase &, cudaStream_t) [with kNThreads=128, kWidth=4, input_t=c10::BFloat16, weight_t=c10::Half]" at line 376
              instantiation of "void causal_conv1d_channellast_fwd_cuda<input_t,weight_t>(ConvParamsBase &, cudaStream_t) [with input_t=c10::BFloat16, weight_t=c10::Half]" at line 395

  D:\antigravity\bridge2-nn\causal-conv1d-repo\csrc\causal_conv1d_fwd.cu(232): warning #177-D: variable "seq_idx" was declared but never referenced
        int *seq_idx = !kHasSeqIdx ? nullptr : reinterpret_cast<int *>(params.seq_idx_ptr)
             ^
            detected during:
              instantiation of "void causal_conv1d_channellast_fwd_kernel<Ktraits,kHasSeqIdx>(ConvParamsBase) [with Ktraits=Causal_conv1d_channellast_fwd_kernel_traits<128, 4, 64, true, c10::BFloat16, c10::Half>, kHasSeqIdx=false]" at line 349
              instantiation of "void causal_conv1d_channellast_fwd_launch<kNThreads,kWidth,input_t,weight_t>(ConvParamsBase &, cudaStream_t) [with kNThreads=128, kWidth=4, input_t=c10::BFloat16, weight_t=c10::Half]" at line 376
              instantiation of "void causal_conv1d_channellast_fwd_cuda<input_t,weight_t>(ConvParamsBase &, cudaStream_t) [with input_t=c10::BFloat16, weight_t=c10::Half]" at line 395

  D:\antigravity\bridge2-nn\causal-conv1d-repo\csrc\causal_conv1d_fwd.cu(349): warning #177-D: variable "block" was declared but never referenced
        [&] { if (params.seq_idx_ptr != nullptr) { static constexpr bool kHasSeqIdx = true; return [&] { using Ktraits = Causal_conv1d_channellast_fwd_kernel_traits<kNThreads, kWidth, 64, true, input_t, weight_t>; constexpr int kChunkSizeL = Ktraits::kChunkSizeL; constexpr int kChunkSizeC = Ktraits::kNEltsPerRow; const int n_chunks_L = (params.seqlen + kChunkSizeL - 1) / kChunkSizeL; const int n_chunks_C = (params.dim + kChunkSizeC - 1) / kChunkSizeC; dim3 grid(params.batch, n_chunks_L, n_chunks_C); dim3 block(Ktraits::kNThreads); auto kernel = &causal_conv1d_channellast_fwd_kernel<Ktraits, kHasSeqIdx>; kernel<<<grid, Ktraits::kNThreads, 0, stream>>>(params); do { const cudaError_t __err = cudaGetLastError(); c10::cuda::c10_cuda_check_implementation( static_cast<int32_t>(__err), "D:\\antigravity\\bridge2-nn\\causal-conv1d-repo\\csrc\\causal_conv1d_fwd.cu", __func__, static_cast<uint32_t>(366), true); } while (0); }(); } else { static constexpr bool kHasSeqIdx = false; return [&] { using Ktraits = Causal_conv1d_channellast_fwd_kernel_traits<kNThreads, kWidth, 64, true, input_t, weight_t>; constexpr int kChunkSizeL = Ktraits::kChunkSizeL; constexpr int kChunkSizeC = Ktraits::kNEltsPerRow; const int n_chunks_L = (params.seqlen + kChunkSizeL - 1) / kChunkSizeL; const int n_chunks_C = (params.dim + kChunkSizeC - 1) / kChunkSizeC; dim3 grid(params.batch, n_chunks_L, n_chunks_C); dim3 block(Ktraits::kNThreads); auto kernel = &causal_conv1d_channellast_fwd_kernel<Ktraits, kHasSeqIdx>; kernel<<<grid, Ktraits::kNThreads, 0, stream>>>(params); do { const cudaError_t __err = cudaGetLastError(); c10::cuda::c10_cuda_check_implementation( static_cast<int32_t>(__err), "D:\\antigravity\\bridge2-nn\\causal-conv1d-repo\\csrc\\causal_conv1d_fwd.cu", __func__, static_cast<uint32_t>(366), true); } while (0); }(); } }();
                                                                                                                                                                                                                                                                                                                                                                                                                                                                                                                                                                                                                                                                                                                                                                                                                                                                                                                                                                                                                                                                                                                                                                                                                                                                                                                                                                                                                                                         ^
            detected during:
              instantiation of "void causal_conv1d_channellast_fwd_launch<kNThreads,kWidth,input_t,weight_t>(ConvParamsBase &, cudaStream_t) [with kNThreads=128, kWidth=4, input_t=c10::BFloat16, weight_t=c10::Half]" at line 376
              instantiation of "void causal_conv1d_channellast_fwd_cuda<input_t,weight_t>(ConvParamsBase &, cudaStream_t) [with input_t=c10::BFloat16, weight_t=c10::Half]" at line 395

  D:\antigravity\bridge2-nn\causal-conv1d-repo\csrc\causal_conv1d_fwd.cu(208): warning #177-D: variable "kNWarp" was declared but never referenced
        constexpr int kNWarp = Ktraits::kNWarps;
                      ^
            detected during:
              instantiation of "void causal_conv1d_channellast_fwd_kernel<Ktraits,kHasSeqIdx>(ConvParamsBase) [with Ktraits=Causal_conv1d_channellast_fwd_kernel_traits<128, 2, 64, true, float, c10::BFloat16>, kHasSeqIdx=true]" at line 349
              instantiation of "void causal_conv1d_channellast_fwd_launch<kNThreads,kWidth,input_t,weight_t>(ConvParamsBase &, cudaStream_t) [with kNThreads=128, kWidth=2, input_t=float, weight_t=c10::BFloat16]" at line 372
              instantiation of "void causal_conv1d_channellast_fwd_cuda<input_t,weight_t>(ConvParamsBase &, cudaStream_t) [with input_t=float, weight_t=c10::BFloat16]" at line 396

  D:\antigravity\bridge2-nn\causal-conv1d-repo\csrc\causal_conv1d_fwd.cu(349): warning #177-D: variable "block" was declared but never referenced
        [&] { if (params.seq_idx_ptr != nullptr) { static constexpr bool kHasSeqIdx = true; return [&] { using Ktraits = Causal_conv1d_channellast_fwd_kernel_traits<kNThreads, kWidth, 64, true, input_t, weight_t>; constexpr int kChunkSizeL = Ktraits::kChunkSizeL; constexpr int kChunkSizeC = Ktraits::kNEltsPerRow; const int n_chunks_L = (params.seqlen + kChunkSizeL - 1) / kChunkSizeL; const int n_chunks_C = (params.dim + kChunkSizeC - 1) / kChunkSizeC; dim3 grid(params.batch, n_chunks_L, n_chunks_C); dim3 block(Ktraits::kNThreads); auto kernel = &causal_conv1d_channellast_fwd_kernel<Ktraits, kHasSeqIdx>; kernel<<<grid, Ktraits::kNThreads, 0, stream>>>(params); do { const cudaError_t __err = cudaGetLastError(); c10::cuda::c10_cuda_check_implementation( static_cast<int32_t>(__err), "D:\\antigravity\\bridge2-nn\\causal-conv1d-repo\\csrc\\causal_conv1d_fwd.cu", __func__, static_cast<uint32_t>(366), true); } while (0); }(); } else { static constexpr bool kHasSeqIdx = false; return [&] { using Ktraits = Causal_conv1d_channellast_fwd_kernel_traits<kNThreads, kWidth, 64, true, input_t, weight_t>; constexpr int kChunkSizeL = Ktraits::kChunkSizeL; constexpr int kChunkSizeC = Ktraits::kNEltsPerRow; const int n_chunks_L = (params.seqlen + kChunkSizeL - 1) / kChunkSizeL; const int n_chunks_C = (params.dim + kChunkSizeC - 1) / kChunkSizeC; dim3 grid(params.batch, n_chunks_L, n_chunks_C); dim3 block(Ktraits::kNThreads); auto kernel = &causal_conv1d_channellast_fwd_kernel<Ktraits, kHasSeqIdx>; kernel<<<grid, Ktraits::kNThreads, 0, stream>>>(params); do { const cudaError_t __err = cudaGetLastError(); c10::cuda::c10_cuda_check_implementation( static_cast<int32_t>(__err), "D:\\antigravity\\bridge2-nn\\causal-conv1d-repo\\csrc\\causal_conv1d_fwd.cu", __func__, static_cast<uint32_t>(366), true); } while (0); }(); } }();
                                                                                                                                                                                                                                                                                                                                                                                                                                                                                                                              ^
            detected during:
              instantiation of "void causal_conv1d_channellast_fwd_launch<kNThreads,kWidth,input_t,weight_t>(ConvParamsBase &, cudaStream_t) [with kNThreads=128, kWidth=2, input_t=float, weight_t=c10::BFloat16]" at line 372
              instantiation of "void causal_conv1d_channellast_fwd_cuda<input_t,weight_t>(ConvParamsBase &, cudaStream_t) [with input_t=float, weight_t=c10::BFloat16]" at line 396

  D:\antigravity\bridge2-nn\causal-conv1d-repo\csrc\causal_conv1d_fwd.cu(208): warning #177-D: variable "kNWarp" was declared but never referenced
        constexpr int kNWarp = Ktraits::kNWarps;
                      ^
            detected during:
              instantiation of "void causal_conv1d_channellast_fwd_kernel<Ktraits,kHasSeqIdx>(ConvParamsBase) [with Ktraits=Causal_conv1d_channellast_fwd_kernel_traits<128, 2, 64, true, float, c10::BFloat16>, kHasSeqIdx=false]" at line 349
              instantiation of "void causal_conv1d_channellast_fwd_launch<kNThreads,kWidth,input_t,weight_t>(ConvParamsBase &, cudaStream_t) [with kNThreads=128, kWidth=2, input_t=float, weight_t=c10::BFloat16]" at line 372
              instantiation of "void causal_conv1d_channellast_fwd_cuda<input_t,weight_t>(ConvParamsBase &, cudaStream_t) [with input_t=float, weight_t=c10::BFloat16]" at line 396

  D:\antigravity\bridge2-nn\causal-conv1d-repo\csrc\causal_conv1d_fwd.cu(232): warning #177-D: variable "seq_idx" was declared but never referenced
        int *seq_idx = !kHasSeqIdx ? nullptr : reinterpret_cast<int *>(params.seq_idx_ptr)
             ^
            detected during:
              instantiation of "void causal_conv1d_channellast_fwd_kernel<Ktraits,kHasSeqIdx>(ConvParamsBase) [with Ktraits=Causal_conv1d_channellast_fwd_kernel_traits<128, 2, 64, true, float, c10::BFloat16>, kHasSeqIdx=false]" at line 349
              instantiation of "void causal_conv1d_channellast_fwd_launch<kNThreads,kWidth,input_t,weight_t>(ConvParamsBase &, cudaStream_t) [with kNThreads=128, kWidth=2, input_t=float, weight_t=c10::BFloat16]" at line 372
              instantiation of "void causal_conv1d_channellast_fwd_cuda<input_t,weight_t>(ConvParamsBase &, cudaStream_t) [with input_t=float, weight_t=c10::BFloat16]" at line 396

  D:\antigravity\bridge2-nn\causal-conv1d-repo\csrc\causal_conv1d_fwd.cu(349): warning #177-D: variable "block" was declared but never referenced
        [&] { if (params.seq_idx_ptr != nullptr) { static constexpr bool kHasSeqIdx = true; return [&] { using Ktraits = Causal_conv1d_channellast_fwd_kernel_traits<kNThreads, kWidth, 64, true, input_t, weight_t>; constexpr int kChunkSizeL = Ktraits::kChunkSizeL; constexpr int kChunkSizeC = Ktraits::kNEltsPerRow; const int n_chunks_L = (params.seqlen + kChunkSizeL - 1) / kChunkSizeL; const int n_chunks_C = (params.dim + kChunkSizeC - 1) / kChunkSizeC; dim3 grid(params.batch, n_chunks_L, n_chunks_C); dim3 block(Ktraits::kNThreads); auto kernel = &causal_conv1d_channellast_fwd_kernel<Ktraits, kHasSeqIdx>; kernel<<<grid, Ktraits::kNThreads, 0, stream>>>(params); do { const cudaError_t __err = cudaGetLastError(); c10::cuda::c10_cuda_check_implementation( static_cast<int32_t>(__err), "D:\\antigravity\\bridge2-nn\\causal-conv1d-repo\\csrc\\causal_conv1d_fwd.cu", __func__, static_cast<uint32_t>(366), true); } while (0); }(); } else { static constexpr bool kHasSeqIdx = false; return [&] { using Ktraits = Causal_conv1d_channellast_fwd_kernel_traits<kNThreads, kWidth, 64, true, input_t, weight_t>; constexpr int kChunkSizeL = Ktraits::kChunkSizeL; constexpr int kChunkSizeC = Ktraits::kNEltsPerRow; const int n_chunks_L = (params.seqlen + kChunkSizeL - 1) / kChunkSizeL; const int n_chunks_C = (params.dim + kChunkSizeC - 1) / kChunkSizeC; dim3 grid(params.batch, n_chunks_L, n_chunks_C); dim3 block(Ktraits::kNThreads); auto kernel = &causal_conv1d_channellast_fwd_kernel<Ktraits, kHasSeqIdx>; kernel<<<grid, Ktraits::kNThreads, 0, stream>>>(params); do { const cudaError_t __err = cudaGetLastError(); c10::cuda::c10_cuda_check_implementation( static_cast<int32_t>(__err), "D:\\antigravity\\bridge2-nn\\causal-conv1d-repo\\csrc\\causal_conv1d_fwd.cu", __func__, static_cast<uint32_t>(366), true); } while (0); }(); } }();
                                                                                                                                                                                                                                                                                                                                                                                                                                                                                                                                                                                                                                                                                                                                                                                                                                                                                                                                                                                                                                                                                                                                                                                                                                                                                                                                                                                                                                                         ^
            detected during:
              instantiation of "void causal_conv1d_channellast_fwd_launch<kNThreads,kWidth,input_t,weight_t>(ConvParamsBase &, cudaStream_t) [with kNThreads=128, kWidth=2, input_t=float, weight_t=c10::BFloat16]" at line 372
              instantiation of "void causal_conv1d_channellast_fwd_cuda<input_t,weight_t>(ConvParamsBase &, cudaStream_t) [with input_t=float, weight_t=c10::BFloat16]" at line 396

  D:\antigravity\bridge2-nn\causal-conv1d-repo\csrc\causal_conv1d_fwd.cu(208): warning #177-D: variable "kNWarp" was declared but never referenced
        constexpr int kNWarp = Ktraits::kNWarps;
                      ^
            detected during:
              instantiation of "void causal_conv1d_channellast_fwd_kernel<Ktraits,kHasSeqIdx>(ConvParamsBase) [with Ktraits=Causal_conv1d_channellast_fwd_kernel_traits<128, 3, 64, true, float, c10::BFloat16>, kHasSeqIdx=true]" at line 349
              instantiation of "void causal_conv1d_channellast_fwd_launch<kNThreads,kWidth,input_t,weight_t>(ConvParamsBase &, cudaStream_t) [with kNThreads=128, kWidth=3, input_t=float, weight_t=c10::BFloat16]" at line 374
              instantiation of "void causal_conv1d_channellast_fwd_cuda<input_t,weight_t>(ConvParamsBase &, cudaStream_t) [with input_t=float, weight_t=c10::BFloat16]" at line 396

  D:\antigravity\bridge2-nn\causal-conv1d-repo\csrc\causal_conv1d_fwd.cu(349): warning #177-D: variable "block" was declared but never referenced
        [&] { if (params.seq_idx_ptr != nullptr) { static constexpr bool kHasSeqIdx = true; return [&] { using Ktraits = Causal_conv1d_channellast_fwd_kernel_traits<kNThreads, kWidth, 64, true, input_t, weight_t>; constexpr int kChunkSizeL = Ktraits::kChunkSizeL; constexpr int kChunkSizeC = Ktraits::kNEltsPerRow; const int n_chunks_L = (params.seqlen + kChunkSizeL - 1) / kChunkSizeL; const int n_chunks_C = (params.dim + kChunkSizeC - 1) / kChunkSizeC; dim3 grid(params.batch, n_chunks_L, n_chunks_C); dim3 block(Ktraits::kNThreads); auto kernel = &causal_conv1d_channellast_fwd_kernel<Ktraits, kHasSeqIdx>; kernel<<<grid, Ktraits::kNThreads, 0, stream>>>(params); do { const cudaError_t __err = cudaGetLastError(); c10::cuda::c10_cuda_check_implementation( static_cast<int32_t>(__err), "D:\\antigravity\\bridge2-nn\\causal-conv1d-repo\\csrc\\causal_conv1d_fwd.cu", __func__, static_cast<uint32_t>(366), true); } while (0); }(); } else { static constexpr bool kHasSeqIdx = false; return [&] { using Ktraits = Causal_conv1d_channellast_fwd_kernel_traits<kNThreads, kWidth, 64, true, input_t, weight_t>; constexpr int kChunkSizeL = Ktraits::kChunkSizeL; constexpr int kChunkSizeC = Ktraits::kNEltsPerRow; const int n_chunks_L = (params.seqlen + kChunkSizeL - 1) / kChunkSizeL; const int n_chunks_C = (params.dim + kChunkSizeC - 1) / kChunkSizeC; dim3 grid(params.batch, n_chunks_L, n_chunks_C); dim3 block(Ktraits::kNThreads); auto kernel = &causal_conv1d_channellast_fwd_kernel<Ktraits, kHasSeqIdx>; kernel<<<grid, Ktraits::kNThreads, 0, stream>>>(params); do { const cudaError_t __err = cudaGetLastError(); c10::cuda::c10_cuda_check_implementation( static_cast<int32_t>(__err), "D:\\antigravity\\bridge2-nn\\causal-conv1d-repo\\csrc\\causal_conv1d_fwd.cu", __func__, static_cast<uint32_t>(366), true); } while (0); }(); } }();
                                                                                                                                                                                                                                                                                                                                                                                                                                                                                                                              ^
            detected during:
              instantiation of "void causal_conv1d_channellast_fwd_launch<kNThreads,kWidth,input_t,weight_t>(ConvParamsBase &, cudaStream_t) [with kNThreads=128, kWidth=3, input_t=float, weight_t=c10::BFloat16]" at line 374
              instantiation of "void causal_conv1d_channellast_fwd_cuda<input_t,weight_t>(ConvParamsBase &, cudaStream_t) [with input_t=float, weight_t=c10::BFloat16]" at line 396

  D:\antigravity\bridge2-nn\causal-conv1d-repo\csrc\causal_conv1d_fwd.cu(208): warning #177-D: variable "kNWarp" was declared but never referenced
        constexpr int kNWarp = Ktraits::kNWarps;
                      ^
            detected during:
              instantiation of "void causal_conv1d_channellast_fwd_kernel<Ktraits,kHasSeqIdx>(ConvParamsBase) [with Ktraits=Causal_conv1d_channellast_fwd_kernel_traits<128, 3, 64, true, float, c10::BFloat16>, kHasSeqIdx=false]" at line 349
              instantiation of "void causal_conv1d_channellast_fwd_launch<kNThreads,kWidth,input_t,weight_t>(ConvParamsBase &, cudaStream_t) [with kNThreads=128, kWidth=3, input_t=float, weight_t=c10::BFloat16]" at line 374
              instantiation of "void causal_conv1d_channellast_fwd_cuda<input_t,weight_t>(ConvParamsBase &, cudaStream_t) [with input_t=float, weight_t=c10::BFloat16]" at line 396

  D:\antigravity\bridge2-nn\causal-conv1d-repo\csrc\causal_conv1d_fwd.cu(232): warning #177-D: variable "seq_idx" was declared but never referenced
        int *seq_idx = !kHasSeqIdx ? nullptr : reinterpret_cast<int *>(params.seq_idx_ptr)
             ^
            detected during:
              instantiation of "void causal_conv1d_channellast_fwd_kernel<Ktraits,kHasSeqIdx>(ConvParamsBase) [with Ktraits=Causal_conv1d_channellast_fwd_kernel_traits<128, 3, 64, true, float, c10::BFloat16>, kHasSeqIdx=false]" at line 349
              instantiation of "void causal_conv1d_channellast_fwd_launch<kNThreads,kWidth,input_t,weight_t>(ConvParamsBase &, cudaStream_t) [with kNThreads=128, kWidth=3, input_t=float, weight_t=c10::BFloat16]" at line 374
              instantiation of "void causal_conv1d_channellast_fwd_cuda<input_t,weight_t>(ConvParamsBase &, cudaStream_t) [with input_t=float, weight_t=c10::BFloat16]" at line 396

  D:\antigravity\bridge2-nn\causal-conv1d-repo\csrc\causal_conv1d_fwd.cu(349): warning #177-D: variable "block" was declared but never referenced
        [&] { if (params.seq_idx_ptr != nullptr) { static constexpr bool kHasSeqIdx = true; return [&] { using Ktraits = Causal_conv1d_channellast_fwd_kernel_traits<kNThreads, kWidth, 64, true, input_t, weight_t>; constexpr int kChunkSizeL = Ktraits::kChunkSizeL; constexpr int kChunkSizeC = Ktraits::kNEltsPerRow; const int n_chunks_L = (params.seqlen + kChunkSizeL - 1) / kChunkSizeL; const int n_chunks_C = (params.dim + kChunkSizeC - 1) / kChunkSizeC; dim3 grid(params.batch, n_chunks_L, n_chunks_C); dim3 block(Ktraits::kNThreads); auto kernel = &causal_conv1d_channellast_fwd_kernel<Ktraits, kHasSeqIdx>; kernel<<<grid, Ktraits::kNThreads, 0, stream>>>(params); do { const cudaError_t __err = cudaGetLastError(); c10::cuda::c10_cuda_check_implementation( static_cast<int32_t>(__err), "D:\\antigravity\\bridge2-nn\\causal-conv1d-repo\\csrc\\causal_conv1d_fwd.cu", __func__, static_cast<uint32_t>(366), true); } while (0); }(); } else { static constexpr bool kHasSeqIdx = false; return [&] { using Ktraits = Causal_conv1d_channellast_fwd_kernel_traits<kNThreads, kWidth, 64, true, input_t, weight_t>; constexpr int kChunkSizeL = Ktraits::kChunkSizeL; constexpr int kChunkSizeC = Ktraits::kNEltsPerRow; const int n_chunks_L = (params.seqlen + kChunkSizeL - 1) / kChunkSizeL; const int n_chunks_C = (params.dim + kChunkSizeC - 1) / kChunkSizeC; dim3 grid(params.batch, n_chunks_L, n_chunks_C); dim3 block(Ktraits::kNThreads); auto kernel = &causal_conv1d_channellast_fwd_kernel<Ktraits, kHasSeqIdx>; kernel<<<grid, Ktraits::kNThreads, 0, stream>>>(params); do { const cudaError_t __err = cudaGetLastError(); c10::cuda::c10_cuda_check_implementation( static_cast<int32_t>(__err), "D:\\antigravity\\bridge2-nn\\causal-conv1d-repo\\csrc\\causal_conv1d_fwd.cu", __func__, static_cast<uint32_t>(366), true); } while (0); }(); } }();
                                                                                                                                                                                                                                                                                                                                                                                                                                                                                                                                                                                                                                                                                                                                                                                                                                                                                                                                                                                                                                                                                                                                                                                                                                                                                                                                                                                                                                                         ^
            detected during:
              instantiation of "void causal_conv1d_channellast_fwd_launch<kNThreads,kWidth,input_t,weight_t>(ConvParamsBase &, cudaStream_t) [with kNThreads=128, kWidth=3, input_t=float, weight_t=c10::BFloat16]" at line 374
              instantiation of "void causal_conv1d_channellast_fwd_cuda<input_t,weight_t>(ConvParamsBase &, cudaStream_t) [with input_t=float, weight_t=c10::BFloat16]" at line 396

  D:\antigravity\bridge2-nn\causal-conv1d-repo\csrc\causal_conv1d_fwd.cu(208): warning #177-D: variable "kNWarp" was declared but never referenced
        constexpr int kNWarp = Ktraits::kNWarps;
                      ^
            detected during:
              instantiation of "void causal_conv1d_channellast_fwd_kernel<Ktraits,kHasSeqIdx>(ConvParamsBase) [with Ktraits=Causal_conv1d_channellast_fwd_kernel_traits<128, 4, 64, true, float, c10::BFloat16>, kHasSeqIdx=true]" at line 349
              instantiation of "void causal_conv1d_channellast_fwd_launch<kNThreads,kWidth,input_t,weight_t>(ConvParamsBase &, cudaStream_t) [with kNThreads=128, kWidth=4, input_t=float, weight_t=c10::BFloat16]" at line 376
              instantiation of "void causal_conv1d_channellast_fwd_cuda<input_t,weight_t>(ConvParamsBase &, cudaStream_t) [with input_t=float, weight_t=c10::BFloat16]" at line 396

  D:\antigravity\bridge2-nn\causal-conv1d-repo\csrc\causal_conv1d_fwd.cu(349): warning #177-D: variable "block" was declared but never referenced
        [&] { if (params.seq_idx_ptr != nullptr) { static constexpr bool kHasSeqIdx = true; return [&] { using Ktraits = Causal_conv1d_channellast_fwd_kernel_traits<kNThreads, kWidth, 64, true, input_t, weight_t>; constexpr int kChunkSizeL = Ktraits::kChunkSizeL; constexpr int kChunkSizeC = Ktraits::kNEltsPerRow; const int n_chunks_L = (params.seqlen + kChunkSizeL - 1) / kChunkSizeL; const int n_chunks_C = (params.dim + kChunkSizeC - 1) / kChunkSizeC; dim3 grid(params.batch, n_chunks_L, n_chunks_C); dim3 block(Ktraits::kNThreads); auto kernel = &causal_conv1d_channellast_fwd_kernel<Ktraits, kHasSeqIdx>; kernel<<<grid, Ktraits::kNThreads, 0, stream>>>(params); do { const cudaError_t __err = cudaGetLastError(); c10::cuda::c10_cuda_check_implementation( static_cast<int32_t>(__err), "D:\\antigravity\\bridge2-nn\\causal-conv1d-repo\\csrc\\causal_conv1d_fwd.cu", __func__, static_cast<uint32_t>(366), true); } while (0); }(); } else { static constexpr bool kHasSeqIdx = false; return [&] { using Ktraits = Causal_conv1d_channellast_fwd_kernel_traits<kNThreads, kWidth, 64, true, input_t, weight_t>; constexpr int kChunkSizeL = Ktraits::kChunkSizeL; constexpr int kChunkSizeC = Ktraits::kNEltsPerRow; const int n_chunks_L = (params.seqlen + kChunkSizeL - 1) / kChunkSizeL; const int n_chunks_C = (params.dim + kChunkSizeC - 1) / kChunkSizeC; dim3 grid(params.batch, n_chunks_L, n_chunks_C); dim3 block(Ktraits::kNThreads); auto kernel = &causal_conv1d_channellast_fwd_kernel<Ktraits, kHasSeqIdx>; kernel<<<grid, Ktraits::kNThreads, 0, stream>>>(params); do { const cudaError_t __err = cudaGetLastError(); c10::cuda::c10_cuda_check_implementation( static_cast<int32_t>(__err), "D:\\antigravity\\bridge2-nn\\causal-conv1d-repo\\csrc\\causal_conv1d_fwd.cu", __func__, static_cast<uint32_t>(366), true); } while (0); }(); } }();
                                                                                                                                                                                                                                                                                                                                                                                                                                                                                                                              ^
            detected during:
              instantiation of "void causal_conv1d_channellast_fwd_launch<kNThreads,kWidth,input_t,weight_t>(ConvParamsBase &, cudaStream_t) [with kNThreads=128, kWidth=4, input_t=float, weight_t=c10::BFloat16]" at line 376
              instantiation of "void causal_conv1d_channellast_fwd_cuda<input_t,weight_t>(ConvParamsBase &, cudaStream_t) [with input_t=float, weight_t=c10::BFloat16]" at line 396

  D:\antigravity\bridge2-nn\causal-conv1d-repo\csrc\causal_conv1d_fwd.cu(208): warning #177-D: variable "kNWarp" was declared but never referenced
        constexpr int kNWarp = Ktraits::kNWarps;
                      ^
            detected during:
              instantiation of "void causal_conv1d_channellast_fwd_kernel<Ktraits,kHasSeqIdx>(ConvParamsBase) [with Ktraits=Causal_conv1d_channellast_fwd_kernel_traits<128, 4, 64, true, float, c10::BFloat16>, kHasSeqIdx=false]" at line 349
              instantiation of "void causal_conv1d_channellast_fwd_launch<kNThreads,kWidth,input_t,weight_t>(ConvParamsBase &, cudaStream_t) [with kNThreads=128, kWidth=4, input_t=float, weight_t=c10::BFloat16]" at line 376
              instantiation of "void causal_conv1d_channellast_fwd_cuda<input_t,weight_t>(ConvParamsBase &, cudaStream_t) [with input_t=float, weight_t=c10::BFloat16]" at line 396

  D:\antigravity\bridge2-nn\causal-conv1d-repo\csrc\causal_conv1d_fwd.cu(232): warning #177-D: variable "seq_idx" was declared but never referenced
        int *seq_idx = !kHasSeqIdx ? nullptr : reinterpret_cast<int *>(params.seq_idx_ptr)
             ^
            detected during:
              instantiation of "void causal_conv1d_channellast_fwd_kernel<Ktraits,kHasSeqIdx>(ConvParamsBase) [with Ktraits=Causal_conv1d_channellast_fwd_kernel_traits<128, 4, 64, true, float, c10::BFloat16>, kHasSeqIdx=false]" at line 349
              instantiation of "void causal_conv1d_channellast_fwd_launch<kNThreads,kWidth,input_t,weight_t>(ConvParamsBase &, cudaStream_t) [with kNThreads=128, kWidth=4, input_t=float, weight_t=c10::BFloat16]" at line 376
              instantiation of "void causal_conv1d_channellast_fwd_cuda<input_t,weight_t>(ConvParamsBase &, cudaStream_t) [with input_t=float, weight_t=c10::BFloat16]" at line 396

  D:\antigravity\bridge2-nn\causal-conv1d-repo\csrc\causal_conv1d_fwd.cu(349): warning #177-D: variable "block" was declared but never referenced
        [&] { if (params.seq_idx_ptr != nullptr) { static constexpr bool kHasSeqIdx = true; return [&] { using Ktraits = Causal_conv1d_channellast_fwd_kernel_traits<kNThreads, kWidth, 64, true, input_t, weight_t>; constexpr int kChunkSizeL = Ktraits::kChunkSizeL; constexpr int kChunkSizeC = Ktraits::kNEltsPerRow; const int n_chunks_L = (params.seqlen + kChunkSizeL - 1) / kChunkSizeL; const int n_chunks_C = (params.dim + kChunkSizeC - 1) / kChunkSizeC; dim3 grid(params.batch, n_chunks_L, n_chunks_C); dim3 block(Ktraits::kNThreads); auto kernel = &causal_conv1d_channellast_fwd_kernel<Ktraits, kHasSeqIdx>; kernel<<<grid, Ktraits::kNThreads, 0, stream>>>(params); do { const cudaError_t __err = cudaGetLastError(); c10::cuda::c10_cuda_check_implementation( static_cast<int32_t>(__err), "D:\\antigravity\\bridge2-nn\\causal-conv1d-repo\\csrc\\causal_conv1d_fwd.cu", __func__, static_cast<uint32_t>(366), true); } while (0); }(); } else { static constexpr bool kHasSeqIdx = false; return [&] { using Ktraits = Causal_conv1d_channellast_fwd_kernel_traits<kNThreads, kWidth, 64, true, input_t, weight_t>; constexpr int kChunkSizeL = Ktraits::kChunkSizeL; constexpr int kChunkSizeC = Ktraits::kNEltsPerRow; const int n_chunks_L = (params.seqlen + kChunkSizeL - 1) / kChunkSizeL; const int n_chunks_C = (params.dim + kChunkSizeC - 1) / kChunkSizeC; dim3 grid(params.batch, n_chunks_L, n_chunks_C); dim3 block(Ktraits::kNThreads); auto kernel = &causal_conv1d_channellast_fwd_kernel<Ktraits, kHasSeqIdx>; kernel<<<grid, Ktraits::kNThreads, 0, stream>>>(params); do { const cudaError_t __err = cudaGetLastError(); c10::cuda::c10_cuda_check_implementation( static_cast<int32_t>(__err), "D:\\antigravity\\bridge2-nn\\causal-conv1d-repo\\csrc\\causal_conv1d_fwd.cu", __func__, static_cast<uint32_t>(366), true); } while (0); }(); } }();
                                                                                                                                                                                                                                                                                                                                                                                                                                                                                                                                                                                                                                                                                                                                                                                                                                                                                                                                                                                                                                                                                                                                                                                                                                                                                                                                                                                                                                                         ^
            detected during:
              instantiation of "void causal_conv1d_channellast_fwd_launch<kNThreads,kWidth,input_t,weight_t>(ConvParamsBase &, cudaStream_t) [with kNThreads=128, kWidth=4, input_t=float, weight_t=c10::BFloat16]" at line 376
              instantiation of "void causal_conv1d_channellast_fwd_cuda<input_t,weight_t>(ConvParamsBase &, cudaStream_t) [with input_t=float, weight_t=c10::BFloat16]" at line 396

  D:\antigravity\bridge2-nn\causal-conv1d-repo\csrc\causal_conv1d_fwd.cu(208): warning #177-D: variable "kNWarp" was declared but never referenced
        constexpr int kNWarp = Ktraits::kNWarps;
                      ^
            detected during:
              instantiation of "void causal_conv1d_channellast_fwd_kernel<Ktraits,kHasSeqIdx>(ConvParamsBase) [with Ktraits=Causal_conv1d_channellast_fwd_kernel_traits<128, 2, 64, true, c10::Half, c10::BFloat16>, kHasSeqIdx=true]" at line 349
              instantiation of "void causal_conv1d_channellast_fwd_launch<kNThreads,kWidth,input_t,weight_t>(ConvParamsBase &, cudaStream_t) [with kNThreads=128, kWidth=2, input_t=c10::Half, weight_t=c10::BFloat16]" at line 372
              instantiation of "void causal_conv1d_channellast_fwd_cuda<input_t,weight_t>(ConvParamsBase &, cudaStream_t) [with input_t=c10::Half, weight_t=c10::BFloat16]" at line 397

  D:\antigravity\bridge2-nn\causal-conv1d-repo\csrc\causal_conv1d_fwd.cu(349): warning #177-D: variable "block" was declared but never referenced
        [&] { if (params.seq_idx_ptr != nullptr) { static constexpr bool kHasSeqIdx = true; return [&] { using Ktraits = Causal_conv1d_channellast_fwd_kernel_traits<kNThreads, kWidth, 64, true, input_t, weight_t>; constexpr int kChunkSizeL = Ktraits::kChunkSizeL; constexpr int kChunkSizeC = Ktraits::kNEltsPerRow; const int n_chunks_L = (params.seqlen + kChunkSizeL - 1) / kChunkSizeL; const int n_chunks_C = (params.dim + kChunkSizeC - 1) / kChunkSizeC; dim3 grid(params.batch, n_chunks_L, n_chunks_C); dim3 block(Ktraits::kNThreads); auto kernel = &causal_conv1d_channellast_fwd_kernel<Ktraits, kHasSeqIdx>; kernel<<<grid, Ktraits::kNThreads, 0, stream>>>(params); do { const cudaError_t __err = cudaGetLastError(); c10::cuda::c10_cuda_check_implementation( static_cast<int32_t>(__err), "D:\\antigravity\\bridge2-nn\\causal-conv1d-repo\\csrc\\causal_conv1d_fwd.cu", __func__, static_cast<uint32_t>(366), true); } while (0); }(); } else { static constexpr bool kHasSeqIdx = false; return [&] { using Ktraits = Causal_conv1d_channellast_fwd_kernel_traits<kNThreads, kWidth, 64, true, input_t, weight_t>; constexpr int kChunkSizeL = Ktraits::kChunkSizeL; constexpr int kChunkSizeC = Ktraits::kNEltsPerRow; const int n_chunks_L = (params.seqlen + kChunkSizeL - 1) / kChunkSizeL; const int n_chunks_C = (params.dim + kChunkSizeC - 1) / kChunkSizeC; dim3 grid(params.batch, n_chunks_L, n_chunks_C); dim3 block(Ktraits::kNThreads); auto kernel = &causal_conv1d_channellast_fwd_kernel<Ktraits, kHasSeqIdx>; kernel<<<grid, Ktraits::kNThreads, 0, stream>>>(params); do { const cudaError_t __err = cudaGetLastError(); c10::cuda::c10_cuda_check_implementation( static_cast<int32_t>(__err), "D:\\antigravity\\bridge2-nn\\causal-conv1d-repo\\csrc\\causal_conv1d_fwd.cu", __func__, static_cast<uint32_t>(366), true); } while (0); }(); } }();
                                                                                                                                                                                                                                                                                                                                                                                                                                                                                                                              ^
            detected during:
              instantiation of "void causal_conv1d_channellast_fwd_launch<kNThreads,kWidth,input_t,weight_t>(ConvParamsBase &, cudaStream_t) [with kNThreads=128, kWidth=2, input_t=c10::Half, weight_t=c10::BFloat16]" at line 372
              instantiation of "void causal_conv1d_channellast_fwd_cuda<input_t,weight_t>(ConvParamsBase &, cudaStream_t) [with input_t=c10::Half, weight_t=c10::BFloat16]" at line 397

  D:\antigravity\bridge2-nn\causal-conv1d-repo\csrc\causal_conv1d_fwd.cu(208): warning #177-D: variable "kNWarp" was declared but never referenced
        constexpr int kNWarp = Ktraits::kNWarps;
                      ^
            detected during:
              instantiation of "void causal_conv1d_channellast_fwd_kernel<Ktraits,kHasSeqIdx>(ConvParamsBase) [with Ktraits=Causal_conv1d_channellast_fwd_kernel_traits<128, 2, 64, true, c10::Half, c10::BFloat16>, kHasSeqIdx=false]" at line 349
              instantiation of "void causal_conv1d_channellast_fwd_launch<kNThreads,kWidth,input_t,weight_t>(ConvParamsBase &, cudaStream_t) [with kNThreads=128, kWidth=2, input_t=c10::Half, weight_t=c10::BFloat16]" at line 372
              instantiation of "void causal_conv1d_channellast_fwd_cuda<input_t,weight_t>(ConvParamsBase &, cudaStream_t) [with input_t=c10::Half, weight_t=c10::BFloat16]" at line 397

  D:\antigravity\bridge2-nn\causal-conv1d-repo\csrc\causal_conv1d_fwd.cu(232): warning #177-D: variable "seq_idx" was declared but never referenced
        int *seq_idx = !kHasSeqIdx ? nullptr : reinterpret_cast<int *>(params.seq_idx_ptr)
             ^
            detected during:
              instantiation of "void causal_conv1d_channellast_fwd_kernel<Ktraits,kHasSeqIdx>(ConvParamsBase) [with Ktraits=Causal_conv1d_channellast_fwd_kernel_traits<128, 2, 64, true, c10::Half, c10::BFloat16>, kHasSeqIdx=false]" at line 349
              instantiation of "void causal_conv1d_channellast_fwd_launch<kNThreads,kWidth,input_t,weight_t>(ConvParamsBase &, cudaStream_t) [with kNThreads=128, kWidth=2, input_t=c10::Half, weight_t=c10::BFloat16]" at line 372
              instantiation of "void causal_conv1d_channellast_fwd_cuda<input_t,weight_t>(ConvParamsBase &, cudaStream_t) [with input_t=c10::Half, weight_t=c10::BFloat16]" at line 397

  D:\antigravity\bridge2-nn\causal-conv1d-repo\csrc\causal_conv1d_fwd.cu(349): warning #177-D: variable "block" was declared but never referenced
        [&] { if (params.seq_idx_ptr != nullptr) { static constexpr bool kHasSeqIdx = true; return [&] { using Ktraits = Causal_conv1d_channellast_fwd_kernel_traits<kNThreads, kWidth, 64, true, input_t, weight_t>; constexpr int kChunkSizeL = Ktraits::kChunkSizeL; constexpr int kChunkSizeC = Ktraits::kNEltsPerRow; const int n_chunks_L = (params.seqlen + kChunkSizeL - 1) / kChunkSizeL; const int n_chunks_C = (params.dim + kChunkSizeC - 1) / kChunkSizeC; dim3 grid(params.batch, n_chunks_L, n_chunks_C); dim3 block(Ktraits::kNThreads); auto kernel = &causal_conv1d_channellast_fwd_kernel<Ktraits, kHasSeqIdx>; kernel<<<grid, Ktraits::kNThreads, 0, stream>>>(params); do { const cudaError_t __err = cudaGetLastError(); c10::cuda::c10_cuda_check_implementation( static_cast<int32_t>(__err), "D:\\antigravity\\bridge2-nn\\causal-conv1d-repo\\csrc\\causal_conv1d_fwd.cu", __func__, static_cast<uint32_t>(366), true); } while (0); }(); } else { static constexpr bool kHasSeqIdx = false; return [&] { using Ktraits = Causal_conv1d_channellast_fwd_kernel_traits<kNThreads, kWidth, 64, true, input_t, weight_t>; constexpr int kChunkSizeL = Ktraits::kChunkSizeL; constexpr int kChunkSizeC = Ktraits::kNEltsPerRow; const int n_chunks_L = (params.seqlen + kChunkSizeL - 1) / kChunkSizeL; const int n_chunks_C = (params.dim + kChunkSizeC - 1) / kChunkSizeC; dim3 grid(params.batch, n_chunks_L, n_chunks_C); dim3 block(Ktraits::kNThreads); auto kernel = &causal_conv1d_channellast_fwd_kernel<Ktraits, kHasSeqIdx>; kernel<<<grid, Ktraits::kNThreads, 0, stream>>>(params); do { const cudaError_t __err = cudaGetLastError(); c10::cuda::c10_cuda_check_implementation( static_cast<int32_t>(__err), "D:\\antigravity\\bridge2-nn\\causal-conv1d-repo\\csrc\\causal_conv1d_fwd.cu", __func__, static_cast<uint32_t>(366), true); } while (0); }(); } }();
                                                                                                                                                                                                                                                                                                                                                                                                                                                                                                                                                                                                                                                                                                                                                                                                                                                                                                                                                                                                                                                                                                                                                                                                                                                                                                                                                                                                                                                         ^
            detected during:
              instantiation of "void causal_conv1d_channellast_fwd_launch<kNThreads,kWidth,input_t,weight_t>(ConvParamsBase &, cudaStream_t) [with kNThreads=128, kWidth=2, input_t=c10::Half, weight_t=c10::BFloat16]" at line 372
              instantiation of "void causal_conv1d_channellast_fwd_cuda<input_t,weight_t>(ConvParamsBase &, cudaStream_t) [with input_t=c10::Half, weight_t=c10::BFloat16]" at line 397

  D:\antigravity\bridge2-nn\causal-conv1d-repo\csrc\causal_conv1d_fwd.cu(208): warning #177-D: variable "kNWarp" was declared but never referenced
        constexpr int kNWarp = Ktraits::kNWarps;
                      ^
            detected during:
              instantiation of "void causal_conv1d_channellast_fwd_kernel<Ktraits,kHasSeqIdx>(ConvParamsBase) [with Ktraits=Causal_conv1d_channellast_fwd_kernel_traits<128, 3, 64, true, c10::Half, c10::BFloat16>, kHasSeqIdx=true]" at line 349
              instantiation of "void causal_conv1d_channellast_fwd_launch<kNThreads,kWidth,input_t,weight_t>(ConvParamsBase &, cudaStream_t) [with kNThreads=128, kWidth=3, input_t=c10::Half, weight_t=c10::BFloat16]" at line 374
              instantiation of "void causal_conv1d_channellast_fwd_cuda<input_t,weight_t>(ConvParamsBase &, cudaStream_t) [with input_t=c10::Half, weight_t=c10::BFloat16]" at line 397

  D:\antigravity\bridge2-nn\causal-conv1d-repo\csrc\causal_conv1d_fwd.cu(349): warning #177-D: variable "block" was declared but never referenced
        [&] { if (params.seq_idx_ptr != nullptr) { static constexpr bool kHasSeqIdx = true; return [&] { using Ktraits = Causal_conv1d_channellast_fwd_kernel_traits<kNThreads, kWidth, 64, true, input_t, weight_t>; constexpr int kChunkSizeL = Ktraits::kChunkSizeL; constexpr int kChunkSizeC = Ktraits::kNEltsPerRow; const int n_chunks_L = (params.seqlen + kChunkSizeL - 1) / kChunkSizeL; const int n_chunks_C = (params.dim + kChunkSizeC - 1) / kChunkSizeC; dim3 grid(params.batch, n_chunks_L, n_chunks_C); dim3 block(Ktraits::kNThreads); auto kernel = &causal_conv1d_channellast_fwd_kernel<Ktraits, kHasSeqIdx>; kernel<<<grid, Ktraits::kNThreads, 0, stream>>>(params); do { const cudaError_t __err = cudaGetLastError(); c10::cuda::c10_cuda_check_implementation( static_cast<int32_t>(__err), "D:\\antigravity\\bridge2-nn\\causal-conv1d-repo\\csrc\\causal_conv1d_fwd.cu", __func__, static_cast<uint32_t>(366), true); } while (0); }(); } else { static constexpr bool kHasSeqIdx = false; return [&] { using Ktraits = Causal_conv1d_channellast_fwd_kernel_traits<kNThreads, kWidth, 64, true, input_t, weight_t>; constexpr int kChunkSizeL = Ktraits::kChunkSizeL; constexpr int kChunkSizeC = Ktraits::kNEltsPerRow; const int n_chunks_L = (params.seqlen + kChunkSizeL - 1) / kChunkSizeL; const int n_chunks_C = (params.dim + kChunkSizeC - 1) / kChunkSizeC; dim3 grid(params.batch, n_chunks_L, n_chunks_C); dim3 block(Ktraits::kNThreads); auto kernel = &causal_conv1d_channellast_fwd_kernel<Ktraits, kHasSeqIdx>; kernel<<<grid, Ktraits::kNThreads, 0, stream>>>(params); do { const cudaError_t __err = cudaGetLastError(); c10::cuda::c10_cuda_check_implementation( static_cast<int32_t>(__err), "D:\\antigravity\\bridge2-nn\\causal-conv1d-repo\\csrc\\causal_conv1d_fwd.cu", __func__, static_cast<uint32_t>(366), true); } while (0); }(); } }();
                                                                                                                                                                                                                                                                                                                                                                                                                                                                                                                              ^
            detected during:
              instantiation of "void causal_conv1d_channellast_fwd_launch<kNThreads,kWidth,input_t,weight_t>(ConvParamsBase &, cudaStream_t) [with kNThreads=128, kWidth=3, input_t=c10::Half, weight_t=c10::BFloat16]" at line 374
              instantiation of "void causal_conv1d_channellast_fwd_cuda<input_t,weight_t>(ConvParamsBase &, cudaStream_t) [with input_t=c10::Half, weight_t=c10::BFloat16]" at line 397

  D:\antigravity\bridge2-nn\causal-conv1d-repo\csrc\causal_conv1d_fwd.cu(208): warning #177-D: variable "kNWarp" was declared but never referenced
        constexpr int kNWarp = Ktraits::kNWarps;
                      ^
            detected during:
              instantiation of "void causal_conv1d_channellast_fwd_kernel<Ktraits,kHasSeqIdx>(ConvParamsBase) [with Ktraits=Causal_conv1d_channellast_fwd_kernel_traits<128, 3, 64, true, c10::Half, c10::BFloat16>, kHasSeqIdx=false]" at line 349
              instantiation of "void causal_conv1d_channellast_fwd_launch<kNThreads,kWidth,input_t,weight_t>(ConvParamsBase &, cudaStream_t) [with kNThreads=128, kWidth=3, input_t=c10::Half, weight_t=c10::BFloat16]" at line 374
              instantiation of "void causal_conv1d_channellast_fwd_cuda<input_t,weight_t>(ConvParamsBase &, cudaStream_t) [with input_t=c10::Half, weight_t=c10::BFloat16]" at line 397

  D:\antigravity\bridge2-nn\causal-conv1d-repo\csrc\causal_conv1d_fwd.cu(232): warning #177-D: variable "seq_idx" was declared but never referenced
        int *seq_idx = !kHasSeqIdx ? nullptr : reinterpret_cast<int *>(params.seq_idx_ptr)
             ^
            detected during:
              instantiation of "void causal_conv1d_channellast_fwd_kernel<Ktraits,kHasSeqIdx>(ConvParamsBase) [with Ktraits=Causal_conv1d_channellast_fwd_kernel_traits<128, 3, 64, true, c10::Half, c10::BFloat16>, kHasSeqIdx=false]" at line 349
              instantiation of "void causal_conv1d_channellast_fwd_launch<kNThreads,kWidth,input_t,weight_t>(ConvParamsBase &, cudaStream_t) [with kNThreads=128, kWidth=3, input_t=c10::Half, weight_t=c10::BFloat16]" at line 374
              instantiation of "void causal_conv1d_channellast_fwd_cuda<input_t,weight_t>(ConvParamsBase &, cudaStream_t) [with input_t=c10::Half, weight_t=c10::BFloat16]" at line 397

  D:\antigravity\bridge2-nn\causal-conv1d-repo\csrc\causal_conv1d_fwd.cu(349): warning #177-D: variable "block" was declared but never referenced
        [&] { if (params.seq_idx_ptr != nullptr) { static constexpr bool kHasSeqIdx = true; return [&] { using Ktraits = Causal_conv1d_channellast_fwd_kernel_traits<kNThreads, kWidth, 64, true, input_t, weight_t>; constexpr int kChunkSizeL = Ktraits::kChunkSizeL; constexpr int kChunkSizeC = Ktraits::kNEltsPerRow; const int n_chunks_L = (params.seqlen + kChunkSizeL - 1) / kChunkSizeL; const int n_chunks_C = (params.dim + kChunkSizeC - 1) / kChunkSizeC; dim3 grid(params.batch, n_chunks_L, n_chunks_C); dim3 block(Ktraits::kNThreads); auto kernel = &causal_conv1d_channellast_fwd_kernel<Ktraits, kHasSeqIdx>; kernel<<<grid, Ktraits::kNThreads, 0, stream>>>(params); do { const cudaError_t __err = cudaGetLastError(); c10::cuda::c10_cuda_check_implementation( static_cast<int32_t>(__err), "D:\\antigravity\\bridge2-nn\\causal-conv1d-repo\\csrc\\causal_conv1d_fwd.cu", __func__, static_cast<uint32_t>(366), true); } while (0); }(); } else { static constexpr bool kHasSeqIdx = false; return [&] { using Ktraits = Causal_conv1d_channellast_fwd_kernel_traits<kNThreads, kWidth, 64, true, input_t, weight_t>; constexpr int kChunkSizeL = Ktraits::kChunkSizeL; constexpr int kChunkSizeC = Ktraits::kNEltsPerRow; const int n_chunks_L = (params.seqlen + kChunkSizeL - 1) / kChunkSizeL; const int n_chunks_C = (params.dim + kChunkSizeC - 1) / kChunkSizeC; dim3 grid(params.batch, n_chunks_L, n_chunks_C); dim3 block(Ktraits::kNThreads); auto kernel = &causal_conv1d_channellast_fwd_kernel<Ktraits, kHasSeqIdx>; kernel<<<grid, Ktraits::kNThreads, 0, stream>>>(params); do { const cudaError_t __err = cudaGetLastError(); c10::cuda::c10_cuda_check_implementation( static_cast<int32_t>(__err), "D:\\antigravity\\bridge2-nn\\causal-conv1d-repo\\csrc\\causal_conv1d_fwd.cu", __func__, static_cast<uint32_t>(366), true); } while (0); }(); } }();
                                                                                                                                                                                                                                                                                                                                                                                                                                                                                                                                                                                                                                                                                                                                                                                                                                                                                                                                                                                                                                                                                                                                                                                                                                                                                                                                                                                                                                                         ^
            detected during:
              instantiation of "void causal_conv1d_channellast_fwd_launch<kNThreads,kWidth,input_t,weight_t>(ConvParamsBase &, cudaStream_t) [with kNThreads=128, kWidth=3, input_t=c10::Half, weight_t=c10::BFloat16]" at line 374
              instantiation of "void causal_conv1d_channellast_fwd_cuda<input_t,weight_t>(ConvParamsBase &, cudaStream_t) [with input_t=c10::Half, weight_t=c10::BFloat16]" at line 397

  D:\antigravity\bridge2-nn\causal-conv1d-repo\csrc\causal_conv1d_fwd.cu(208): warning #177-D: variable "kNWarp" was declared but never referenced
        constexpr int kNWarp = Ktraits::kNWarps;
                      ^
            detected during:
              instantiation of "void causal_conv1d_channellast_fwd_kernel<Ktraits,kHasSeqIdx>(ConvParamsBase) [with Ktraits=Causal_conv1d_channellast_fwd_kernel_traits<128, 4, 64, true, c10::Half, c10::BFloat16>, kHasSeqIdx=true]" at line 349
              instantiation of "void causal_conv1d_channellast_fwd_launch<kNThreads,kWidth,input_t,weight_t>(ConvParamsBase &, cudaStream_t) [with kNThreads=128, kWidth=4, input_t=c10::Half, weight_t=c10::BFloat16]" at line 376
              instantiation of "void causal_conv1d_channellast_fwd_cuda<input_t,weight_t>(ConvParamsBase &, cudaStream_t) [with input_t=c10::Half, weight_t=c10::BFloat16]" at line 397

  D:\antigravity\bridge2-nn\causal-conv1d-repo\csrc\causal_conv1d_fwd.cu(349): warning #177-D: variable "block" was declared but never referenced
        [&] { if (params.seq_idx_ptr != nullptr) { static constexpr bool kHasSeqIdx = true; return [&] { using Ktraits = Causal_conv1d_channellast_fwd_kernel_traits<kNThreads, kWidth, 64, true, input_t, weight_t>; constexpr int kChunkSizeL = Ktraits::kChunkSizeL; constexpr int kChunkSizeC = Ktraits::kNEltsPerRow; const int n_chunks_L = (params.seqlen + kChunkSizeL - 1) / kChunkSizeL; const int n_chunks_C = (params.dim + kChunkSizeC - 1) / kChunkSizeC; dim3 grid(params.batch, n_chunks_L, n_chunks_C); dim3 block(Ktraits::kNThreads); auto kernel = &causal_conv1d_channellast_fwd_kernel<Ktraits, kHasSeqIdx>; kernel<<<grid, Ktraits::kNThreads, 0, stream>>>(params); do { const cudaError_t __err = cudaGetLastError(); c10::cuda::c10_cuda_check_implementation( static_cast<int32_t>(__err), "D:\\antigravity\\bridge2-nn\\causal-conv1d-repo\\csrc\\causal_conv1d_fwd.cu", __func__, static_cast<uint32_t>(366), true); } while (0); }(); } else { static constexpr bool kHasSeqIdx = false; return [&] { using Ktraits = Causal_conv1d_channellast_fwd_kernel_traits<kNThreads, kWidth, 64, true, input_t, weight_t>; constexpr int kChunkSizeL = Ktraits::kChunkSizeL; constexpr int kChunkSizeC = Ktraits::kNEltsPerRow; const int n_chunks_L = (params.seqlen + kChunkSizeL - 1) / kChunkSizeL; const int n_chunks_C = (params.dim + kChunkSizeC - 1) / kChunkSizeC; dim3 grid(params.batch, n_chunks_L, n_chunks_C); dim3 block(Ktraits::kNThreads); auto kernel = &causal_conv1d_channellast_fwd_kernel<Ktraits, kHasSeqIdx>; kernel<<<grid, Ktraits::kNThreads, 0, stream>>>(params); do { const cudaError_t __err = cudaGetLastError(); c10::cuda::c10_cuda_check_implementation( static_cast<int32_t>(__err), "D:\\antigravity\\bridge2-nn\\causal-conv1d-repo\\csrc\\causal_conv1d_fwd.cu", __func__, static_cast<uint32_t>(366), true); } while (0); }(); } }();
                                                                                                                                                                                                                                                                                                                                                                                                                                                                                                                              ^
            detected during:
              instantiation of "void causal_conv1d_channellast_fwd_launch<kNThreads,kWidth,input_t,weight_t>(ConvParamsBase &, cudaStream_t) [with kNThreads=128, kWidth=4, input_t=c10::Half, weight_t=c10::BFloat16]" at line 376
              instantiation of "void causal_conv1d_channellast_fwd_cuda<input_t,weight_t>(ConvParamsBase &, cudaStream_t) [with input_t=c10::Half, weight_t=c10::BFloat16]" at line 397

  D:\antigravity\bridge2-nn\causal-conv1d-repo\csrc\causal_conv1d_fwd.cu(208): warning #177-D: variable "kNWarp" was declared but never referenced
        constexpr int kNWarp = Ktraits::kNWarps;
                      ^
            detected during:
              instantiation of "void causal_conv1d_channellast_fwd_kernel<Ktraits,kHasSeqIdx>(ConvParamsBase) [with Ktraits=Causal_conv1d_channellast_fwd_kernel_traits<128, 4, 64, true, c10::Half, c10::BFloat16>, kHasSeqIdx=false]" at line 349
              instantiation of "void causal_conv1d_channellast_fwd_launch<kNThreads,kWidth,input_t,weight_t>(ConvParamsBase &, cudaStream_t) [with kNThreads=128, kWidth=4, input_t=c10::Half, weight_t=c10::BFloat16]" at line 376
              instantiation of "void causal_conv1d_channellast_fwd_cuda<input_t,weight_t>(ConvParamsBase &, cudaStream_t) [with input_t=c10::Half, weight_t=c10::BFloat16]" at line 397

  D:\antigravity\bridge2-nn\causal-conv1d-repo\csrc\causal_conv1d_fwd.cu(232): warning #177-D: variable "seq_idx" was declared but never referenced
        int *seq_idx = !kHasSeqIdx ? nullptr : reinterpret_cast<int *>(params.seq_idx_ptr)
             ^
            detected during:
              instantiation of "void causal_conv1d_channellast_fwd_kernel<Ktraits,kHasSeqIdx>(ConvParamsBase) [with Ktraits=Causal_conv1d_channellast_fwd_kernel_traits<128, 4, 64, true, c10::Half, c10::BFloat16>, kHasSeqIdx=false]" at line 349
              instantiation of "void causal_conv1d_channellast_fwd_launch<kNThreads,kWidth,input_t,weight_t>(ConvParamsBase &, cudaStream_t) [with kNThreads=128, kWidth=4, input_t=c10::Half, weight_t=c10::BFloat16]" at line 376
              instantiation of "void causal_conv1d_channellast_fwd_cuda<input_t,weight_t>(ConvParamsBase &, cudaStream_t) [with input_t=c10::Half, weight_t=c10::BFloat16]" at line 397

  D:\antigravity\bridge2-nn\causal-conv1d-repo\csrc\causal_conv1d_fwd.cu(349): warning #177-D: variable "block" was declared but never referenced
        [&] { if (params.seq_idx_ptr != nullptr) { static constexpr bool kHasSeqIdx = true; return [&] { using Ktraits = Causal_conv1d_channellast_fwd_kernel_traits<kNThreads, kWidth, 64, true, input_t, weight_t>; constexpr int kChunkSizeL = Ktraits::kChunkSizeL; constexpr int kChunkSizeC = Ktraits::kNEltsPerRow; const int n_chunks_L = (params.seqlen + kChunkSizeL - 1) / kChunkSizeL; const int n_chunks_C = (params.dim + kChunkSizeC - 1) / kChunkSizeC; dim3 grid(params.batch, n_chunks_L, n_chunks_C); dim3 block(Ktraits::kNThreads); auto kernel = &causal_conv1d_channellast_fwd_kernel<Ktraits, kHasSeqIdx>; kernel<<<grid, Ktraits::kNThreads, 0, stream>>>(params); do { const cudaError_t __err = cudaGetLastError(); c10::cuda::c10_cuda_check_implementation( static_cast<int32_t>(__err), "D:\\antigravity\\bridge2-nn\\causal-conv1d-repo\\csrc\\causal_conv1d_fwd.cu", __func__, static_cast<uint32_t>(366), true); } while (0); }(); } else { static constexpr bool kHasSeqIdx = false; return [&] { using Ktraits = Causal_conv1d_channellast_fwd_kernel_traits<kNThreads, kWidth, 64, true, input_t, weight_t>; constexpr int kChunkSizeL = Ktraits::kChunkSizeL; constexpr int kChunkSizeC = Ktraits::kNEltsPerRow; const int n_chunks_L = (params.seqlen + kChunkSizeL - 1) / kChunkSizeL; const int n_chunks_C = (params.dim + kChunkSizeC - 1) / kChunkSizeC; dim3 grid(params.batch, n_chunks_L, n_chunks_C); dim3 block(Ktraits::kNThreads); auto kernel = &causal_conv1d_channellast_fwd_kernel<Ktraits, kHasSeqIdx>; kernel<<<grid, Ktraits::kNThreads, 0, stream>>>(params); do { const cudaError_t __err = cudaGetLastError(); c10::cuda::c10_cuda_check_implementation( static_cast<int32_t>(__err), "D:\\antigravity\\bridge2-nn\\causal-conv1d-repo\\csrc\\causal_conv1d_fwd.cu", __func__, static_cast<uint32_t>(366), true); } while (0); }(); } }();
                                                                                                                                                                                                                                                                                                                                                                                                                                                                                                                                                                                                                                                                                                                                                                                                                                                                                                                                                                                                                                                                                                                                                                                                                                                                                                                                                                                                                                                         ^
            detected during:
              instantiation of "void causal_conv1d_channellast_fwd_launch<kNThreads,kWidth,input_t,weight_t>(ConvParamsBase &, cudaStream_t) [with kNThreads=128, kWidth=4, input_t=c10::Half, weight_t=c10::BFloat16]" at line 376
              instantiation of "void causal_conv1d_channellast_fwd_cuda<input_t,weight_t>(ConvParamsBase &, cudaStream_t) [with input_t=c10::Half, weight_t=c10::BFloat16]" at line 397

  D:\antigravity\bridge2-nn\causal-conv1d-repo\csrc\causal_conv1d_fwd.cu(208): warning #177-D: variable "kNWarp" was declared but never referenced
        constexpr int kNWarp = Ktraits::kNWarps;
                      ^
            detected during:
              instantiation of "void causal_conv1d_channellast_fwd_kernel<Ktraits,kHasSeqIdx>(ConvParamsBase) [with Ktraits=Causal_conv1d_channellast_fwd_kernel_traits<128, 2, 64, true, c10::BFloat16, c10::BFloat16>, kHasSeqIdx=true]" at line 349
              instantiation of "void causal_conv1d_channellast_fwd_launch<kNThreads,kWidth,input_t,weight_t>(ConvParamsBase &, cudaStream_t) [with kNThreads=128, kWidth=2, input_t=c10::BFloat16, weight_t=c10::BFloat16]" at line 372
              instantiation of "void causal_conv1d_channellast_fwd_cuda<input_t,weight_t>(ConvParamsBase &, cudaStream_t) [with input_t=c10::BFloat16, weight_t=c10::BFloat16]" at line 398

  D:\antigravity\bridge2-nn\causal-conv1d-repo\csrc\causal_conv1d_fwd.cu(349): warning #177-D: variable "block" was declared but never referenced
        [&] { if (params.seq_idx_ptr != nullptr) { static constexpr bool kHasSeqIdx = true; return [&] { using Ktraits = Causal_conv1d_channellast_fwd_kernel_traits<kNThreads, kWidth, 64, true, input_t, weight_t>; constexpr int kChunkSizeL = Ktraits::kChunkSizeL; constexpr int kChunkSizeC = Ktraits::kNEltsPerRow; const int n_chunks_L = (params.seqlen + kChunkSizeL - 1) / kChunkSizeL; const int n_chunks_C = (params.dim + kChunkSizeC - 1) / kChunkSizeC; dim3 grid(params.batch, n_chunks_L, n_chunks_C); dim3 block(Ktraits::kNThreads); auto kernel = &causal_conv1d_channellast_fwd_kernel<Ktraits, kHasSeqIdx>; kernel<<<grid, Ktraits::kNThreads, 0, stream>>>(params); do { const cudaError_t __err = cudaGetLastError(); c10::cuda::c10_cuda_check_implementation( static_cast<int32_t>(__err), "D:\\antigravity\\bridge2-nn\\causal-conv1d-repo\\csrc\\causal_conv1d_fwd.cu", __func__, static_cast<uint32_t>(366), true); } while (0); }(); } else { static constexpr bool kHasSeqIdx = false; return [&] { using Ktraits = Causal_conv1d_channellast_fwd_kernel_traits<kNThreads, kWidth, 64, true, input_t, weight_t>; constexpr int kChunkSizeL = Ktraits::kChunkSizeL; constexpr int kChunkSizeC = Ktraits::kNEltsPerRow; const int n_chunks_L = (params.seqlen + kChunkSizeL - 1) / kChunkSizeL; const int n_chunks_C = (params.dim + kChunkSizeC - 1) / kChunkSizeC; dim3 grid(params.batch, n_chunks_L, n_chunks_C); dim3 block(Ktraits::kNThreads); auto kernel = &causal_conv1d_channellast_fwd_kernel<Ktraits, kHasSeqIdx>; kernel<<<grid, Ktraits::kNThreads, 0, stream>>>(params); do { const cudaError_t __err = cudaGetLastError(); c10::cuda::c10_cuda_check_implementation( static_cast<int32_t>(__err), "D:\\antigravity\\bridge2-nn\\causal-conv1d-repo\\csrc\\causal_conv1d_fwd.cu", __func__, static_cast<uint32_t>(366), true); } while (0); }(); } }();
                                                                                                                                                                                                                                                                                                                                                                                                                                                                                                                              ^
            detected during:
              instantiation of "void causal_conv1d_channellast_fwd_launch<kNThreads,kWidth,input_t,weight_t>(ConvParamsBase &, cudaStream_t) [with kNThreads=128, kWidth=2, input_t=c10::BFloat16, weight_t=c10::BFloat16]" at line 372
              instantiation of "void causal_conv1d_channellast_fwd_cuda<input_t,weight_t>(ConvParamsBase &, cudaStream_t) [with input_t=c10::BFloat16, weight_t=c10::BFloat16]" at line 398

  D:\antigravity\bridge2-nn\causal-conv1d-repo\csrc\causal_conv1d_fwd.cu(208): warning #177-D: variable "kNWarp" was declared but never referenced
        constexpr int kNWarp = Ktraits::kNWarps;
                      ^
            detected during:
              instantiation of "void causal_conv1d_channellast_fwd_kernel<Ktraits,kHasSeqIdx>(ConvParamsBase) [with Ktraits=Causal_conv1d_channellast_fwd_kernel_traits<128, 2, 64, true, c10::BFloat16, c10::BFloat16>, kHasSeqIdx=false]" at line 349
              instantiation of "void causal_conv1d_channellast_fwd_launch<kNThreads,kWidth,input_t,weight_t>(ConvParamsBase &, cudaStream_t) [with kNThreads=128, kWidth=2, input_t=c10::BFloat16, weight_t=c10::BFloat16]" at line 372
              instantiation of "void causal_conv1d_channellast_fwd_cuda<input_t,weight_t>(ConvParamsBase &, cudaStream_t) [with input_t=c10::BFloat16, weight_t=c10::BFloat16]" at line 398

  D:\antigravity\bridge2-nn\causal-conv1d-repo\csrc\causal_conv1d_fwd.cu(232): warning #177-D: variable "seq_idx" was declared but never referenced
        int *seq_idx = !kHasSeqIdx ? nullptr : reinterpret_cast<int *>(params.seq_idx_ptr)
             ^
            detected during:
              instantiation of "void causal_conv1d_channellast_fwd_kernel<Ktraits,kHasSeqIdx>(ConvParamsBase) [with Ktraits=Causal_conv1d_channellast_fwd_kernel_traits<128, 2, 64, true, c10::BFloat16, c10::BFloat16>, kHasSeqIdx=false]" at line 349
              instantiation of "void causal_conv1d_channellast_fwd_launch<kNThreads,kWidth,input_t,weight_t>(ConvParamsBase &, cudaStream_t) [with kNThreads=128, kWidth=2, input_t=c10::BFloat16, weight_t=c10::BFloat16]" at line 372
              instantiation of "void causal_conv1d_channellast_fwd_cuda<input_t,weight_t>(ConvParamsBase &, cudaStream_t) [with input_t=c10::BFloat16, weight_t=c10::BFloat16]" at line 398

  D:\antigravity\bridge2-nn\causal-conv1d-repo\csrc\causal_conv1d_fwd.cu(349): warning #177-D: variable "block" was declared but never referenced
        [&] { if (params.seq_idx_ptr != nullptr) { static constexpr bool kHasSeqIdx = true; return [&] { using Ktraits = Causal_conv1d_channellast_fwd_kernel_traits<kNThreads, kWidth, 64, true, input_t, weight_t>; constexpr int kChunkSizeL = Ktraits::kChunkSizeL; constexpr int kChunkSizeC = Ktraits::kNEltsPerRow; const int n_chunks_L = (params.seqlen + kChunkSizeL - 1) / kChunkSizeL; const int n_chunks_C = (params.dim + kChunkSizeC - 1) / kChunkSizeC; dim3 grid(params.batch, n_chunks_L, n_chunks_C); dim3 block(Ktraits::kNThreads); auto kernel = &causal_conv1d_channellast_fwd_kernel<Ktraits, kHasSeqIdx>; kernel<<<grid, Ktraits::kNThreads, 0, stream>>>(params); do { const cudaError_t __err = cudaGetLastError(); c10::cuda::c10_cuda_check_implementation( static_cast<int32_t>(__err), "D:\\antigravity\\bridge2-nn\\causal-conv1d-repo\\csrc\\causal_conv1d_fwd.cu", __func__, static_cast<uint32_t>(366), true); } while (0); }(); } else { static constexpr bool kHasSeqIdx = false; return [&] { using Ktraits = Causal_conv1d_channellast_fwd_kernel_traits<kNThreads, kWidth, 64, true, input_t, weight_t>; constexpr int kChunkSizeL = Ktraits::kChunkSizeL; constexpr int kChunkSizeC = Ktraits::kNEltsPerRow; const int n_chunks_L = (params.seqlen + kChunkSizeL - 1) / kChunkSizeL; const int n_chunks_C = (params.dim + kChunkSizeC - 1) / kChunkSizeC; dim3 grid(params.batch, n_chunks_L, n_chunks_C); dim3 block(Ktraits::kNThreads); auto kernel = &causal_conv1d_channellast_fwd_kernel<Ktraits, kHasSeqIdx>; kernel<<<grid, Ktraits::kNThreads, 0, stream>>>(params); do { const cudaError_t __err = cudaGetLastError(); c10::cuda::c10_cuda_check_implementation( static_cast<int32_t>(__err), "D:\\antigravity\\bridge2-nn\\causal-conv1d-repo\\csrc\\causal_conv1d_fwd.cu", __func__, static_cast<uint32_t>(366), true); } while (0); }(); } }();
                                                                                                                                                                                                                                                                                                                                                                                                                                                                                                                                                                                                                                                                                                                                                                                                                                                                                                                                                                                                                                                                                                                                                                                                                                                                                                                                                                                                                                                         ^
            detected during:
              instantiation of "void causal_conv1d_channellast_fwd_launch<kNThreads,kWidth,input_t,weight_t>(ConvParamsBase &, cudaStream_t) [with kNThreads=128, kWidth=2, input_t=c10::BFloat16, weight_t=c10::BFloat16]" at line 372
              instantiation of "void causal_conv1d_channellast_fwd_cuda<input_t,weight_t>(ConvParamsBase &, cudaStream_t) [with input_t=c10::BFloat16, weight_t=c10::BFloat16]" at line 398

  D:\antigravity\bridge2-nn\causal-conv1d-repo\csrc\causal_conv1d_fwd.cu(208): warning #177-D: variable "kNWarp" was declared but never referenced
        constexpr int kNWarp = Ktraits::kNWarps;
                      ^
            detected during:
              instantiation of "void causal_conv1d_channellast_fwd_kernel<Ktraits,kHasSeqIdx>(ConvParamsBase) [with Ktraits=Causal_conv1d_channellast_fwd_kernel_traits<128, 3, 64, true, c10::BFloat16, c10::BFloat16>, kHasSeqIdx=true]" at line 349
              instantiation of "void causal_conv1d_channellast_fwd_launch<kNThreads,kWidth,input_t,weight_t>(ConvParamsBase &, cudaStream_t) [with kNThreads=128, kWidth=3, input_t=c10::BFloat16, weight_t=c10::BFloat16]" at line 374
              instantiation of "void causal_conv1d_channellast_fwd_cuda<input_t,weight_t>(ConvParamsBase &, cudaStream_t) [with input_t=c10::BFloat16, weight_t=c10::BFloat16]" at line 398

  D:\antigravity\bridge2-nn\causal-conv1d-repo\csrc\causal_conv1d_fwd.cu(349): warning #177-D: variable "block" was declared but never referenced
        [&] { if (params.seq_idx_ptr != nullptr) { static constexpr bool kHasSeqIdx = true; return [&] { using Ktraits = Causal_conv1d_channellast_fwd_kernel_traits<kNThreads, kWidth, 64, true, input_t, weight_t>; constexpr int kChunkSizeL = Ktraits::kChunkSizeL; constexpr int kChunkSizeC = Ktraits::kNEltsPerRow; const int n_chunks_L = (params.seqlen + kChunkSizeL - 1) / kChunkSizeL; const int n_chunks_C = (params.dim + kChunkSizeC - 1) / kChunkSizeC; dim3 grid(params.batch, n_chunks_L, n_chunks_C); dim3 block(Ktraits::kNThreads); auto kernel = &causal_conv1d_channellast_fwd_kernel<Ktraits, kHasSeqIdx>; kernel<<<grid, Ktraits::kNThreads, 0, stream>>>(params); do { const cudaError_t __err = cudaGetLastError(); c10::cuda::c10_cuda_check_implementation( static_cast<int32_t>(__err), "D:\\antigravity\\bridge2-nn\\causal-conv1d-repo\\csrc\\causal_conv1d_fwd.cu", __func__, static_cast<uint32_t>(366), true); } while (0); }(); } else { static constexpr bool kHasSeqIdx = false; return [&] { using Ktraits = Causal_conv1d_channellast_fwd_kernel_traits<kNThreads, kWidth, 64, true, input_t, weight_t>; constexpr int kChunkSizeL = Ktraits::kChunkSizeL; constexpr int kChunkSizeC = Ktraits::kNEltsPerRow; const int n_chunks_L = (params.seqlen + kChunkSizeL - 1) / kChunkSizeL; const int n_chunks_C = (params.dim + kChunkSizeC - 1) / kChunkSizeC; dim3 grid(params.batch, n_chunks_L, n_chunks_C); dim3 block(Ktraits::kNThreads); auto kernel = &causal_conv1d_channellast_fwd_kernel<Ktraits, kHasSeqIdx>; kernel<<<grid, Ktraits::kNThreads, 0, stream>>>(params); do { const cudaError_t __err = cudaGetLastError(); c10::cuda::c10_cuda_check_implementation( static_cast<int32_t>(__err), "D:\\antigravity\\bridge2-nn\\causal-conv1d-repo\\csrc\\causal_conv1d_fwd.cu", __func__, static_cast<uint32_t>(366), true); } while (0); }(); } }();
                                                                                                                                                                                                                                                                                                                                                                                                                                                                                                                              ^
            detected during:
              instantiation of "void causal_conv1d_channellast_fwd_launch<kNThreads,kWidth,input_t,weight_t>(ConvParamsBase &, cudaStream_t) [with kNThreads=128, kWidth=3, input_t=c10::BFloat16, weight_t=c10::BFloat16]" at line 374
              instantiation of "void causal_conv1d_channellast_fwd_cuda<input_t,weight_t>(ConvParamsBase &, cudaStream_t) [with input_t=c10::BFloat16, weight_t=c10::BFloat16]" at line 398

  D:\antigravity\bridge2-nn\causal-conv1d-repo\csrc\causal_conv1d_fwd.cu(208): warning #177-D: variable "kNWarp" was declared but never referenced
        constexpr int kNWarp = Ktraits::kNWarps;
                      ^
            detected during:
              instantiation of "void causal_conv1d_channellast_fwd_kernel<Ktraits,kHasSeqIdx>(ConvParamsBase) [with Ktraits=Causal_conv1d_channellast_fwd_kernel_traits<128, 3, 64, true, c10::BFloat16, c10::BFloat16>, kHasSeqIdx=false]" at line 349
              instantiation of "void causal_conv1d_channellast_fwd_launch<kNThreads,kWidth,input_t,weight_t>(ConvParamsBase &, cudaStream_t) [with kNThreads=128, kWidth=3, input_t=c10::BFloat16, weight_t=c10::BFloat16]" at line 374
              instantiation of "void causal_conv1d_channellast_fwd_cuda<input_t,weight_t>(ConvParamsBase &, cudaStream_t) [with input_t=c10::BFloat16, weight_t=c10::BFloat16]" at line 398

  D:\antigravity\bridge2-nn\causal-conv1d-repo\csrc\causal_conv1d_fwd.cu(232): warning #177-D: variable "seq_idx" was declared but never referenced
        int *seq_idx = !kHasSeqIdx ? nullptr : reinterpret_cast<int *>(params.seq_idx_ptr)
             ^
            detected during:
              instantiation of "void causal_conv1d_channellast_fwd_kernel<Ktraits,kHasSeqIdx>(ConvParamsBase) [with Ktraits=Causal_conv1d_channellast_fwd_kernel_traits<128, 3, 64, true, c10::BFloat16, c10::BFloat16>, kHasSeqIdx=false]" at line 349
              instantiation of "void causal_conv1d_channellast_fwd_launch<kNThreads,kWidth,input_t,weight_t>(ConvParamsBase &, cudaStream_t) [with kNThreads=128, kWidth=3, input_t=c10::BFloat16, weight_t=c10::BFloat16]" at line 374
              instantiation of "void causal_conv1d_channellast_fwd_cuda<input_t,weight_t>(ConvParamsBase &, cudaStream_t) [with input_t=c10::BFloat16, weight_t=c10::BFloat16]" at line 398

  D:\antigravity\bridge2-nn\causal-conv1d-repo\csrc\causal_conv1d_fwd.cu(349): warning #177-D: variable "block" was declared but never referenced
        [&] { if (params.seq_idx_ptr != nullptr) { static constexpr bool kHasSeqIdx = true; return [&] { using Ktraits = Causal_conv1d_channellast_fwd_kernel_traits<kNThreads, kWidth, 64, true, input_t, weight_t>; constexpr int kChunkSizeL = Ktraits::kChunkSizeL; constexpr int kChunkSizeC = Ktraits::kNEltsPerRow; const int n_chunks_L = (params.seqlen + kChunkSizeL - 1) / kChunkSizeL; const int n_chunks_C = (params.dim + kChunkSizeC - 1) / kChunkSizeC; dim3 grid(params.batch, n_chunks_L, n_chunks_C); dim3 block(Ktraits::kNThreads); auto kernel = &causal_conv1d_channellast_fwd_kernel<Ktraits, kHasSeqIdx>; kernel<<<grid, Ktraits::kNThreads, 0, stream>>>(params); do { const cudaError_t __err = cudaGetLastError(); c10::cuda::c10_cuda_check_implementation( static_cast<int32_t>(__err), "D:\\antigravity\\bridge2-nn\\causal-conv1d-repo\\csrc\\causal_conv1d_fwd.cu", __func__, static_cast<uint32_t>(366), true); } while (0); }(); } else { static constexpr bool kHasSeqIdx = false; return [&] { using Ktraits = Causal_conv1d_channellast_fwd_kernel_traits<kNThreads, kWidth, 64, true, input_t, weight_t>; constexpr int kChunkSizeL = Ktraits::kChunkSizeL; constexpr int kChunkSizeC = Ktraits::kNEltsPerRow; const int n_chunks_L = (params.seqlen + kChunkSizeL - 1) / kChunkSizeL; const int n_chunks_C = (params.dim + kChunkSizeC - 1) / kChunkSizeC; dim3 grid(params.batch, n_chunks_L, n_chunks_C); dim3 block(Ktraits::kNThreads); auto kernel = &causal_conv1d_channellast_fwd_kernel<Ktraits, kHasSeqIdx>; kernel<<<grid, Ktraits::kNThreads, 0, stream>>>(params); do { const cudaError_t __err = cudaGetLastError(); c10::cuda::c10_cuda_check_implementation( static_cast<int32_t>(__err), "D:\\antigravity\\bridge2-nn\\causal-conv1d-repo\\csrc\\causal_conv1d_fwd.cu", __func__, static_cast<uint32_t>(366), true); } while (0); }(); } }();
                                                                                                                                                                                                                                                                                                                                                                                                                                                                                                                                                                                                                                                                                                                                                                                                                                                                                                                                                                                                                                                                                                                                                                                                                                                                                                                                                                                                                                                         ^
            detected during:
              instantiation of "void causal_conv1d_channellast_fwd_launch<kNThreads,kWidth,input_t,weight_t>(ConvParamsBase &, cudaStream_t) [with kNThreads=128, kWidth=3, input_t=c10::BFloat16, weight_t=c10::BFloat16]" at line 374
              instantiation of "void causal_conv1d_channellast_fwd_cuda<input_t,weight_t>(ConvParamsBase &, cudaStream_t) [with input_t=c10::BFloat16, weight_t=c10::BFloat16]" at line 398

  D:\antigravity\bridge2-nn\causal-conv1d-repo\csrc\causal_conv1d_fwd.cu(208): warning #177-D: variable "kNWarp" was declared but never referenced
        constexpr int kNWarp = Ktraits::kNWarps;
                      ^
            detected during:
              instantiation of "void causal_conv1d_channellast_fwd_kernel<Ktraits,kHasSeqIdx>(ConvParamsBase) [with Ktraits=Causal_conv1d_channellast_fwd_kernel_traits<128, 4, 64, true, c10::BFloat16, c10::BFloat16>, kHasSeqIdx=true]" at line 349
              instantiation of "void causal_conv1d_channellast_fwd_launch<kNThreads,kWidth,input_t,weight_t>(ConvParamsBase &, cudaStream_t) [with kNThreads=128, kWidth=4, input_t=c10::BFloat16, weight_t=c10::BFloat16]" at line 376
              instantiation of "void causal_conv1d_channellast_fwd_cuda<input_t,weight_t>(ConvParamsBase &, cudaStream_t) [with input_t=c10::BFloat16, weight_t=c10::BFloat16]" at line 398

  D:\antigravity\bridge2-nn\causal-conv1d-repo\csrc\causal_conv1d_fwd.cu(349): warning #177-D: variable "block" was declared but never referenced
        [&] { if (params.seq_idx_ptr != nullptr) { static constexpr bool kHasSeqIdx = true; return [&] { using Ktraits = Causal_conv1d_channellast_fwd_kernel_traits<kNThreads, kWidth, 64, true, input_t, weight_t>; constexpr int kChunkSizeL = Ktraits::kChunkSizeL; constexpr int kChunkSizeC = Ktraits::kNEltsPerRow; const int n_chunks_L = (params.seqlen + kChunkSizeL - 1) / kChunkSizeL; const int n_chunks_C = (params.dim + kChunkSizeC - 1) / kChunkSizeC; dim3 grid(params.batch, n_chunks_L, n_chunks_C); dim3 block(Ktraits::kNThreads); auto kernel = &causal_conv1d_channellast_fwd_kernel<Ktraits, kHasSeqIdx>; kernel<<<grid, Ktraits::kNThreads, 0, stream>>>(params); do { const cudaError_t __err = cudaGetLastError(); c10::cuda::c10_cuda_check_implementation( static_cast<int32_t>(__err), "D:\\antigravity\\bridge2-nn\\causal-conv1d-repo\\csrc\\causal_conv1d_fwd.cu", __func__, static_cast<uint32_t>(366), true); } while (0); }(); } else { static constexpr bool kHasSeqIdx = false; return [&] { using Ktraits = Causal_conv1d_channellast_fwd_kernel_traits<kNThreads, kWidth, 64, true, input_t, weight_t>; constexpr int kChunkSizeL = Ktraits::kChunkSizeL; constexpr int kChunkSizeC = Ktraits::kNEltsPerRow; const int n_chunks_L = (params.seqlen + kChunkSizeL - 1) / kChunkSizeL; const int n_chunks_C = (params.dim + kChunkSizeC - 1) / kChunkSizeC; dim3 grid(params.batch, n_chunks_L, n_chunks_C); dim3 block(Ktraits::kNThreads); auto kernel = &causal_conv1d_channellast_fwd_kernel<Ktraits, kHasSeqIdx>; kernel<<<grid, Ktraits::kNThreads, 0, stream>>>(params); do { const cudaError_t __err = cudaGetLastError(); c10::cuda::c10_cuda_check_implementation( static_cast<int32_t>(__err), "D:\\antigravity\\bridge2-nn\\causal-conv1d-repo\\csrc\\causal_conv1d_fwd.cu", __func__, static_cast<uint32_t>(366), true); } while (0); }(); } }();
                                                                                                                                                                                                                                                                                                                                                                                                                                                                                                                              ^
            detected during:
              instantiation of "void causal_conv1d_channellast_fwd_launch<kNThreads,kWidth,input_t,weight_t>(ConvParamsBase &, cudaStream_t) [with kNThreads=128, kWidth=4, input_t=c10::BFloat16, weight_t=c10::BFloat16]" at line 376
              instantiation of "void causal_conv1d_channellast_fwd_cuda<input_t,weight_t>(ConvParamsBase &, cudaStream_t) [with input_t=c10::BFloat16, weight_t=c10::BFloat16]" at line 398

  D:\antigravity\bridge2-nn\causal-conv1d-repo\csrc\causal_conv1d_fwd.cu(208): warning #177-D: variable "kNWarp" was declared but never referenced
        constexpr int kNWarp = Ktraits::kNWarps;
                      ^
            detected during:
              instantiation of "void causal_conv1d_channellast_fwd_kernel<Ktraits,kHasSeqIdx>(ConvParamsBase) [with Ktraits=Causal_conv1d_channellast_fwd_kernel_traits<128, 4, 64, true, c10::BFloat16, c10::BFloat16>, kHasSeqIdx=false]" at line 349
              instantiation of "void causal_conv1d_channellast_fwd_launch<kNThreads,kWidth,input_t,weight_t>(ConvParamsBase &, cudaStream_t) [with kNThreads=128, kWidth=4, input_t=c10::BFloat16, weight_t=c10::BFloat16]" at line 376
              instantiation of "void causal_conv1d_channellast_fwd_cuda<input_t,weight_t>(ConvParamsBase &, cudaStream_t) [with input_t=c10::BFloat16, weight_t=c10::BFloat16]" at line 398

  D:\antigravity\bridge2-nn\causal-conv1d-repo\csrc\causal_conv1d_fwd.cu(232): warning #177-D: variable "seq_idx" was declared but never referenced
        int *seq_idx = !kHasSeqIdx ? nullptr : reinterpret_cast<int *>(params.seq_idx_ptr)
             ^
            detected during:
              instantiation of "void causal_conv1d_channellast_fwd_kernel<Ktraits,kHasSeqIdx>(ConvParamsBase) [with Ktraits=Causal_conv1d_channellast_fwd_kernel_traits<128, 4, 64, true, c10::BFloat16, c10::BFloat16>, kHasSeqIdx=false]" at line 349
              instantiation of "void causal_conv1d_channellast_fwd_launch<kNThreads,kWidth,input_t,weight_t>(ConvParamsBase &, cudaStream_t) [with kNThreads=128, kWidth=4, input_t=c10::BFloat16, weight_t=c10::BFloat16]" at line 376
              instantiation of "void causal_conv1d_channellast_fwd_cuda<input_t,weight_t>(ConvParamsBase &, cudaStream_t) [with input_t=c10::BFloat16, weight_t=c10::BFloat16]" at line 398

  D:\antigravity\bridge2-nn\causal-conv1d-repo\csrc\causal_conv1d_fwd.cu(349): warning #177-D: variable "block" was declared but never referenced
        [&] { if (params.seq_idx_ptr != nullptr) { static constexpr bool kHasSeqIdx = true; return [&] { using Ktraits = Causal_conv1d_channellast_fwd_kernel_traits<kNThreads, kWidth, 64, true, input_t, weight_t>; constexpr int kChunkSizeL = Ktraits::kChunkSizeL; constexpr int kChunkSizeC = Ktraits::kNEltsPerRow; const int n_chunks_L = (params.seqlen + kChunkSizeL - 1) / kChunkSizeL; const int n_chunks_C = (params.dim + kChunkSizeC - 1) / kChunkSizeC; dim3 grid(params.batch, n_chunks_L, n_chunks_C); dim3 block(Ktraits::kNThreads); auto kernel = &causal_conv1d_channellast_fwd_kernel<Ktraits, kHasSeqIdx>; kernel<<<grid, Ktraits::kNThreads, 0, stream>>>(params); do { const cudaError_t __err = cudaGetLastError(); c10::cuda::c10_cuda_check_implementation( static_cast<int32_t>(__err), "D:\\antigravity\\bridge2-nn\\causal-conv1d-repo\\csrc\\causal_conv1d_fwd.cu", __func__, static_cast<uint32_t>(366), true); } while (0); }(); } else { static constexpr bool kHasSeqIdx = false; return [&] { using Ktraits = Causal_conv1d_channellast_fwd_kernel_traits<kNThreads, kWidth, 64, true, input_t, weight_t>; constexpr int kChunkSizeL = Ktraits::kChunkSizeL; constexpr int kChunkSizeC = Ktraits::kNEltsPerRow; const int n_chunks_L = (params.seqlen + kChunkSizeL - 1) / kChunkSizeL; const int n_chunks_C = (params.dim + kChunkSizeC - 1) / kChunkSizeC; dim3 grid(params.batch, n_chunks_L, n_chunks_C); dim3 block(Ktraits::kNThreads); auto kernel = &causal_conv1d_channellast_fwd_kernel<Ktraits, kHasSeqIdx>; kernel<<<grid, Ktraits::kNThreads, 0, stream>>>(params); do { const cudaError_t __err = cudaGetLastError(); c10::cuda::c10_cuda_check_implementation( static_cast<int32_t>(__err), "D:\\antigravity\\bridge2-nn\\causal-conv1d-repo\\csrc\\causal_conv1d_fwd.cu", __func__, static_cast<uint32_t>(366), true); } while (0); }(); } }();
                                                                                                                                                                                                                                                                                                                                                                                                                                                                                                                                                                                                                                                                                                                                                                                                                                                                                                                                                                                                                                                                                                                                                                                                                                                                                                                                                                                                                                                         ^
            detected during:
              instantiation of "void causal_conv1d_channellast_fwd_launch<kNThreads,kWidth,input_t,weight_t>(ConvParamsBase &, cudaStream_t) [with kNThreads=128, kWidth=4, input_t=c10::BFloat16, weight_t=c10::BFloat16]" at line 376
              instantiation of "void causal_conv1d_channellast_fwd_cuda<input_t,weight_t>(ConvParamsBase &, cudaStream_t) [with input_t=c10::BFloat16, weight_t=c10::BFloat16]" at line 398

  ptxas info    : 30 bytes gmem, 240 bytes cmem[4]
  ptxas info    : Compiling entry function '_Z36causal_conv1d_channellast_fwd_kernelI43Causal_conv1d_channellast_fwd_kernel_traitsILi128ELi4ELi64ELb1EN3c108BFloat16ES2_ELb0EEv14ConvParamsBase' for 'sm_89'
  ptxas info    : Function properties for _Z36causal_conv1d_channellast_fwd_kernelI43Causal_conv1d_channellast_fwd_kernel_traitsILi128ELi4ELi64ELb1EN3c108BFloat16ES2_ELb0EEv14ConvParamsBase
      0 bytes stack frame, 0 bytes spill stores, 0 bytes spill loads
  ptxas info    : Used 56 registers, used 1 barriers, 9648 bytes smem, 536 bytes cmem[0]
  ptxas info    : Compile time = 0.000 ms
  ptxas info    : Compiling entry function '_Z36causal_conv1d_channellast_fwd_kernelI43Causal_conv1d_channellast_fwd_kernel_traitsILi128ELi4ELi64ELb1EN3c108BFloat16ES2_ELb1EEv14ConvParamsBase' for 'sm_89'
  ptxas info    : Function properties for _Z36causal_conv1d_channellast_fwd_kernelI43Causal_conv1d_channellast_fwd_kernel_traitsILi128ELi4ELi64ELb1EN3c108BFloat16ES2_ELb1EEv14ConvParamsBase
      0 bytes stack frame, 0 bytes spill stores, 0 bytes spill loads
  ptxas info    : Used 89 registers, used 1 barriers, 9648 bytes smem, 536 bytes cmem[0]
  ptxas info    : Compile time = 0.000 ms
  ptxas info    : Compiling entry function '_Z36causal_conv1d_channellast_fwd_kernelI43Causal_conv1d_channellast_fwd_kernel_traitsILi128ELi3ELi64ELb1EN3c108BFloat16ES2_ELb0EEv14ConvParamsBase' for 'sm_89'
  ptxas info    : Function properties for _Z36causal_conv1d_channellast_fwd_kernelI43Causal_conv1d_channellast_fwd_kernel_traitsILi128ELi3ELi64ELb1EN3c108BFloat16ES2_ELb0EEv14ConvParamsBase
      0 bytes stack frame, 0 bytes spill stores, 0 bytes spill loads
  ptxas info    : Used 56 registers, used 1 barriers, 9504 bytes smem, 536 bytes cmem[0]
  ptxas info    : Compile time = 0.000 ms
  ptxas info    : Compiling entry function '_Z36causal_conv1d_channellast_fwd_kernelI43Causal_conv1d_channellast_fwd_kernel_traitsILi128ELi3ELi64ELb1EN3c108BFloat16ES2_ELb1EEv14ConvParamsBase' for 'sm_89'
  ptxas info    : Function properties for _Z36causal_conv1d_channellast_fwd_kernelI43Causal_conv1d_channellast_fwd_kernel_traitsILi128ELi3ELi64ELb1EN3c108BFloat16ES2_ELb1EEv14ConvParamsBase
      0 bytes stack frame, 0 bytes spill stores, 0 bytes spill loads
  ptxas info    : Used 88 registers, used 1 barriers, 9504 bytes smem, 536 bytes cmem[0]
  ptxas info    : Compile time = 0.000 ms
  ptxas info    : Compiling entry function '_Z36causal_conv1d_channellast_fwd_kernelI43Causal_conv1d_channellast_fwd_kernel_traitsILi128ELi2ELi64ELb1EN3c108BFloat16ES2_ELb0EEv14ConvParamsBase' for 'sm_89'
  ptxas info    : Function properties for _Z36causal_conv1d_channellast_fwd_kernelI43Causal_conv1d_channellast_fwd_kernel_traitsILi128ELi2ELi64ELb1EN3c108BFloat16ES2_ELb0EEv14ConvParamsBase
      0 bytes stack frame, 0 bytes spill stores, 0 bytes spill loads
  ptxas info    : Used 56 registers, used 1 barriers, 9360 bytes smem, 536 bytes cmem[0]
  ptxas info    : Compile time = 0.000 ms
  ptxas info    : Compiling entry function '_Z36causal_conv1d_channellast_fwd_kernelI43Causal_conv1d_channellast_fwd_kernel_traitsILi128ELi2ELi64ELb1EN3c108BFloat16ES2_ELb1EEv14ConvParamsBase' for 'sm_89'
  ptxas info    : Function properties for _Z36causal_conv1d_channellast_fwd_kernelI43Causal_conv1d_channellast_fwd_kernel_traitsILi128ELi2ELi64ELb1EN3c108BFloat16ES2_ELb1EEv14ConvParamsBase
      0 bytes stack frame, 0 bytes spill stores, 0 bytes spill loads
  ptxas info    : Used 80 registers, used 1 barriers, 9360 bytes smem, 536 bytes cmem[0]
  ptxas info    : Compile time = 0.000 ms
  ptxas info    : Compiling entry function '_Z36causal_conv1d_channellast_fwd_kernelI43Causal_conv1d_channellast_fwd_kernel_traitsILi128ELi4ELi64ELb1EN3c104HalfENS1_8BFloat16EELb0EEv14ConvParamsBase' for 'sm_89'
  ptxas info    : Function properties for _Z36causal_conv1d_channellast_fwd_kernelI43Causal_conv1d_channellast_fwd_kernel_traitsILi128ELi4ELi64ELb1EN3c104HalfENS1_8BFloat16EELb0EEv14ConvParamsBase
      0 bytes stack frame, 0 bytes spill stores, 0 bytes spill loads
  ptxas info    : Used 56 registers, used 1 barriers, 9648 bytes smem, 536 bytes cmem[0]
  ptxas info    : Compile time = 0.000 ms
  ptxas info    : Compiling entry function '_Z36causal_conv1d_channellast_fwd_kernelI43Causal_conv1d_channellast_fwd_kernel_traitsILi128ELi4ELi64ELb1EN3c104HalfENS1_8BFloat16EELb1EEv14ConvParamsBase' for 'sm_89'
  ptxas info    : Function properties for _Z36causal_conv1d_channellast_fwd_kernelI43Causal_conv1d_channellast_fwd_kernel_traitsILi128ELi4ELi64ELb1EN3c104HalfENS1_8BFloat16EELb1EEv14ConvParamsBase
      0 bytes stack frame, 0 bytes spill stores, 0 bytes spill loads
  ptxas info    : Used 89 registers, used 1 barriers, 9648 bytes smem, 536 bytes cmem[0]
  ptxas info    : Compile time = 0.000 ms
  ptxas info    : Compiling entry function '_Z36causal_conv1d_channellast_fwd_kernelI43Causal_conv1d_channellast_fwd_kernel_traitsILi128ELi3ELi64ELb1EN3c104HalfENS1_8BFloat16EELb0EEv14ConvParamsBase' for 'sm_89'
  ptxas info    : Function properties for _Z36causal_conv1d_channellast_fwd_kernelI43Causal_conv1d_channellast_fwd_kernel_traitsILi128ELi3ELi64ELb1EN3c104HalfENS1_8BFloat16EELb0EEv14ConvParamsBase
      0 bytes stack frame, 0 bytes spill stores, 0 bytes spill loads
  ptxas info    : Used 56 registers, used 1 barriers, 9504 bytes smem, 536 bytes cmem[0]
  ptxas info    : Compile time = 0.000 ms
  ptxas info    : Compiling entry function '_Z36causal_conv1d_channellast_fwd_kernelI43Causal_conv1d_channellast_fwd_kernel_traitsILi128ELi3ELi64ELb1EN3c104HalfENS1_8BFloat16EELb1EEv14ConvParamsBase' for 'sm_89'
  ptxas info    : Function properties for _Z36causal_conv1d_channellast_fwd_kernelI43Causal_conv1d_channellast_fwd_kernel_traitsILi128ELi3ELi64ELb1EN3c104HalfENS1_8BFloat16EELb1EEv14ConvParamsBase
      0 bytes stack frame, 0 bytes spill stores, 0 bytes spill loads
  ptxas info    : Used 86 registers, used 1 barriers, 9504 bytes smem, 536 bytes cmem[0]
  ptxas info    : Compile time = 0.000 ms
  ptxas info    : Compiling entry function '_Z36causal_conv1d_channellast_fwd_kernelI43Causal_conv1d_channellast_fwd_kernel_traitsILi128ELi2ELi64ELb1EN3c104HalfENS1_8BFloat16EELb0EEv14ConvParamsBase' for 'sm_89'
  ptxas info    : Function properties for _Z36causal_conv1d_channellast_fwd_kernelI43Causal_conv1d_channellast_fwd_kernel_traitsILi128ELi2ELi64ELb1EN3c104HalfENS1_8BFloat16EELb0EEv14ConvParamsBase
      0 bytes stack frame, 0 bytes spill stores, 0 bytes spill loads
  ptxas info    : Used 56 registers, used 1 barriers, 9360 bytes smem, 536 bytes cmem[0]
  ptxas info    : Compile time = 0.000 ms
  ptxas info    : Compiling entry function '_Z36causal_conv1d_channellast_fwd_kernelI43Causal_conv1d_channellast_fwd_kernel_traitsILi128ELi2ELi64ELb1EN3c104HalfENS1_8BFloat16EELb1EEv14ConvParamsBase' for 'sm_89'
  ptxas info    : Function properties for _Z36causal_conv1d_channellast_fwd_kernelI43Causal_conv1d_channellast_fwd_kernel_traitsILi128ELi2ELi64ELb1EN3c104HalfENS1_8BFloat16EELb1EEv14ConvParamsBase
      0 bytes stack frame, 0 bytes spill stores, 0 bytes spill loads
  ptxas info    : Used 80 registers, used 1 barriers, 9360 bytes smem, 536 bytes cmem[0]
  ptxas info    : Compile time = 0.000 ms
  ptxas info    : Compiling entry function '_Z36causal_conv1d_channellast_fwd_kernelI43Causal_conv1d_channellast_fwd_kernel_traitsILi128ELi4ELi64ELb1EfN3c108BFloat16EELb0EEv14ConvParamsBase' for 'sm_89'
  ptxas info    : Function properties for _Z36causal_conv1d_channellast_fwd_kernelI43Causal_conv1d_channellast_fwd_kernel_traitsILi128ELi4ELi64ELb1EfN3c108BFloat16EELb0EEv14ConvParamsBase
      0 bytes stack frame, 0 bytes spill stores, 0 bytes spill loads
  ptxas info    : Used 47 registers, used 1 barriers, 9648 bytes smem, 536 bytes cmem[0]
  ptxas info    : Compile time = 0.000 ms
  ptxas info    : Compiling entry function '_Z36causal_conv1d_channellast_fwd_kernelI43Causal_conv1d_channellast_fwd_kernel_traitsILi128ELi4ELi64ELb1EfN3c108BFloat16EELb1EEv14ConvParamsBase' for 'sm_89'
  ptxas info    : Function properties for _Z36causal_conv1d_channellast_fwd_kernelI43Causal_conv1d_channellast_fwd_kernel_traitsILi128ELi4ELi64ELb1EfN3c108BFloat16EELb1EEv14ConvParamsBase
      0 bytes stack frame, 0 bytes spill stores, 0 bytes spill loads
  ptxas info    : Used 51 registers, used 1 barriers, 9648 bytes smem, 536 bytes cmem[0]
  ptxas info    : Compile time = 0.000 ms
  ptxas info    : Compiling entry function '_Z36causal_conv1d_channellast_fwd_kernelI43Causal_conv1d_channellast_fwd_kernel_traitsILi128ELi3ELi64ELb1EfN3c108BFloat16EELb0EEv14ConvParamsBase' for 'sm_89'
  ptxas info    : Function properties for _Z36causal_conv1d_channellast_fwd_kernelI43Causal_conv1d_channellast_fwd_kernel_traitsILi128ELi3ELi64ELb1EfN3c108BFloat16EELb0EEv14ConvParamsBase
      0 bytes stack frame, 0 bytes spill stores, 0 bytes spill loads
  ptxas info    : Used 46 registers, used 1 barriers, 9504 bytes smem, 536 bytes cmem[0]
  ptxas info    : Compile time = 0.000 ms
  ptxas info    : Compiling entry function '_Z36causal_conv1d_channellast_fwd_kernelI43Causal_conv1d_channellast_fwd_kernel_traitsILi128ELi3ELi64ELb1EfN3c108BFloat16EELb1EEv14ConvParamsBase' for 'sm_89'
  ptxas info    : Function properties for _Z36causal_conv1d_channellast_fwd_kernelI43Causal_conv1d_channellast_fwd_kernel_traitsILi128ELi3ELi64ELb1EfN3c108BFloat16EELb1EEv14ConvParamsBase
      0 bytes stack frame, 0 bytes spill stores, 0 bytes spill loads
  ptxas info    : Used 53 registers, used 1 barriers, 9504 bytes smem, 536 bytes cmem[0]
  ptxas info    : Compile time = 0.000 ms
  ptxas info    : Compiling entry function '_Z36causal_conv1d_channellast_fwd_kernelI43Causal_conv1d_channellast_fwd_kernel_traitsILi128ELi2ELi64ELb1EfN3c108BFloat16EELb0EEv14ConvParamsBase' for 'sm_89'
  ptxas info    : Function properties for _Z36causal_conv1d_channellast_fwd_kernelI43Causal_conv1d_channellast_fwd_kernel_traitsILi128ELi2ELi64ELb1EfN3c108BFloat16EELb0EEv14ConvParamsBase
      0 bytes stack frame, 0 bytes spill stores, 0 bytes spill loads
  ptxas info    : Used 46 registers, used 1 barriers, 9360 bytes smem, 536 bytes cmem[0]
  ptxas info    : Compile time = 0.000 ms
  ptxas info    : Compiling entry function '_Z36causal_conv1d_channellast_fwd_kernelI43Causal_conv1d_channellast_fwd_kernel_traitsILi128ELi2ELi64ELb1EfN3c108BFloat16EELb1EEv14ConvParamsBase' for 'sm_89'
  ptxas info    : Function properties for _Z36causal_conv1d_channellast_fwd_kernelI43Causal_conv1d_channellast_fwd_kernel_traitsILi128ELi2ELi64ELb1EfN3c108BFloat16EELb1EEv14ConvParamsBase
      0 bytes stack frame, 0 bytes spill stores, 0 bytes spill loads
  ptxas info    : Used 47 registers, used 1 barriers, 9360 bytes smem, 536 bytes cmem[0]
  ptxas info    : Compile time = 0.000 ms
  ptxas info    : Compiling entry function '_Z36causal_conv1d_channellast_fwd_kernelI43Causal_conv1d_channellast_fwd_kernel_traitsILi128ELi4ELi64ELb1EN3c108BFloat16ENS1_4HalfEELb0EEv14ConvParamsBase' for 'sm_89'
  ptxas info    : Function properties for _Z36causal_conv1d_channellast_fwd_kernelI43Causal_conv1d_channellast_fwd_kernel_traitsILi128ELi4ELi64ELb1EN3c108BFloat16ENS1_4HalfEELb0EEv14ConvParamsBase
      0 bytes stack frame, 0 bytes spill stores, 0 bytes spill loads
  ptxas info    : Used 56 registers, used 1 barriers, 9648 bytes smem, 536 bytes cmem[0]
  ptxas info    : Compile time = 0.000 ms
  ptxas info    : Compiling entry function '_Z36causal_conv1d_channellast_fwd_kernelI43Causal_conv1d_channellast_fwd_kernel_traitsILi128ELi4ELi64ELb1EN3c108BFloat16ENS1_4HalfEELb1EEv14ConvParamsBase' for 'sm_89'
  ptxas info    : Function properties for _Z36causal_conv1d_channellast_fwd_kernelI43Causal_conv1d_channellast_fwd_kernel_traitsILi128ELi4ELi64ELb1EN3c108BFloat16ENS1_4HalfEELb1EEv14ConvParamsBase
      0 bytes stack frame, 0 bytes spill stores, 0 bytes spill loads
  ptxas info    : Used 89 registers, used 1 barriers, 9648 bytes smem, 536 bytes cmem[0]
  ptxas info    : Compile time = 0.000 ms
  ptxas info    : Compiling entry function '_Z36causal_conv1d_channellast_fwd_kernelI43Causal_conv1d_channellast_fwd_kernel_traitsILi128ELi3ELi64ELb1EN3c108BFloat16ENS1_4HalfEELb0EEv14ConvParamsBase' for 'sm_89'
  ptxas info    : Function properties for _Z36causal_conv1d_channellast_fwd_kernelI43Causal_conv1d_channellast_fwd_kernel_traitsILi128ELi3ELi64ELb1EN3c108BFloat16ENS1_4HalfEELb0EEv14ConvParamsBase
      0 bytes stack frame, 0 bytes spill stores, 0 bytes spill loads
  ptxas info    : Used 56 registers, used 1 barriers, 9504 bytes smem, 536 bytes cmem[0]
  ptxas info    : Compile time = 0.000 ms
  ptxas info    : Compiling entry function '_Z36causal_conv1d_channellast_fwd_kernelI43Causal_conv1d_channellast_fwd_kernel_traitsILi128ELi3ELi64ELb1EN3c108BFloat16ENS1_4HalfEELb1EEv14ConvParamsBase' for 'sm_89'
  ptxas info    : Function properties for _Z36causal_conv1d_channellast_fwd_kernelI43Causal_conv1d_channellast_fwd_kernel_traitsILi128ELi3ELi64ELb1EN3c108BFloat16ENS1_4HalfEELb1EEv14ConvParamsBase
      0 bytes stack frame, 0 bytes spill stores, 0 bytes spill loads
  ptxas info    : Used 88 registers, used 1 barriers, 9504 bytes smem, 536 bytes cmem[0]
  ptxas info    : Compile time = 0.000 ms
  ptxas info    : Compiling entry function '_Z36causal_conv1d_channellast_fwd_kernelI43Causal_conv1d_channellast_fwd_kernel_traitsILi128ELi2ELi64ELb1EN3c108BFloat16ENS1_4HalfEELb0EEv14ConvParamsBase' for 'sm_89'
  ptxas info    : Function properties for _Z36causal_conv1d_channellast_fwd_kernelI43Causal_conv1d_channellast_fwd_kernel_traitsILi128ELi2ELi64ELb1EN3c108BFloat16ENS1_4HalfEELb0EEv14ConvParamsBase
      0 bytes stack frame, 0 bytes spill stores, 0 bytes spill loads
  ptxas info    : Used 56 registers, used 1 barriers, 9360 bytes smem, 536 bytes cmem[0]
  ptxas info    : Compile time = 0.000 ms
  ptxas info    : Compiling entry function '_Z36causal_conv1d_channellast_fwd_kernelI43Causal_conv1d_channellast_fwd_kernel_traitsILi128ELi2ELi64ELb1EN3c108BFloat16ENS1_4HalfEELb1EEv14ConvParamsBase' for 'sm_89'
  ptxas info    : Function properties for _Z36causal_conv1d_channellast_fwd_kernelI43Causal_conv1d_channellast_fwd_kernel_traitsILi128ELi2ELi64ELb1EN3c108BFloat16ENS1_4HalfEELb1EEv14ConvParamsBase
      0 bytes stack frame, 0 bytes spill stores, 0 bytes spill loads
  ptxas info    : Used 80 registers, used 1 barriers, 9360 bytes smem, 536 bytes cmem[0]
  ptxas info    : Compile time = 0.000 ms
  ptxas info    : Compiling entry function '_Z36causal_conv1d_channellast_fwd_kernelI43Causal_conv1d_channellast_fwd_kernel_traitsILi128ELi4ELi64ELb1EN3c104HalfES2_ELb0EEv14ConvParamsBase' for 'sm_89'
  ptxas info    : Function properties for _Z36causal_conv1d_channellast_fwd_kernelI43Causal_conv1d_channellast_fwd_kernel_traitsILi128ELi4ELi64ELb1EN3c104HalfES2_ELb0EEv14ConvParamsBase
      0 bytes stack frame, 0 bytes spill stores, 0 bytes spill loads
  ptxas info    : Used 56 registers, used 1 barriers, 9648 bytes smem, 536 bytes cmem[0]
  ptxas info    : Compile time = 0.000 ms
  ptxas info    : Compiling entry function '_Z36causal_conv1d_channellast_fwd_kernelI43Causal_conv1d_channellast_fwd_kernel_traitsILi128ELi4ELi64ELb1EN3c104HalfES2_ELb1EEv14ConvParamsBase' for 'sm_89'
  ptxas info    : Function properties for _Z36causal_conv1d_channellast_fwd_kernelI43Causal_conv1d_channellast_fwd_kernel_traitsILi128ELi4ELi64ELb1EN3c104HalfES2_ELb1EEv14ConvParamsBase
      0 bytes stack frame, 0 bytes spill stores, 0 bytes spill loads
  ptxas info    : Used 89 registers, used 1 barriers, 9648 bytes smem, 536 bytes cmem[0]
  ptxas info    : Compile time = 0.000 ms
  ptxas info    : Compiling entry function '_Z36causal_conv1d_channellast_fwd_kernelI43Causal_conv1d_channellast_fwd_kernel_traitsILi128ELi3ELi64ELb1EN3c104HalfES2_ELb0EEv14ConvParamsBase' for 'sm_89'
  ptxas info    : Function properties for _Z36causal_conv1d_channellast_fwd_kernelI43Causal_conv1d_channellast_fwd_kernel_traitsILi128ELi3ELi64ELb1EN3c104HalfES2_ELb0EEv14ConvParamsBase
      0 bytes stack frame, 0 bytes spill stores, 0 bytes spill loads
  ptxas info    : Used 56 registers, used 1 barriers, 9504 bytes smem, 536 bytes cmem[0]
  ptxas info    : Compile time = 0.000 ms
  ptxas info    : Compiling entry function '_Z36causal_conv1d_channellast_fwd_kernelI43Causal_conv1d_channellast_fwd_kernel_traitsILi128ELi3ELi64ELb1EN3c104HalfES2_ELb1EEv14ConvParamsBase' for 'sm_89'
  ptxas info    : Function properties for _Z36causal_conv1d_channellast_fwd_kernelI43Causal_conv1d_channellast_fwd_kernel_traitsILi128ELi3ELi64ELb1EN3c104HalfES2_ELb1EEv14ConvParamsBase
      0 bytes stack frame, 0 bytes spill stores, 0 bytes spill loads
  ptxas info    : Used 86 registers, used 1 barriers, 9504 bytes smem, 536 bytes cmem[0]
  ptxas info    : Compile time = 0.000 ms
  ptxas info    : Compiling entry function '_Z36causal_conv1d_channellast_fwd_kernelI43Causal_conv1d_channellast_fwd_kernel_traitsILi128ELi2ELi64ELb1EN3c104HalfES2_ELb0EEv14ConvParamsBase' for 'sm_89'
  ptxas info    : Function properties for _Z36causal_conv1d_channellast_fwd_kernelI43Causal_conv1d_channellast_fwd_kernel_traitsILi128ELi2ELi64ELb1EN3c104HalfES2_ELb0EEv14ConvParamsBase
      0 bytes stack frame, 0 bytes spill stores, 0 bytes spill loads
  ptxas info    : Used 56 registers, used 1 barriers, 9360 bytes smem, 536 bytes cmem[0]
  ptxas info    : Compile time = 0.000 ms
  ptxas info    : Compiling entry function '_Z36causal_conv1d_channellast_fwd_kernelI43Causal_conv1d_channellast_fwd_kernel_traitsILi128ELi2ELi64ELb1EN3c104HalfES2_ELb1EEv14ConvParamsBase' for 'sm_89'
  ptxas info    : Function properties for _Z36causal_conv1d_channellast_fwd_kernelI43Causal_conv1d_channellast_fwd_kernel_traitsILi128ELi2ELi64ELb1EN3c104HalfES2_ELb1EEv14ConvParamsBase
      0 bytes stack frame, 0 bytes spill stores, 0 bytes spill loads
  ptxas info    : Used 80 registers, used 1 barriers, 9360 bytes smem, 536 bytes cmem[0]
  ptxas info    : Compile time = 0.000 ms
  ptxas info    : Compiling entry function '_Z36causal_conv1d_channellast_fwd_kernelI43Causal_conv1d_channellast_fwd_kernel_traitsILi128ELi4ELi64ELb1EfN3c104HalfEELb0EEv14ConvParamsBase' for 'sm_89'
  ptxas info    : Function properties for _Z36causal_conv1d_channellast_fwd_kernelI43Causal_conv1d_channellast_fwd_kernel_traitsILi128ELi4ELi64ELb1EfN3c104HalfEELb0EEv14ConvParamsBase
      0 bytes stack frame, 0 bytes spill stores, 0 bytes spill loads
  ptxas info    : Used 47 registers, used 1 barriers, 9648 bytes smem, 536 bytes cmem[0]
  ptxas info    : Compile time = 0.000 ms
  ptxas info    : Compiling entry function '_Z36causal_conv1d_channellast_fwd_kernelI43Causal_conv1d_channellast_fwd_kernel_traitsILi128ELi4ELi64ELb1EfN3c104HalfEELb1EEv14ConvParamsBase' for 'sm_89'
  ptxas info    : Function properties for _Z36causal_conv1d_channellast_fwd_kernelI43Causal_conv1d_channellast_fwd_kernel_traitsILi128ELi4ELi64ELb1EfN3c104HalfEELb1EEv14ConvParamsBase
      0 bytes stack frame, 0 bytes spill stores, 0 bytes spill loads
  ptxas info    : Used 51 registers, used 1 barriers, 9648 bytes smem, 536 bytes cmem[0]
  ptxas info    : Compile time = 0.000 ms
  ptxas info    : Compiling entry function '_Z36causal_conv1d_channellast_fwd_kernelI43Causal_conv1d_channellast_fwd_kernel_traitsILi128ELi3ELi64ELb1EfN3c104HalfEELb0EEv14ConvParamsBase' for 'sm_89'
  ptxas info    : Function properties for _Z36causal_conv1d_channellast_fwd_kernelI43Causal_conv1d_channellast_fwd_kernel_traitsILi128ELi3ELi64ELb1EfN3c104HalfEELb0EEv14ConvParamsBase
      0 bytes stack frame, 0 bytes spill stores, 0 bytes spill loads
  ptxas info    : Used 46 registers, used 1 barriers, 9504 bytes smem, 536 bytes cmem[0]
  ptxas info    : Compile time = 0.000 ms
  ptxas info    : Compiling entry function '_Z36causal_conv1d_channellast_fwd_kernelI43Causal_conv1d_channellast_fwd_kernel_traitsILi128ELi3ELi64ELb1EfN3c104HalfEELb1EEv14ConvParamsBase' for 'sm_89'
  ptxas info    : Function properties for _Z36causal_conv1d_channellast_fwd_kernelI43Causal_conv1d_channellast_fwd_kernel_traitsILi128ELi3ELi64ELb1EfN3c104HalfEELb1EEv14ConvParamsBase
      0 bytes stack frame, 0 bytes spill stores, 0 bytes spill loads
  ptxas info    : Used 53 registers, used 1 barriers, 9504 bytes smem, 536 bytes cmem[0]
  ptxas info    : Compile time = 0.000 ms
  ptxas info    : Compiling entry function '_Z36causal_conv1d_channellast_fwd_kernelI43Causal_conv1d_channellast_fwd_kernel_traitsILi128ELi2ELi64ELb1EfN3c104HalfEELb0EEv14ConvParamsBase' for 'sm_89'
  ptxas info    : Function properties for _Z36causal_conv1d_channellast_fwd_kernelI43Causal_conv1d_channellast_fwd_kernel_traitsILi128ELi2ELi64ELb1EfN3c104HalfEELb0EEv14ConvParamsBase
      0 bytes stack frame, 0 bytes spill stores, 0 bytes spill loads
  ptxas info    : Used 46 registers, used 1 barriers, 9360 bytes smem, 536 bytes cmem[0]
  ptxas info    : Compile time = 0.000 ms
  ptxas info    : Compiling entry function '_Z36causal_conv1d_channellast_fwd_kernelI43Causal_conv1d_channellast_fwd_kernel_traitsILi128ELi2ELi64ELb1EfN3c104HalfEELb1EEv14ConvParamsBase' for 'sm_89'
  ptxas info    : Function properties for _Z36causal_conv1d_channellast_fwd_kernelI43Causal_conv1d_channellast_fwd_kernel_traitsILi128ELi2ELi64ELb1EfN3c104HalfEELb1EEv14ConvParamsBase
      0 bytes stack frame, 0 bytes spill stores, 0 bytes spill loads
  ptxas info    : Used 47 registers, used 1 barriers, 9360 bytes smem, 536 bytes cmem[0]
  ptxas info    : Compile time = 0.000 ms
  ptxas info    : Compiling entry function '_Z36causal_conv1d_channellast_fwd_kernelI43Causal_conv1d_channellast_fwd_kernel_traitsILi128ELi4ELi64ELb1EN3c108BFloat16EfELb0EEv14ConvParamsBase' for 'sm_89'
  ptxas info    : Function properties for _Z36causal_conv1d_channellast_fwd_kernelI43Causal_conv1d_channellast_fwd_kernel_traitsILi128ELi4ELi64ELb1EN3c108BFloat16EfELb0EEv14ConvParamsBase
      0 bytes stack frame, 0 bytes spill stores, 0 bytes spill loads
  ptxas info    : Used 56 registers, used 1 barriers, 9648 bytes smem, 536 bytes cmem[0]
  ptxas info    : Compile time = 0.000 ms
  ptxas info    : Compiling entry function '_Z36causal_conv1d_channellast_fwd_kernelI43Causal_conv1d_channellast_fwd_kernel_traitsILi128ELi4ELi64ELb1EN3c108BFloat16EfELb1EEv14ConvParamsBase' for 'sm_89'
  ptxas info    : Function properties for _Z36causal_conv1d_channellast_fwd_kernelI43Causal_conv1d_channellast_fwd_kernel_traitsILi128ELi4ELi64ELb1EN3c108BFloat16EfELb1EEv14ConvParamsBase
      0 bytes stack frame, 0 bytes spill stores, 0 bytes spill loads
  ptxas info    : Used 92 registers, used 1 barriers, 9648 bytes smem, 536 bytes cmem[0]
  ptxas info    : Compile time = 0.000 ms
  ptxas info    : Compiling entry function '_Z36causal_conv1d_channellast_fwd_kernelI43Causal_conv1d_channellast_fwd_kernel_traitsILi128ELi3ELi64ELb1EN3c108BFloat16EfELb0EEv14ConvParamsBase' for 'sm_89'
  ptxas info    : Function properties for _Z36causal_conv1d_channellast_fwd_kernelI43Causal_conv1d_channellast_fwd_kernel_traitsILi128ELi3ELi64ELb1EN3c108BFloat16EfELb0EEv14ConvParamsBase
      0 bytes stack frame, 0 bytes spill stores, 0 bytes spill loads
  ptxas info    : Used 56 registers, used 1 barriers, 9504 bytes smem, 536 bytes cmem[0]
  ptxas info    : Compile time = 0.000 ms
  ptxas info    : Compiling entry function '_Z36causal_conv1d_channellast_fwd_kernelI43Causal_conv1d_channellast_fwd_kernel_traitsILi128ELi3ELi64ELb1EN3c108BFloat16EfELb1EEv14ConvParamsBase' for 'sm_89'
  ptxas info    : Function properties for _Z36causal_conv1d_channellast_fwd_kernelI43Causal_conv1d_channellast_fwd_kernel_traitsILi128ELi3ELi64ELb1EN3c108BFloat16EfELb1EEv14ConvParamsBase
      0 bytes stack frame, 0 bytes spill stores, 0 bytes spill loads
  ptxas info    : Used 86 registers, used 1 barriers, 9504 bytes smem, 536 bytes cmem[0]
  ptxas info    : Compile time = 0.000 ms
  ptxas info    : Compiling entry function '_Z36causal_conv1d_channellast_fwd_kernelI43Causal_conv1d_channellast_fwd_kernel_traitsILi128ELi2ELi64ELb1EN3c108BFloat16EfELb0EEv14ConvParamsBase' for 'sm_89'
  ptxas info    : Function properties for _Z36causal_conv1d_channellast_fwd_kernelI43Causal_conv1d_channellast_fwd_kernel_traitsILi128ELi2ELi64ELb1EN3c108BFloat16EfELb0EEv14ConvParamsBase
      0 bytes stack frame, 0 bytes spill stores, 0 bytes spill loads
  ptxas info    : Used 56 registers, used 1 barriers, 9360 bytes smem, 536 bytes cmem[0]
  ptxas info    : Compile time = 0.000 ms
  ptxas info    : Compiling entry function '_Z36causal_conv1d_channellast_fwd_kernelI43Causal_conv1d_channellast_fwd_kernel_traitsILi128ELi2ELi64ELb1EN3c108BFloat16EfELb1EEv14ConvParamsBase' for 'sm_89'
  ptxas info    : Function properties for _Z36causal_conv1d_channellast_fwd_kernelI43Causal_conv1d_channellast_fwd_kernel_traitsILi128ELi2ELi64ELb1EN3c108BFloat16EfELb1EEv14ConvParamsBase
      0 bytes stack frame, 0 bytes spill stores, 0 bytes spill loads
  ptxas info    : Used 79 registers, used 1 barriers, 9360 bytes smem, 536 bytes cmem[0]
  ptxas info    : Compile time = 0.000 ms
  ptxas info    : Compiling entry function '_Z36causal_conv1d_channellast_fwd_kernelI43Causal_conv1d_channellast_fwd_kernel_traitsILi128ELi4ELi64ELb1EN3c104HalfEfELb0EEv14ConvParamsBase' for 'sm_89'
  ptxas info    : Function properties for _Z36causal_conv1d_channellast_fwd_kernelI43Causal_conv1d_channellast_fwd_kernel_traitsILi128ELi4ELi64ELb1EN3c104HalfEfELb0EEv14ConvParamsBase
      0 bytes stack frame, 0 bytes spill stores, 0 bytes spill loads
  ptxas info    : Used 56 registers, used 1 barriers, 9648 bytes smem, 536 bytes cmem[0]
  ptxas info    : Compile time = 0.000 ms
  ptxas info    : Compiling entry function '_Z36causal_conv1d_channellast_fwd_kernelI43Causal_conv1d_channellast_fwd_kernel_traitsILi128ELi4ELi64ELb1EN3c104HalfEfELb1EEv14ConvParamsBase' for 'sm_89'
  ptxas info    : Function properties for _Z36causal_conv1d_channellast_fwd_kernelI43Causal_conv1d_channellast_fwd_kernel_traitsILi128ELi4ELi64ELb1EN3c104HalfEfELb1EEv14ConvParamsBase
      0 bytes stack frame, 0 bytes spill stores, 0 bytes spill loads
  ptxas info    : Used 91 registers, used 1 barriers, 9648 bytes smem, 536 bytes cmem[0]
  ptxas info    : Compile time = 0.000 ms
  ptxas info    : Compiling entry function '_Z36causal_conv1d_channellast_fwd_kernelI43Causal_conv1d_channellast_fwd_kernel_traitsILi128ELi3ELi64ELb1EN3c104HalfEfELb0EEv14ConvParamsBase' for 'sm_89'
  ptxas info    : Function properties for _Z36causal_conv1d_channellast_fwd_kernelI43Causal_conv1d_channellast_fwd_kernel_traitsILi128ELi3ELi64ELb1EN3c104HalfEfELb0EEv14ConvParamsBase
      0 bytes stack frame, 0 bytes spill stores, 0 bytes spill loads
  ptxas info    : Used 56 registers, used 1 barriers, 9504 bytes smem, 536 bytes cmem[0]
  ptxas info    : Compile time = 0.000 ms
  ptxas info    : Compiling entry function '_Z36causal_conv1d_channellast_fwd_kernelI43Causal_conv1d_channellast_fwd_kernel_traitsILi128ELi3ELi64ELb1EN3c104HalfEfELb1EEv14ConvParamsBase' for 'sm_89'
  ptxas info    : Function properties for _Z36causal_conv1d_channellast_fwd_kernelI43Causal_conv1d_channellast_fwd_kernel_traitsILi128ELi3ELi64ELb1EN3c104HalfEfELb1EEv14ConvParamsBase
      0 bytes stack frame, 0 bytes spill stores, 0 bytes spill loads
  ptxas info    : Used 86 registers, used 1 barriers, 9504 bytes smem, 536 bytes cmem[0]
  ptxas info    : Compile time = 0.000 ms
  ptxas info    : Compiling entry function '_Z36causal_conv1d_channellast_fwd_kernelI43Causal_conv1d_channellast_fwd_kernel_traitsILi128ELi2ELi64ELb1EN3c104HalfEfELb0EEv14ConvParamsBase' for 'sm_89'
  ptxas info    : Function properties for _Z36causal_conv1d_channellast_fwd_kernelI43Causal_conv1d_channellast_fwd_kernel_traitsILi128ELi2ELi64ELb1EN3c104HalfEfELb0EEv14ConvParamsBase
      0 bytes stack frame, 0 bytes spill stores, 0 bytes spill loads
  ptxas info    : Used 56 registers, used 1 barriers, 9360 bytes smem, 536 bytes cmem[0]
  ptxas info    : Compile time = 0.000 ms
  ptxas info    : Compiling entry function '_Z36causal_conv1d_channellast_fwd_kernelI43Causal_conv1d_channellast_fwd_kernel_traitsILi128ELi2ELi64ELb1EN3c104HalfEfELb1EEv14ConvParamsBase' for 'sm_89'
  ptxas info    : Function properties for _Z36causal_conv1d_channellast_fwd_kernelI43Causal_conv1d_channellast_fwd_kernel_traitsILi128ELi2ELi64ELb1EN3c104HalfEfELb1EEv14ConvParamsBase
      0 bytes stack frame, 0 bytes spill stores, 0 bytes spill loads
  ptxas info    : Used 80 registers, used 1 barriers, 9360 bytes smem, 536 bytes cmem[0]
  ptxas info    : Compile time = 0.000 ms
  ptxas info    : Compiling entry function '_Z36causal_conv1d_channellast_fwd_kernelI43Causal_conv1d_channellast_fwd_kernel_traitsILi128ELi4ELi64ELb1EffELb0EEv14ConvParamsBase' for 'sm_89'
  ptxas info    : Function properties for _Z36causal_conv1d_channellast_fwd_kernelI43Causal_conv1d_channellast_fwd_kernel_traitsILi128ELi4ELi64ELb1EffELb0EEv14ConvParamsBase
      0 bytes stack frame, 0 bytes spill stores, 0 bytes spill loads
  ptxas info    : Used 47 registers, used 1 barriers, 9648 bytes smem, 536 bytes cmem[0]
  ptxas info    : Compile time = 0.000 ms
  ptxas info    : Compiling entry function '_Z36causal_conv1d_channellast_fwd_kernelI43Causal_conv1d_channellast_fwd_kernel_traitsILi128ELi4ELi64ELb1EffELb1EEv14ConvParamsBase' for 'sm_89'
  ptxas info    : Function properties for _Z36causal_conv1d_channellast_fwd_kernelI43Causal_conv1d_channellast_fwd_kernel_traitsILi128ELi4ELi64ELb1EffELb1EEv14ConvParamsBase
      0 bytes stack frame, 0 bytes spill stores, 0 bytes spill loads
  ptxas info    : Used 52 registers, used 1 barriers, 9648 bytes smem, 536 bytes cmem[0]
  ptxas info    : Compile time = 0.000 ms
  ptxas info    : Compiling entry function '_Z36causal_conv1d_channellast_fwd_kernelI43Causal_conv1d_channellast_fwd_kernel_traitsILi128ELi3ELi64ELb1EffELb0EEv14ConvParamsBase' for 'sm_89'
  ptxas info    : Function properties for _Z36causal_conv1d_channellast_fwd_kernelI43Causal_conv1d_channellast_fwd_kernel_traitsILi128ELi3ELi64ELb1EffELb0EEv14ConvParamsBase
      0 bytes stack frame, 0 bytes spill stores, 0 bytes spill loads
  ptxas info    : Used 49 registers, used 1 barriers, 9504 bytes smem, 536 bytes cmem[0]
  ptxas info    : Compile time = 0.000 ms
  ptxas info    : Compiling entry function '_Z36causal_conv1d_channellast_fwd_kernelI43Causal_conv1d_channellast_fwd_kernel_traitsILi128ELi3ELi64ELb1EffELb1EEv14ConvParamsBase' for 'sm_89'
  ptxas info    : Function properties for _Z36causal_conv1d_channellast_fwd_kernelI43Causal_conv1d_channellast_fwd_kernel_traitsILi128ELi3ELi64ELb1EffELb1EEv14ConvParamsBase
      0 bytes stack frame, 0 bytes spill stores, 0 bytes spill loads
  ptxas info    : Used 55 registers, used 1 barriers, 9504 bytes smem, 536 bytes cmem[0]
  ptxas info    : Compile time = 0.000 ms
  ptxas info    : Compiling entry function '_Z36causal_conv1d_channellast_fwd_kernelI43Causal_conv1d_channellast_fwd_kernel_traitsILi128ELi2ELi64ELb1EffELb0EEv14ConvParamsBase' for 'sm_89'
  ptxas info    : Function properties for _Z36causal_conv1d_channellast_fwd_kernelI43Causal_conv1d_channellast_fwd_kernel_traitsILi128ELi2ELi64ELb1EffELb0EEv14ConvParamsBase
      0 bytes stack frame, 0 bytes spill stores, 0 bytes spill loads
  ptxas info    : Used 46 registers, used 1 barriers, 9360 bytes smem, 536 bytes cmem[0]
  ptxas info    : Compile time = 0.000 ms
  ptxas info    : Compiling entry function '_Z36causal_conv1d_channellast_fwd_kernelI43Causal_conv1d_channellast_fwd_kernel_traitsILi128ELi2ELi64ELb1EffELb1EEv14ConvParamsBase' for 'sm_89'
  ptxas info    : Function properties for _Z36causal_conv1d_channellast_fwd_kernelI43Causal_conv1d_channellast_fwd_kernel_traitsILi128ELi2ELi64ELb1EffELb1EEv14ConvParamsBase
      0 bytes stack frame, 0 bytes spill stores, 0 bytes spill loads
  ptxas info    : Used 50 registers, used 1 barriers, 9360 bytes smem, 536 bytes cmem[0]
  ptxas info    : Compile time = 0.000 ms
  ptxas info    : Compiling entry function '_Z24causal_conv1d_fwd_kernelI31Causal_conv1d_fwd_kernel_traitsILi128ELi4ELb0EN3c108BFloat16ES2_EEv14ConvParamsBase' for 'sm_89'
  ptxas info    : Function properties for _Z24causal_conv1d_fwd_kernelI31Causal_conv1d_fwd_kernel_traitsILi128ELi4ELb0EN3c108BFloat16ES2_EEv14ConvParamsBase
      0 bytes stack frame, 0 bytes spill stores, 0 bytes spill loads
  ptxas info    : Used 40 registers, used 1 barriers, 536 bytes cmem[0]
  ptxas info    : Compile time = 0.000 ms
  ptxas info    : Compiling entry function '_Z24causal_conv1d_fwd_kernelI31Causal_conv1d_fwd_kernel_traitsILi128ELi4ELb1EN3c108BFloat16ES2_EEv14ConvParamsBase' for 'sm_89'
  ptxas info    : Function properties for _Z24causal_conv1d_fwd_kernelI31Causal_conv1d_fwd_kernel_traitsILi128ELi4ELb1EN3c108BFloat16ES2_EEv14ConvParamsBase
      0 bytes stack frame, 0 bytes spill stores, 0 bytes spill loads
  ptxas info    : Used 34 registers, used 1 barriers, 536 bytes cmem[0]
  ptxas info    : Compile time = 0.000 ms
  ptxas info    : Compiling entry function '_Z24causal_conv1d_fwd_kernelI31Causal_conv1d_fwd_kernel_traitsILi128ELi3ELb0EN3c108BFloat16ES2_EEv14ConvParamsBase' for 'sm_89'
  ptxas info    : Function properties for _Z24causal_conv1d_fwd_kernelI31Causal_conv1d_fwd_kernel_traitsILi128ELi3ELb0EN3c108BFloat16ES2_EEv14ConvParamsBase
      0 bytes stack frame, 0 bytes spill stores, 0 bytes spill loads
  ptxas info    : Used 40 registers, used 1 barriers, 536 bytes cmem[0]
  ptxas info    : Compile time = 0.000 ms
  ptxas info    : Compiling entry function '_Z24causal_conv1d_fwd_kernelI31Causal_conv1d_fwd_kernel_traitsILi128ELi3ELb1EN3c108BFloat16ES2_EEv14ConvParamsBase' for 'sm_89'
  ptxas info    : Function properties for _Z24causal_conv1d_fwd_kernelI31Causal_conv1d_fwd_kernel_traitsILi128ELi3ELb1EN3c108BFloat16ES2_EEv14ConvParamsBase
      0 bytes stack frame, 0 bytes spill stores, 0 bytes spill loads
  ptxas info    : Used 36 registers, used 1 barriers, 536 bytes cmem[0]
  ptxas info    : Compile time = 0.000 ms
  ptxas info    : Compiling entry function '_Z24causal_conv1d_fwd_kernelI31Causal_conv1d_fwd_kernel_traitsILi128ELi2ELb0EN3c108BFloat16ES2_EEv14ConvParamsBase' for 'sm_89'
  ptxas info    : Function properties for _Z24causal_conv1d_fwd_kernelI31Causal_conv1d_fwd_kernel_traitsILi128ELi2ELb0EN3c108BFloat16ES2_EEv14ConvParamsBase
      0 bytes stack frame, 0 bytes spill stores, 0 bytes spill loads
  ptxas info    : Used 40 registers, used 1 barriers, 536 bytes cmem[0]
  ptxas info    : Compile time = 0.000 ms
  ptxas info    : Compiling entry function '_Z24causal_conv1d_fwd_kernelI31Causal_conv1d_fwd_kernel_traitsILi128ELi2ELb1EN3c108BFloat16ES2_EEv14ConvParamsBase' for 'sm_89'
  ptxas info    : Function properties for _Z24causal_conv1d_fwd_kernelI31Causal_conv1d_fwd_kernel_traitsILi128ELi2ELb1EN3c108BFloat16ES2_EEv14ConvParamsBase
      0 bytes stack frame, 0 bytes spill stores, 0 bytes spill loads
  ptxas info    : Used 34 registers, used 1 barriers, 536 bytes cmem[0]
  ptxas info    : Compile time = 0.000 ms
  ptxas info    : Compiling entry function '_Z24causal_conv1d_fwd_kernelI31Causal_conv1d_fwd_kernel_traitsILi128ELi4ELb0EN3c104HalfENS1_8BFloat16EEEv14ConvParamsBase' for 'sm_89'
  ptxas info    : Function properties for _Z24causal_conv1d_fwd_kernelI31Causal_conv1d_fwd_kernel_traitsILi128ELi4ELb0EN3c104HalfENS1_8BFloat16EEEv14ConvParamsBase
      0 bytes stack frame, 0 bytes spill stores, 0 bytes spill loads
  ptxas info    : Used 40 registers, used 1 barriers, 536 bytes cmem[0]
  ptxas info    : Compile time = 0.000 ms
  ptxas info    : Compiling entry function '_Z24causal_conv1d_fwd_kernelI31Causal_conv1d_fwd_kernel_traitsILi128ELi4ELb1EN3c104HalfENS1_8BFloat16EEEv14ConvParamsBase' for 'sm_89'
  ptxas info    : Function properties for _Z24causal_conv1d_fwd_kernelI31Causal_conv1d_fwd_kernel_traitsILi128ELi4ELb1EN3c104HalfENS1_8BFloat16EEEv14ConvParamsBase
      0 bytes stack frame, 0 bytes spill stores, 0 bytes spill loads
  ptxas info    : Used 34 registers, used 1 barriers, 536 bytes cmem[0]
  ptxas info    : Compile time = 0.000 ms
  ptxas info    : Compiling entry function '_Z24causal_conv1d_fwd_kernelI31Causal_conv1d_fwd_kernel_traitsILi128ELi3ELb0EN3c104HalfENS1_8BFloat16EEEv14ConvParamsBase' for 'sm_89'
  ptxas info    : Function properties for _Z24causal_conv1d_fwd_kernelI31Causal_conv1d_fwd_kernel_traitsILi128ELi3ELb0EN3c104HalfENS1_8BFloat16EEEv14ConvParamsBase
      0 bytes stack frame, 0 bytes spill stores, 0 bytes spill loads
  ptxas info    : Used 40 registers, used 1 barriers, 536 bytes cmem[0]
  ptxas info    : Compile time = 0.000 ms
  ptxas info    : Compiling entry function '_Z24causal_conv1d_fwd_kernelI31Causal_conv1d_fwd_kernel_traitsILi128ELi3ELb1EN3c104HalfENS1_8BFloat16EEEv14ConvParamsBase' for 'sm_89'
  ptxas info    : Function properties for _Z24causal_conv1d_fwd_kernelI31Causal_conv1d_fwd_kernel_traitsILi128ELi3ELb1EN3c104HalfENS1_8BFloat16EEEv14ConvParamsBase
      0 bytes stack frame, 0 bytes spill stores, 0 bytes spill loads
  ptxas info    : Used 36 registers, used 1 barriers, 536 bytes cmem[0]
  ptxas info    : Compile time = 0.000 ms
  ptxas info    : Compiling entry function '_Z24causal_conv1d_fwd_kernelI31Causal_conv1d_fwd_kernel_traitsILi128ELi2ELb0EN3c104HalfENS1_8BFloat16EEEv14ConvParamsBase' for 'sm_89'
  ptxas info    : Function properties for _Z24causal_conv1d_fwd_kernelI31Causal_conv1d_fwd_kernel_traitsILi128ELi2ELb0EN3c104HalfENS1_8BFloat16EEEv14ConvParamsBase
      0 bytes stack frame, 0 bytes spill stores, 0 bytes spill loads
  ptxas info    : Used 40 registers, used 1 barriers, 536 bytes cmem[0]
  ptxas info    : Compile time = 0.000 ms
  ptxas info    : Compiling entry function '_Z24causal_conv1d_fwd_kernelI31Causal_conv1d_fwd_kernel_traitsILi128ELi2ELb1EN3c104HalfENS1_8BFloat16EEEv14ConvParamsBase' for 'sm_89'
  ptxas info    : Function properties for _Z24causal_conv1d_fwd_kernelI31Causal_conv1d_fwd_kernel_traitsILi128ELi2ELb1EN3c104HalfENS1_8BFloat16EEEv14ConvParamsBase
      0 bytes stack frame, 0 bytes spill stores, 0 bytes spill loads
  ptxas info    : Used 34 registers, used 1 barriers, 536 bytes cmem[0]
  ptxas info    : Compile time = 0.000 ms
  ptxas info    : Compiling entry function '_Z24causal_conv1d_fwd_kernelI31Causal_conv1d_fwd_kernel_traitsILi128ELi4ELb0EfN3c108BFloat16EEEv14ConvParamsBase' for 'sm_89'
  ptxas info    : Function properties for _Z24causal_conv1d_fwd_kernelI31Causal_conv1d_fwd_kernel_traitsILi128ELi4ELb0EfN3c108BFloat16EEEv14ConvParamsBase
      0 bytes stack frame, 0 bytes spill stores, 0 bytes spill loads
  ptxas info    : Used 36 registers, used 1 barriers, 536 bytes cmem[0]
  ptxas info    : Compile time = 0.000 ms
  ptxas info    : Compiling entry function '_Z24causal_conv1d_fwd_kernelI31Causal_conv1d_fwd_kernel_traitsILi128ELi4ELb1EfN3c108BFloat16EEEv14ConvParamsBase' for 'sm_89'
  ptxas info    : Function properties for _Z24causal_conv1d_fwd_kernelI31Causal_conv1d_fwd_kernel_traitsILi128ELi4ELb1EfN3c108BFloat16EEEv14ConvParamsBase
      0 bytes stack frame, 0 bytes spill stores, 0 bytes spill loads
  ptxas info    : Used 29 registers, used 1 barriers, 536 bytes cmem[0]
  ptxas info    : Compile time = 0.000 ms
  ptxas info    : Compiling entry function '_Z24causal_conv1d_fwd_kernelI31Causal_conv1d_fwd_kernel_traitsILi128ELi3ELb0EfN3c108BFloat16EEEv14ConvParamsBase' for 'sm_89'
  ptxas info    : Function properties for _Z24causal_conv1d_fwd_kernelI31Causal_conv1d_fwd_kernel_traitsILi128ELi3ELb0EfN3c108BFloat16EEEv14ConvParamsBase
      0 bytes stack frame, 0 bytes spill stores, 0 bytes spill loads
  ptxas info    : Used 36 registers, used 1 barriers, 536 bytes cmem[0]
  ptxas info    : Compile time = 0.000 ms
  ptxas info    : Compiling entry function '_Z24causal_conv1d_fwd_kernelI31Causal_conv1d_fwd_kernel_traitsILi128ELi3ELb1EfN3c108BFloat16EEEv14ConvParamsBase' for 'sm_89'
  ptxas info    : Function properties for _Z24causal_conv1d_fwd_kernelI31Causal_conv1d_fwd_kernel_traitsILi128ELi3ELb1EfN3c108BFloat16EEEv14ConvParamsBase
      0 bytes stack frame, 0 bytes spill stores, 0 bytes spill loads
  ptxas info    : Used 40 registers, used 1 barriers, 536 bytes cmem[0]
  ptxas info    : Compile time = 0.000 ms
  ptxas info    : Compiling entry function '_Z24causal_conv1d_fwd_kernelI31Causal_conv1d_fwd_kernel_traitsILi128ELi2ELb0EfN3c108BFloat16EEEv14ConvParamsBase' for 'sm_89'
  ptxas info    : Function properties for _Z24causal_conv1d_fwd_kernelI31Causal_conv1d_fwd_kernel_traitsILi128ELi2ELb0EfN3c108BFloat16EEEv14ConvParamsBase
      0 bytes stack frame, 0 bytes spill stores, 0 bytes spill loads
  ptxas info    : Used 34 registers, used 1 barriers, 536 bytes cmem[0]
  ptxas info    : Compile time = 0.000 ms
  ptxas info    : Compiling entry function '_Z24causal_conv1d_fwd_kernelI31Causal_conv1d_fwd_kernel_traitsILi128ELi2ELb1EfN3c108BFloat16EEEv14ConvParamsBase' for 'sm_89'
  ptxas info    : Function properties for _Z24causal_conv1d_fwd_kernelI31Causal_conv1d_fwd_kernel_traitsILi128ELi2ELb1EfN3c108BFloat16EEEv14ConvParamsBase
      0 bytes stack frame, 0 bytes spill stores, 0 bytes spill loads
  ptxas info    : Used 39 registers, used 1 barriers, 536 bytes cmem[0]
  ptxas info    : Compile time = 0.000 ms
  ptxas info    : Compiling entry function '_Z24causal_conv1d_fwd_kernelI31Causal_conv1d_fwd_kernel_traitsILi128ELi4ELb0EN3c108BFloat16ENS1_4HalfEEEv14ConvParamsBase' for 'sm_89'
  ptxas info    : Function properties for _Z24causal_conv1d_fwd_kernelI31Causal_conv1d_fwd_kernel_traitsILi128ELi4ELb0EN3c108BFloat16ENS1_4HalfEEEv14ConvParamsBase
      0 bytes stack frame, 0 bytes spill stores, 0 bytes spill loads
  ptxas info    : Used 40 registers, used 1 barriers, 536 bytes cmem[0]
  ptxas info    : Compile time = 0.000 ms
  ptxas info    : Compiling entry function '_Z24causal_conv1d_fwd_kernelI31Causal_conv1d_fwd_kernel_traitsILi128ELi4ELb1EN3c108BFloat16ENS1_4HalfEEEv14ConvParamsBase' for 'sm_89'
  ptxas info    : Function properties for _Z24causal_conv1d_fwd_kernelI31Causal_conv1d_fwd_kernel_traitsILi128ELi4ELb1EN3c108BFloat16ENS1_4HalfEEEv14ConvParamsBase
      0 bytes stack frame, 0 bytes spill stores, 0 bytes spill loads
  ptxas info    : Used 36 registers, used 1 barriers, 536 bytes cmem[0]
  ptxas info    : Compile time = 0.000 ms
  ptxas info    : Compiling entry function '_Z24causal_conv1d_fwd_kernelI31Causal_conv1d_fwd_kernel_traitsILi128ELi3ELb0EN3c108BFloat16ENS1_4HalfEEEv14ConvParamsBase' for 'sm_89'
  ptxas info    : Function properties for _Z24causal_conv1d_fwd_kernelI31Causal_conv1d_fwd_kernel_traitsILi128ELi3ELb0EN3c108BFloat16ENS1_4HalfEEEv14ConvParamsBase
      0 bytes stack frame, 0 bytes spill stores, 0 bytes spill loads
  ptxas info    : Used 40 registers, used 1 barriers, 536 bytes cmem[0]
  ptxas info    : Compile time = 0.000 ms
  ptxas info    : Compiling entry function '_Z24causal_conv1d_fwd_kernelI31Causal_conv1d_fwd_kernel_traitsILi128ELi3ELb1EN3c108BFloat16ENS1_4HalfEEEv14ConvParamsBase' for 'sm_89'
  ptxas info    : Function properties for _Z24causal_conv1d_fwd_kernelI31Causal_conv1d_fwd_kernel_traitsILi128ELi3ELb1EN3c108BFloat16ENS1_4HalfEEEv14ConvParamsBase
      0 bytes stack frame, 0 bytes spill stores, 0 bytes spill loads
  ptxas info    : Used 33 registers, used 1 barriers, 536 bytes cmem[0]
  ptxas info    : Compile time = 0.000 ms
  ptxas info    : Compiling entry function '_Z24causal_conv1d_fwd_kernelI31Causal_conv1d_fwd_kernel_traitsILi128ELi2ELb0EN3c108BFloat16ENS1_4HalfEEEv14ConvParamsBase' for 'sm_89'
  ptxas info    : Function properties for _Z24causal_conv1d_fwd_kernelI31Causal_conv1d_fwd_kernel_traitsILi128ELi2ELb0EN3c108BFloat16ENS1_4HalfEEEv14ConvParamsBase
      0 bytes stack frame, 0 bytes spill stores, 0 bytes spill loads
  ptxas info    : Used 40 registers, used 1 barriers, 536 bytes cmem[0]
  ptxas info    : Compile time = 0.000 ms
  ptxas info    : Compiling entry function '_Z24causal_conv1d_fwd_kernelI31Causal_conv1d_fwd_kernel_traitsILi128ELi2ELb1EN3c108BFloat16ENS1_4HalfEEEv14ConvParamsBase' for 'sm_89'
  ptxas info    : Function properties for _Z24causal_conv1d_fwd_kernelI31Causal_conv1d_fwd_kernel_traitsILi128ELi2ELb1EN3c108BFloat16ENS1_4HalfEEEv14ConvParamsBase
      0 bytes stack frame, 0 bytes spill stores, 0 bytes spill loads
  ptxas info    : Used 34 registers, used 1 barriers, 536 bytes cmem[0]
  ptxas info    : Compile time = 0.000 ms
  ptxas info    : Compiling entry function '_Z24causal_conv1d_fwd_kernelI31Causal_conv1d_fwd_kernel_traitsILi128ELi4ELb0EN3c104HalfES2_EEv14ConvParamsBase' for 'sm_89'
  ptxas info    : Function properties for _Z24causal_conv1d_fwd_kernelI31Causal_conv1d_fwd_kernel_traitsILi128ELi4ELb0EN3c104HalfES2_EEv14ConvParamsBase
      0 bytes stack frame, 0 bytes spill stores, 0 bytes spill loads
  ptxas info    : Used 40 registers, used 1 barriers, 536 bytes cmem[0]
  ptxas info    : Compile time = 0.000 ms
  ptxas info    : Compiling entry function '_Z24causal_conv1d_fwd_kernelI31Causal_conv1d_fwd_kernel_traitsILi128ELi4ELb1EN3c104HalfES2_EEv14ConvParamsBase' for 'sm_89'
  ptxas info    : Function properties for _Z24causal_conv1d_fwd_kernelI31Causal_conv1d_fwd_kernel_traitsILi128ELi4ELb1EN3c104HalfES2_EEv14ConvParamsBase
      0 bytes stack frame, 0 bytes spill stores, 0 bytes spill loads
  ptxas info    : Used 38 registers, used 1 barriers, 536 bytes cmem[0]
  ptxas info    : Compile time = 0.000 ms
  ptxas info    : Compiling entry function '_Z24causal_conv1d_fwd_kernelI31Causal_conv1d_fwd_kernel_traitsILi128ELi3ELb0EN3c104HalfES2_EEv14ConvParamsBase' for 'sm_89'
  ptxas info    : Function properties for _Z24causal_conv1d_fwd_kernelI31Causal_conv1d_fwd_kernel_traitsILi128ELi3ELb0EN3c104HalfES2_EEv14ConvParamsBase
      0 bytes stack frame, 0 bytes spill stores, 0 bytes spill loads
  ptxas info    : Used 40 registers, used 1 barriers, 536 bytes cmem[0]
  ptxas info    : Compile time = 0.000 ms
  ptxas info    : Compiling entry function '_Z24causal_conv1d_fwd_kernelI31Causal_conv1d_fwd_kernel_traitsILi128ELi3ELb1EN3c104HalfES2_EEv14ConvParamsBase' for 'sm_89'
  ptxas info    : Function properties for _Z24causal_conv1d_fwd_kernelI31Causal_conv1d_fwd_kernel_traitsILi128ELi3ELb1EN3c104HalfES2_EEv14ConvParamsBase
      0 bytes stack frame, 0 bytes spill stores, 0 bytes spill loads
  ptxas info    : Used 35 registers, used 1 barriers, 536 bytes cmem[0]
  ptxas info    : Compile time = 0.000 ms
  ptxas info    : Compiling entry function '_Z24causal_conv1d_fwd_kernelI31Causal_conv1d_fwd_kernel_traitsILi128ELi2ELb0EN3c104HalfES2_EEv14ConvParamsBase' for 'sm_89'
  ptxas info    : Function properties for _Z24causal_conv1d_fwd_kernelI31Causal_conv1d_fwd_kernel_traitsILi128ELi2ELb0EN3c104HalfES2_EEv14ConvParamsBase
      0 bytes stack frame, 0 bytes spill stores, 0 bytes spill loads
  ptxas info    : Used 40 registers, used 1 barriers, 536 bytes cmem[0]
  ptxas info    : Compile time = 0.000 ms
  ptxas info    : Compiling entry function '_Z24causal_conv1d_fwd_kernelI31Causal_conv1d_fwd_kernel_traitsILi128ELi2ELb1EN3c104HalfES2_EEv14ConvParamsBase' for 'sm_89'
  ptxas info    : Function properties for _Z24causal_conv1d_fwd_kernelI31Causal_conv1d_fwd_kernel_traitsILi128ELi2ELb1EN3c104HalfES2_EEv14ConvParamsBase
      0 bytes stack frame, 0 bytes spill stores, 0 bytes spill loads
  ptxas info    : Used 34 registers, used 1 barriers, 536 bytes cmem[0]
  ptxas info    : Compile time = 0.000 ms
  ptxas info    : Compiling entry function '_Z24causal_conv1d_fwd_kernelI31Causal_conv1d_fwd_kernel_traitsILi128ELi4ELb0EfN3c104HalfEEEv14ConvParamsBase' for 'sm_89'
  ptxas info    : Function properties for _Z24causal_conv1d_fwd_kernelI31Causal_conv1d_fwd_kernel_traitsILi128ELi4ELb0EfN3c104HalfEEEv14ConvParamsBase
      0 bytes stack frame, 0 bytes spill stores, 0 bytes spill loads
  ptxas info    : Used 35 registers, used 1 barriers, 536 bytes cmem[0]
  ptxas info    : Compile time = 0.000 ms
  ptxas info    : Compiling entry function '_Z24causal_conv1d_fwd_kernelI31Causal_conv1d_fwd_kernel_traitsILi128ELi4ELb1EfN3c104HalfEEEv14ConvParamsBase' for 'sm_89'
  ptxas info    : Function properties for _Z24causal_conv1d_fwd_kernelI31Causal_conv1d_fwd_kernel_traitsILi128ELi4ELb1EfN3c104HalfEEEv14ConvParamsBase
      0 bytes stack frame, 0 bytes spill stores, 0 bytes spill loads
  ptxas info    : Used 29 registers, used 1 barriers, 536 bytes cmem[0]
  ptxas info    : Compile time = 0.000 ms
  ptxas info    : Compiling entry function '_Z24causal_conv1d_fwd_kernelI31Causal_conv1d_fwd_kernel_traitsILi128ELi3ELb0EfN3c104HalfEEEv14ConvParamsBase' for 'sm_89'
  ptxas info    : Function properties for _Z24causal_conv1d_fwd_kernelI31Causal_conv1d_fwd_kernel_traitsILi128ELi3ELb0EfN3c104HalfEEEv14ConvParamsBase
      0 bytes stack frame, 0 bytes spill stores, 0 bytes spill loads
  ptxas info    : Used 35 registers, used 1 barriers, 536 bytes cmem[0]
  ptxas info    : Compile time = 0.000 ms
  ptxas info    : Compiling entry function '_Z24causal_conv1d_fwd_kernelI31Causal_conv1d_fwd_kernel_traitsILi128ELi3ELb1EfN3c104HalfEEEv14ConvParamsBase' for 'sm_89'
  ptxas info    : Function properties for _Z24causal_conv1d_fwd_kernelI31Causal_conv1d_fwd_kernel_traitsILi128ELi3ELb1EfN3c104HalfEEEv14ConvParamsBase
      0 bytes stack frame, 0 bytes spill stores, 0 bytes spill loads
  ptxas info    : Used 40 registers, used 1 barriers, 536 bytes cmem[0]
  ptxas info    : Compile time = 0.000 ms
  ptxas info    : Compiling entry function '_Z24causal_conv1d_fwd_kernelI31Causal_conv1d_fwd_kernel_traitsILi128ELi2ELb0EfN3c104HalfEEEv14ConvParamsBase' for 'sm_89'
  ptxas info    : Function properties for _Z24causal_conv1d_fwd_kernelI31Causal_conv1d_fwd_kernel_traitsILi128ELi2ELb0EfN3c104HalfEEEv14ConvParamsBase
      0 bytes stack frame, 0 bytes spill stores, 0 bytes spill loads
  ptxas info    : Used 34 registers, used 1 barriers, 536 bytes cmem[0]
  ptxas info    : Compile time = 0.000 ms
  ptxas info    : Compiling entry function '_Z24causal_conv1d_fwd_kernelI31Causal_conv1d_fwd_kernel_traitsILi128ELi2ELb1EfN3c104HalfEEEv14ConvParamsBase' for 'sm_89'
  ptxas info    : Function properties for _Z24causal_conv1d_fwd_kernelI31Causal_conv1d_fwd_kernel_traitsILi128ELi2ELb1EfN3c104HalfEEEv14ConvParamsBase
      0 bytes stack frame, 0 bytes spill stores, 0 bytes spill loads
  ptxas info    : Used 39 registers, used 1 barriers, 536 bytes cmem[0]
  ptxas info    : Compile time = 0.000 ms
  ptxas info    : Compiling entry function '_Z24causal_conv1d_fwd_kernelI31Causal_conv1d_fwd_kernel_traitsILi128ELi4ELb0EN3c108BFloat16EfEEv14ConvParamsBase' for 'sm_89'
  ptxas info    : Function properties for _Z24causal_conv1d_fwd_kernelI31Causal_conv1d_fwd_kernel_traitsILi128ELi4ELb0EN3c108BFloat16EfEEv14ConvParamsBase
      0 bytes stack frame, 0 bytes spill stores, 0 bytes spill loads
  ptxas info    : Used 40 registers, used 1 barriers, 536 bytes cmem[0]
  ptxas info    : Compile time = 0.000 ms
  ptxas info    : Compiling entry function '_Z24causal_conv1d_fwd_kernelI31Causal_conv1d_fwd_kernel_traitsILi128ELi4ELb1EN3c108BFloat16EfEEv14ConvParamsBase' for 'sm_89'
  ptxas info    : Function properties for _Z24causal_conv1d_fwd_kernelI31Causal_conv1d_fwd_kernel_traitsILi128ELi4ELb1EN3c108BFloat16EfEEv14ConvParamsBase
      0 bytes stack frame, 0 bytes spill stores, 0 bytes spill loads
  ptxas info    : Used 36 registers, used 1 barriers, 536 bytes cmem[0]
  ptxas info    : Compile time = 0.000 ms
  ptxas info    : Compiling entry function '_Z24causal_conv1d_fwd_kernelI31Causal_conv1d_fwd_kernel_traitsILi128ELi3ELb0EN3c108BFloat16EfEEv14ConvParamsBase' for 'sm_89'
  ptxas info    : Function properties for _Z24causal_conv1d_fwd_kernelI31Causal_conv1d_fwd_kernel_traitsILi128ELi3ELb0EN3c108BFloat16EfEEv14ConvParamsBase
      0 bytes stack frame, 0 bytes spill stores, 0 bytes spill loads
  ptxas info    : Used 40 registers, used 1 barriers, 536 bytes cmem[0]
  ptxas info    : Compile time = 0.000 ms
  ptxas info    : Compiling entry function '_Z24causal_conv1d_fwd_kernelI31Causal_conv1d_fwd_kernel_traitsILi128ELi3ELb1EN3c108BFloat16EfEEv14ConvParamsBase' for 'sm_89'
  ptxas info    : Function properties for _Z24causal_conv1d_fwd_kernelI31Causal_conv1d_fwd_kernel_traitsILi128ELi3ELb1EN3c108BFloat16EfEEv14ConvParamsBase
      0 bytes stack frame, 0 bytes spill stores, 0 bytes spill loads
  ptxas info    : Used 33 registers, used 1 barriers, 536 bytes cmem[0]
  ptxas info    : Compile time = 0.000 ms
  ptxas info    : Compiling entry function '_Z24causal_conv1d_fwd_kernelI31Causal_conv1d_fwd_kernel_traitsILi128ELi2ELb0EN3c108BFloat16EfEEv14ConvParamsBase' for 'sm_89'
  ptxas info    : Function properties for _Z24causal_conv1d_fwd_kernelI31Causal_conv1d_fwd_kernel_traitsILi128ELi2ELb0EN3c108BFloat16EfEEv14ConvParamsBase
      0 bytes stack frame, 0 bytes spill stores, 0 bytes spill loads
  ptxas info    : Used 40 registers, used 1 barriers, 536 bytes cmem[0]
  ptxas info    : Compile time = 0.000 ms
  ptxas info    : Compiling entry function '_Z24causal_conv1d_fwd_kernelI31Causal_conv1d_fwd_kernel_traitsILi128ELi2ELb1EN3c108BFloat16EfEEv14ConvParamsBase' for 'sm_89'
  ptxas info    : Function properties for _Z24causal_conv1d_fwd_kernelI31Causal_conv1d_fwd_kernel_traitsILi128ELi2ELb1EN3c108BFloat16EfEEv14ConvParamsBase
      0 bytes stack frame, 0 bytes spill stores, 0 bytes spill loads
  ptxas info    : Used 34 registers, used 1 barriers, 536 bytes cmem[0]
  ptxas info    : Compile time = 0.000 ms
  ptxas info    : Compiling entry function '_Z24causal_conv1d_fwd_kernelI31Causal_conv1d_fwd_kernel_traitsILi128ELi4ELb0EN3c104HalfEfEEv14ConvParamsBase' for 'sm_89'
  ptxas info    : Function properties for _Z24causal_conv1d_fwd_kernelI31Causal_conv1d_fwd_kernel_traitsILi128ELi4ELb0EN3c104HalfEfEEv14ConvParamsBase
      0 bytes stack frame, 0 bytes spill stores, 0 bytes spill loads
  ptxas info    : Used 40 registers, used 1 barriers, 536 bytes cmem[0]
  ptxas info    : Compile time = 0.000 ms
  ptxas info    : Compiling entry function '_Z24causal_conv1d_fwd_kernelI31Causal_conv1d_fwd_kernel_traitsILi128ELi4ELb1EN3c104HalfEfEEv14ConvParamsBase' for 'sm_89'
  ptxas info    : Function properties for _Z24causal_conv1d_fwd_kernelI31Causal_conv1d_fwd_kernel_traitsILi128ELi4ELb1EN3c104HalfEfEEv14ConvParamsBase
      0 bytes stack frame, 0 bytes spill stores, 0 bytes spill loads
  ptxas info    : Used 38 registers, used 1 barriers, 536 bytes cmem[0]
  ptxas info    : Compile time = 0.000 ms
  ptxas info    : Compiling entry function '_Z24causal_conv1d_fwd_kernelI31Causal_conv1d_fwd_kernel_traitsILi128ELi3ELb0EN3c104HalfEfEEv14ConvParamsBase' for 'sm_89'
  ptxas info    : Function properties for _Z24causal_conv1d_fwd_kernelI31Causal_conv1d_fwd_kernel_traitsILi128ELi3ELb0EN3c104HalfEfEEv14ConvParamsBase
      0 bytes stack frame, 0 bytes spill stores, 0 bytes spill loads
  ptxas info    : Used 40 registers, used 1 barriers, 536 bytes cmem[0]
  ptxas info    : Compile time = 0.000 ms
  ptxas info    : Compiling entry function '_Z24causal_conv1d_fwd_kernelI31Causal_conv1d_fwd_kernel_traitsILi128ELi3ELb1EN3c104HalfEfEEv14ConvParamsBase' for 'sm_89'
  ptxas info    : Function properties for _Z24causal_conv1d_fwd_kernelI31Causal_conv1d_fwd_kernel_traitsILi128ELi3ELb1EN3c104HalfEfEEv14ConvParamsBase
      0 bytes stack frame, 0 bytes spill stores, 0 bytes spill loads
  ptxas info    : Used 35 registers, used 1 barriers, 536 bytes cmem[0]
  ptxas info    : Compile time = 0.000 ms
  ptxas info    : Compiling entry function '_Z24causal_conv1d_fwd_kernelI31Causal_conv1d_fwd_kernel_traitsILi128ELi2ELb0EN3c104HalfEfEEv14ConvParamsBase' for 'sm_89'
  ptxas info    : Function properties for _Z24causal_conv1d_fwd_kernelI31Causal_conv1d_fwd_kernel_traitsILi128ELi2ELb0EN3c104HalfEfEEv14ConvParamsBase
      0 bytes stack frame, 0 bytes spill stores, 0 bytes spill loads
  ptxas info    : Used 40 registers, used 1 barriers, 536 bytes cmem[0]
  ptxas info    : Compile time = 0.000 ms
  ptxas info    : Compiling entry function '_Z24causal_conv1d_fwd_kernelI31Causal_conv1d_fwd_kernel_traitsILi128ELi2ELb1EN3c104HalfEfEEv14ConvParamsBase' for 'sm_89'
  ptxas info    : Function properties for _Z24causal_conv1d_fwd_kernelI31Causal_conv1d_fwd_kernel_traitsILi128ELi2ELb1EN3c104HalfEfEEv14ConvParamsBase
      0 bytes stack frame, 0 bytes spill stores, 0 bytes spill loads
  ptxas info    : Used 34 registers, used 1 barriers, 536 bytes cmem[0]
  ptxas info    : Compile time = 0.000 ms
  ptxas info    : Compiling entry function '_Z24causal_conv1d_fwd_kernelI31Causal_conv1d_fwd_kernel_traitsILi128ELi4ELb0EffEEv14ConvParamsBase' for 'sm_89'
  ptxas info    : Function properties for _Z24causal_conv1d_fwd_kernelI31Causal_conv1d_fwd_kernel_traitsILi128ELi4ELb0EffEEv14ConvParamsBase
      0 bytes stack frame, 0 bytes spill stores, 0 bytes spill loads
  ptxas info    : Used 35 registers, used 1 barriers, 536 bytes cmem[0]
  ptxas info    : Compile time = 0.000 ms
  ptxas info    : Compiling entry function '_Z24causal_conv1d_fwd_kernelI31Causal_conv1d_fwd_kernel_traitsILi128ELi4ELb1EffEEv14ConvParamsBase' for 'sm_89'
  ptxas info    : Function properties for _Z24causal_conv1d_fwd_kernelI31Causal_conv1d_fwd_kernel_traitsILi128ELi4ELb1EffEEv14ConvParamsBase
      0 bytes stack frame, 0 bytes spill stores, 0 bytes spill loads
  ptxas info    : Used 29 registers, used 1 barriers, 536 bytes cmem[0]
  ptxas info    : Compile time = 0.000 ms
  ptxas info    : Compiling entry function '_Z24causal_conv1d_fwd_kernelI31Causal_conv1d_fwd_kernel_traitsILi128ELi3ELb0EffEEv14ConvParamsBase' for 'sm_89'
  ptxas info    : Function properties for _Z24causal_conv1d_fwd_kernelI31Causal_conv1d_fwd_kernel_traitsILi128ELi3ELb0EffEEv14ConvParamsBase
      0 bytes stack frame, 0 bytes spill stores, 0 bytes spill loads
  ptxas info    : Used 36 registers, used 1 barriers, 536 bytes cmem[0]
  ptxas info    : Compile time = 0.000 ms
  ptxas info    : Compiling entry function '_Z24causal_conv1d_fwd_kernelI31Causal_conv1d_fwd_kernel_traitsILi128ELi3ELb1EffEEv14ConvParamsBase' for 'sm_89'
  ptxas info    : Function properties for _Z24causal_conv1d_fwd_kernelI31Causal_conv1d_fwd_kernel_traitsILi128ELi3ELb1EffEEv14ConvParamsBase
      0 bytes stack frame, 0 bytes spill stores, 0 bytes spill loads
  ptxas info    : Used 40 registers, used 1 barriers, 536 bytes cmem[0]
  ptxas info    : Compile time = 0.000 ms
  ptxas info    : Compiling entry function '_Z24causal_conv1d_fwd_kernelI31Causal_conv1d_fwd_kernel_traitsILi128ELi2ELb0EffEEv14ConvParamsBase' for 'sm_89'
  ptxas info    : Function properties for _Z24causal_conv1d_fwd_kernelI31Causal_conv1d_fwd_kernel_traitsILi128ELi2ELb0EffEEv14ConvParamsBase
      0 bytes stack frame, 0 bytes spill stores, 0 bytes spill loads
  ptxas info    : Used 34 registers, used 1 barriers, 536 bytes cmem[0]
  ptxas info    : Compile time = 0.000 ms
  ptxas info    : Compiling entry function '_Z24causal_conv1d_fwd_kernelI31Causal_conv1d_fwd_kernel_traitsILi128ELi2ELb1EffEEv14ConvParamsBase' for 'sm_89'
  ptxas info    : Function properties for _Z24causal_conv1d_fwd_kernelI31Causal_conv1d_fwd_kernel_traitsILi128ELi2ELb1EffEEv14ConvParamsBase
      0 bytes stack frame, 0 bytes spill stores, 0 bytes spill loads
  ptxas info    : Used 40 registers, used 1 barriers, 536 bytes cmem[0]
  ptxas info    : Compile time = 0.000 ms
  tmpxft_0000b494_00000000-7_causal_conv1d_fwd.cudafe1.cpp
  [3/4] C:\Program Files\NVIDIA GPU Computing Toolkit\CUDA\v13.1\bin\nvcc --generate-dependencies-with-compile --dependency-output D:\antigravity\bridge2-nn\causal-conv1d-repo\build\temp.win-amd64-cpython-312\Release\csrc\causal_conv1d_update.obj.d -std=c++17 --use-local-env -Xcompiler /MD -Xcompiler /wd4819 -Xcompiler /wd4251 -Xcompiler /wd4244 -Xcompiler /wd4267 -Xcompiler /wd4275 -Xcompiler /wd4018 -Xcompiler /wd4190 -Xcompiler /wd4624 -Xcompiler /wd4067 -Xcompiler /wd4068 -Xcompiler /EHsc -Xcudafe --diag_suppress=base_class_has_different_dll_interface -Xcudafe --diag_suppress=field_without_dll_interface -Xcudafe --diag_suppress=dll_interface_conflict_none_assumed -Xcudafe --diag_suppress=dll_interface_conflict_dllexport_assumed -ID:\antigravity\bridge2-nn\causal-conv1d-repo\csrc -IC:\Users\wwylo\AppData\Local\Programs\Python\Python312\Lib\site-packages\torch\include -IC:\Users\wwylo\AppData\Local\Programs\Python\Python312\Lib\site-packages\torch\include\torch\csrc\api\include -IC:\Users\wwylo\AppData\Local\Programs\Python\Python312\Lib\site-packages\torch\include\TH -IC:\Users\wwylo\AppData\Local\Programs\Python\Python312\Lib\site-packages\torch\include\THC "-IC:\Program Files\NVIDIA GPU Computing Toolkit\CUDA\v13.1\include" -IC:\Users\wwylo\AppData\Local\Programs\Python\Python312\include -IC:\Users\wwylo\AppData\Local\Programs\Python\Python312\Include "-IC:\Program Files\Microsoft Visual Studio\2022\Professional\VC\Tools\MSVC\14.44.35207\include" "-IC:\Program Files\Microsoft Visual Studio\2022\Professional\VC\Tools\MSVC\14.44.35207\ATLMFC\include" "-IC:\Program Files\Microsoft Visual Studio\2022\Professional\VC\Auxiliary\VS\include" "-IC:\Program Files (x86)\Windows Kits\10\include\10.0.26100.0\ucrt" "-IC:\Program Files (x86)\Windows Kits\10\\include\10.0.26100.0\\um" "-IC:\Program Files (x86)\Windows Kits\10\\include\10.0.26100.0\\shared" "-IC:\Program Files (x86)\Windows Kits\10\\include\10.0.26100.0\\winrt" "-IC:\Program Files (x86)\Windows Kits\10\\include\10.0.26100.0\\cppwinrt" -c D:\antigravity\bridge2-nn\causal-conv1d-repo\csrc\causal_conv1d_update.cu -o D:\antigravity\bridge2-nn\causal-conv1d-repo\build\temp.win-amd64-cpython-312\Release\csrc\causal_conv1d_update.obj -D__CUDA_NO_HALF_OPERATORS__ -D__CUDA_NO_HALF_CONVERSIONS__ -D__CUDA_NO_BFLOAT16_CONVERSIONS__ -D__CUDA_NO_HALF2_OPERATORS__ --expt-relaxed-constexpr -O3 -U__CUDA_NO_HALF_OPERATORS__ -U__CUDA_NO_HALF_CONVERSIONS__ -U__CUDA_NO_BFLOAT16_OPERATORS__ -U__CUDA_NO_BFLOAT16_CONVERSIONS__ -U__CUDA_NO_BFLOAT162_OPERATORS__ -U__CUDA_NO_BFLOAT162_CONVERSIONS__ --expt-relaxed-constexpr --expt-extended-lambda --use_fast_math --ptxas-options=-v -lineinfo -gencode arch=compute_89,code=sm_89 --threads 4 -DTORCH_API_INCLUDE_EXTENSION_H -DTORCH_EXTENSION_NAME=causal_conv1d_cuda -D_GLIBCXX_USE_CXX11_ABI=0
  causal_conv1d_update.cu
  cl : Command line warning D9025 : overriding '/D__CUDA_NO_HALF_OPERATORS__' with '/U__CUDA_NO_HALF_OPERATORS__'
  cl : Command line warning D9025 : overriding '/D__CUDA_NO_HALF_CONVERSIONS__' with '/U__CUDA_NO_HALF_CONVERSIONS__'
  cl : Command line warning D9025 : overriding '/D__CUDA_NO_BFLOAT16_CONVERSIONS__' with '/U__CUDA_NO_BFLOAT16_CONVERSIONS__'
  causal_conv1d_update.cu
  cl : Command line warning D9025 : overriding '/D__CUDA_NO_HALF_OPERATORS__' with '/U__CUDA_NO_HALF_OPERATORS__'
  cl : Command line warning D9025 : overriding '/D__CUDA_NO_HALF_CONVERSIONS__' with '/U__CUDA_NO_HALF_CONVERSIONS__'
  cl : Command line warning D9025 : overriding '/D__CUDA_NO_BFLOAT16_CONVERSIONS__' with '/U__CUDA_NO_BFLOAT16_CONVERSIONS__'
  causal_conv1d_update.cu
  D:\antigravity\bridge2-nn\causal-conv1d-repo\csrc\causal_conv1d_update.cu(62): warning #177-D: variable "advance_len" was declared but never referenced
        int advance_len = params.seqlen;
            ^
            detected during:
              instantiation of "void causal_conv1d_update_kernel<Ktraits,kIsCircularBuffer>(ConvParamsBase) [with Ktraits=Causal_conv1d_update_kernel_traits<64, 2, float, float>, kIsCircularBuffer=true]" at line 122
              instantiation of "void causal_conv1d_update_launch<kNThreads,kWidth,input_t,weight_t>(ConvParamsBase &, cudaStream_t) [with kNThreads=64, kWidth=2, input_t=float, weight_t=float]" at line 130
              instantiation of "void causal_conv1d_update_cuda<input_t,weight_t>(ConvParamsBase &, cudaStream_t) [with input_t=float, weight_t=float]" at line 138

  Remark: The warnings can be suppressed with "-diag-suppress <warning-number>"

  D:\antigravity\bridge2-nn\causal-conv1d-repo\csrc\causal_conv1d_update.cu(62): warning #177-D: variable "advance_len" was declared but never referenced
        int advance_len = params.seqlen;
            ^
            detected during:
              instantiation of "void causal_conv1d_update_kernel<Ktraits,kIsCircularBuffer>(ConvParamsBase) [with Ktraits=Causal_conv1d_update_kernel_traits<64, 3, float, float>, kIsCircularBuffer=true]" at line 122
              instantiation of "void causal_conv1d_update_launch<kNThreads,kWidth,input_t,weight_t>(ConvParamsBase &, cudaStream_t) [with kNThreads=64, kWidth=3, input_t=float, weight_t=float]" at line 132
              instantiation of "void causal_conv1d_update_cuda<input_t,weight_t>(ConvParamsBase &, cudaStream_t) [with input_t=float, weight_t=float]" at line 138

  D:\antigravity\bridge2-nn\causal-conv1d-repo\csrc\causal_conv1d_update.cu(62): warning #177-D: variable "advance_len" was declared but never referenced
        int advance_len = params.seqlen;
            ^
            detected during:
              instantiation of "void causal_conv1d_update_kernel<Ktraits,kIsCircularBuffer>(ConvParamsBase) [with Ktraits=Causal_conv1d_update_kernel_traits<64, 4, float, float>, kIsCircularBuffer=true]" at line 122
              instantiation of "void causal_conv1d_update_launch<kNThreads,kWidth,input_t,weight_t>(ConvParamsBase &, cudaStream_t) [with kNThreads=64, kWidth=4, input_t=float, weight_t=float]" at line 134
              instantiation of "void causal_conv1d_update_cuda<input_t,weight_t>(ConvParamsBase &, cudaStream_t) [with input_t=float, weight_t=float]" at line 138

  D:\antigravity\bridge2-nn\causal-conv1d-repo\csrc\causal_conv1d_update.cu(62): warning #177-D: variable "advance_len" was declared but never referenced
        int advance_len = params.seqlen;
            ^
            detected during:
              instantiation of "void causal_conv1d_update_kernel<Ktraits,kIsCircularBuffer>(ConvParamsBase) [with Ktraits=Causal_conv1d_update_kernel_traits<64, 2, c10::Half, float>, kIsCircularBuffer=true]" at line 122
              instantiation of "void causal_conv1d_update_launch<kNThreads,kWidth,input_t,weight_t>(ConvParamsBase &, cudaStream_t) [with kNThreads=64, kWidth=2, input_t=c10::Half, weight_t=float]" at line 130
              instantiation of "void causal_conv1d_update_cuda<input_t,weight_t>(ConvParamsBase &, cudaStream_t) [with input_t=c10::Half, weight_t=float]" at line 139

  D:\antigravity\bridge2-nn\causal-conv1d-repo\csrc\causal_conv1d_update.cu(62): warning #177-D: variable "advance_len" was declared but never referenced
        int advance_len = params.seqlen;
            ^
            detected during:
              instantiation of "void causal_conv1d_update_kernel<Ktraits,kIsCircularBuffer>(ConvParamsBase) [with Ktraits=Causal_conv1d_update_kernel_traits<64, 3, c10::Half, float>, kIsCircularBuffer=true]" at line 122
              instantiation of "void causal_conv1d_update_launch<kNThreads,kWidth,input_t,weight_t>(ConvParamsBase &, cudaStream_t) [with kNThreads=64, kWidth=3, input_t=c10::Half, weight_t=float]" at line 132
              instantiation of "void causal_conv1d_update_cuda<input_t,weight_t>(ConvParamsBase &, cudaStream_t) [with input_t=c10::Half, weight_t=float]" at line 139

  D:\antigravity\bridge2-nn\causal-conv1d-repo\csrc\causal_conv1d_update.cu(62): warning #177-D: variable "advance_len" was declared but never referenced
        int advance_len = params.seqlen;
            ^
            detected during:
              instantiation of "void causal_conv1d_update_kernel<Ktraits,kIsCircularBuffer>(ConvParamsBase) [with Ktraits=Causal_conv1d_update_kernel_traits<64, 4, c10::Half, float>, kIsCircularBuffer=true]" at line 122
              instantiation of "void causal_conv1d_update_launch<kNThreads,kWidth,input_t,weight_t>(ConvParamsBase &, cudaStream_t) [with kNThreads=64, kWidth=4, input_t=c10::Half, weight_t=float]" at line 134
              instantiation of "void causal_conv1d_update_cuda<input_t,weight_t>(ConvParamsBase &, cudaStream_t) [with input_t=c10::Half, weight_t=float]" at line 139

  D:\antigravity\bridge2-nn\causal-conv1d-repo\csrc\causal_conv1d_update.cu(62): warning #177-D: variable "advance_len" was declared but never referenced
        int advance_len = params.seqlen;
            ^
            detected during:
              instantiation of "void causal_conv1d_update_kernel<Ktraits,kIsCircularBuffer>(ConvParamsBase) [with Ktraits=Causal_conv1d_update_kernel_traits<64, 2, c10::BFloat16, float>, kIsCircularBuffer=true]" at line 122
              instantiation of "void causal_conv1d_update_launch<kNThreads,kWidth,input_t,weight_t>(ConvParamsBase &, cudaStream_t) [with kNThreads=64, kWidth=2, input_t=c10::BFloat16, weight_t=float]" at line 130
              instantiation of "void causal_conv1d_update_cuda<input_t,weight_t>(ConvParamsBase &, cudaStream_t) [with input_t=c10::BFloat16, weight_t=float]" at line 140

  D:\antigravity\bridge2-nn\causal-conv1d-repo\csrc\causal_conv1d_update.cu(62): warning #177-D: variable "advance_len" was declared but never referenced
        int advance_len = params.seqlen;
            ^
            detected during:
              instantiation of "void causal_conv1d_update_kernel<Ktraits,kIsCircularBuffer>(ConvParamsBase) [with Ktraits=Causal_conv1d_update_kernel_traits<64, 3, c10::BFloat16, float>, kIsCircularBuffer=true]" at line 122
              instantiation of "void causal_conv1d_update_launch<kNThreads,kWidth,input_t,weight_t>(ConvParamsBase &, cudaStream_t) [with kNThreads=64, kWidth=3, input_t=c10::BFloat16, weight_t=float]" at line 132
              instantiation of "void causal_conv1d_update_cuda<input_t,weight_t>(ConvParamsBase &, cudaStream_t) [with input_t=c10::BFloat16, weight_t=float]" at line 140

  D:\antigravity\bridge2-nn\causal-conv1d-repo\csrc\causal_conv1d_update.cu(62): warning #177-D: variable "advance_len" was declared but never referenced
        int advance_len = params.seqlen;
            ^
            detected during:
              instantiation of "void causal_conv1d_update_kernel<Ktraits,kIsCircularBuffer>(ConvParamsBase) [with Ktraits=Causal_conv1d_update_kernel_traits<64, 4, c10::BFloat16, float>, kIsCircularBuffer=true]" at line 122
              instantiation of "void causal_conv1d_update_launch<kNThreads,kWidth,input_t,weight_t>(ConvParamsBase &, cudaStream_t) [with kNThreads=64, kWidth=4, input_t=c10::BFloat16, weight_t=float]" at line 134
              instantiation of "void causal_conv1d_update_cuda<input_t,weight_t>(ConvParamsBase &, cudaStream_t) [with input_t=c10::BFloat16, weight_t=float]" at line 140

  D:\antigravity\bridge2-nn\causal-conv1d-repo\csrc\causal_conv1d_update.cu(62): warning #177-D: variable "advance_len" was declared but never referenced
        int advance_len = params.seqlen;
            ^
            detected during:
              instantiation of "void causal_conv1d_update_kernel<Ktraits,kIsCircularBuffer>(ConvParamsBase) [with Ktraits=Causal_conv1d_update_kernel_traits<64, 2, float, c10::Half>, kIsCircularBuffer=true]" at line 122
              instantiation of "void causal_conv1d_update_launch<kNThreads,kWidth,input_t,weight_t>(ConvParamsBase &, cudaStream_t) [with kNThreads=64, kWidth=2, input_t=float, weight_t=c10::Half]" at line 130
              instantiation of "void causal_conv1d_update_cuda<input_t,weight_t>(ConvParamsBase &, cudaStream_t) [with input_t=float, weight_t=c10::Half]" at line 141

  D:\antigravity\bridge2-nn\causal-conv1d-repo\csrc\causal_conv1d_update.cu(62): warning #177-D: variable "advance_len" was declared but never referenced
        int advance_len = params.seqlen;
            ^
            detected during:
              instantiation of "void causal_conv1d_update_kernel<Ktraits,kIsCircularBuffer>(ConvParamsBase) [with Ktraits=Causal_conv1d_update_kernel_traits<64, 3, float, c10::Half>, kIsCircularBuffer=true]" at line 122
              instantiation of "void causal_conv1d_update_launch<kNThreads,kWidth,input_t,weight_t>(ConvParamsBase &, cudaStream_t) [with kNThreads=64, kWidth=3, input_t=float, weight_t=c10::Half]" at line 132
              instantiation of "void causal_conv1d_update_cuda<input_t,weight_t>(ConvParamsBase &, cudaStream_t) [with input_t=float, weight_t=c10::Half]" at line 141

  D:\antigravity\bridge2-nn\causal-conv1d-repo\csrc\causal_conv1d_update.cu(62): warning #177-D: variable "advance_len" was declared but never referenced
        int advance_len = params.seqlen;
            ^
            detected during:
              instantiation of "void causal_conv1d_update_kernel<Ktraits,kIsCircularBuffer>(ConvParamsBase) [with Ktraits=Causal_conv1d_update_kernel_traits<64, 4, float, c10::Half>, kIsCircularBuffer=true]" at line 122
              instantiation of "void causal_conv1d_update_launch<kNThreads,kWidth,input_t,weight_t>(ConvParamsBase &, cudaStream_t) [with kNThreads=64, kWidth=4, input_t=float, weight_t=c10::Half]" at line 134
              instantiation of "void causal_conv1d_update_cuda<input_t,weight_t>(ConvParamsBase &, cudaStream_t) [with input_t=float, weight_t=c10::Half]" at line 141

  D:\antigravity\bridge2-nn\causal-conv1d-repo\csrc\causal_conv1d_update.cu(62): warning #177-D: variable "advance_len" was declared but never referenced
        int advance_len = params.seqlen;
            ^
            detected during:
              instantiation of "void causal_conv1d_update_kernel<Ktraits,kIsCircularBuffer>(ConvParamsBase) [with Ktraits=Causal_conv1d_update_kernel_traits<64, 2, c10::Half, c10::Half>, kIsCircularBuffer=true]" at line 122
              instantiation of "void causal_conv1d_update_launch<kNThreads,kWidth,input_t,weight_t>(ConvParamsBase &, cudaStream_t) [with kNThreads=64, kWidth=2, input_t=c10::Half, weight_t=c10::Half]" at line 130
              instantiation of "void causal_conv1d_update_cuda<input_t,weight_t>(ConvParamsBase &, cudaStream_t) [with input_t=c10::Half, weight_t=c10::Half]" at line 142

  D:\antigravity\bridge2-nn\causal-conv1d-repo\csrc\causal_conv1d_update.cu(62): warning #177-D: variable "advance_len" was declared but never referenced
        int advance_len = params.seqlen;
            ^
            detected during:
              instantiation of "void causal_conv1d_update_kernel<Ktraits,kIsCircularBuffer>(ConvParamsBase) [with Ktraits=Causal_conv1d_update_kernel_traits<64, 3, c10::Half, c10::Half>, kIsCircularBuffer=true]" at line 122
              instantiation of "void causal_conv1d_update_launch<kNThreads,kWidth,input_t,weight_t>(ConvParamsBase &, cudaStream_t) [with kNThreads=64, kWidth=3, input_t=c10::Half, weight_t=c10::Half]" at line 132
              instantiation of "void causal_conv1d_update_cuda<input_t,weight_t>(ConvParamsBase &, cudaStream_t) [with input_t=c10::Half, weight_t=c10::Half]" at line 142

  D:\antigravity\bridge2-nn\causal-conv1d-repo\csrc\causal_conv1d_update.cu(62): warning #177-D: variable "advance_len" was declared but never referenced
        int advance_len = params.seqlen;
            ^
            detected during:
              instantiation of "void causal_conv1d_update_kernel<Ktraits,kIsCircularBuffer>(ConvParamsBase) [with Ktraits=Causal_conv1d_update_kernel_traits<64, 4, c10::Half, c10::Half>, kIsCircularBuffer=true]" at line 122
              instantiation of "void causal_conv1d_update_launch<kNThreads,kWidth,input_t,weight_t>(ConvParamsBase &, cudaStream_t) [with kNThreads=64, kWidth=4, input_t=c10::Half, weight_t=c10::Half]" at line 134
              instantiation of "void causal_conv1d_update_cuda<input_t,weight_t>(ConvParamsBase &, cudaStream_t) [with input_t=c10::Half, weight_t=c10::Half]" at line 142

  D:\antigravity\bridge2-nn\causal-conv1d-repo\csrc\causal_conv1d_update.cu(62): warning #177-D: variable "advance_len" was declared but never referenced
        int advance_len = params.seqlen;
            ^
            detected during:
              instantiation of "void causal_conv1d_update_kernel<Ktraits,kIsCircularBuffer>(ConvParamsBase) [with Ktraits=Causal_conv1d_update_kernel_traits<64, 2, c10::BFloat16, c10::Half>, kIsCircularBuffer=true]" at line 122
              instantiation of "void causal_conv1d_update_launch<kNThreads,kWidth,input_t,weight_t>(ConvParamsBase &, cudaStream_t) [with kNThreads=64, kWidth=2, input_t=c10::BFloat16, weight_t=c10::Half]" at line 130
              instantiation of "void causal_conv1d_update_cuda<input_t,weight_t>(ConvParamsBase &, cudaStream_t) [with input_t=c10::BFloat16, weight_t=c10::Half]" at line 143

  D:\antigravity\bridge2-nn\causal-conv1d-repo\csrc\causal_conv1d_update.cu(62): warning #177-D: variable "advance_len" was declared but never referenced
        int advance_len = params.seqlen;
            ^
            detected during:
              instantiation of "void causal_conv1d_update_kernel<Ktraits,kIsCircularBuffer>(ConvParamsBase) [with Ktraits=Causal_conv1d_update_kernel_traits<64, 3, c10::BFloat16, c10::Half>, kIsCircularBuffer=true]" at line 122
              instantiation of "void causal_conv1d_update_launch<kNThreads,kWidth,input_t,weight_t>(ConvParamsBase &, cudaStream_t) [with kNThreads=64, kWidth=3, input_t=c10::BFloat16, weight_t=c10::Half]" at line 132
              instantiation of "void causal_conv1d_update_cuda<input_t,weight_t>(ConvParamsBase &, cudaStream_t) [with input_t=c10::BFloat16, weight_t=c10::Half]" at line 143

  D:\antigravity\bridge2-nn\causal-conv1d-repo\csrc\causal_conv1d_update.cu(62): warning #177-D: variable "advance_len" was declared but never referenced
        int advance_len = params.seqlen;
            ^
            detected during:
              instantiation of "void causal_conv1d_update_kernel<Ktraits,kIsCircularBuffer>(ConvParamsBase) [with Ktraits=Causal_conv1d_update_kernel_traits<64, 4, c10::BFloat16, c10::Half>, kIsCircularBuffer=true]" at line 122
              instantiation of "void causal_conv1d_update_launch<kNThreads,kWidth,input_t,weight_t>(ConvParamsBase &, cudaStream_t) [with kNThreads=64, kWidth=4, input_t=c10::BFloat16, weight_t=c10::Half]" at line 134
              instantiation of "void causal_conv1d_update_cuda<input_t,weight_t>(ConvParamsBase &, cudaStream_t) [with input_t=c10::BFloat16, weight_t=c10::Half]" at line 143

  D:\antigravity\bridge2-nn\causal-conv1d-repo\csrc\causal_conv1d_update.cu(62): warning #177-D: variable "advance_len" was declared but never referenced
        int advance_len = params.seqlen;
            ^
            detected during:
              instantiation of "void causal_conv1d_update_kernel<Ktraits,kIsCircularBuffer>(ConvParamsBase) [with Ktraits=Causal_conv1d_update_kernel_traits<64, 2, float, c10::BFloat16>, kIsCircularBuffer=true]" at line 122
              instantiation of "void causal_conv1d_update_launch<kNThreads,kWidth,input_t,weight_t>(ConvParamsBase &, cudaStream_t) [with kNThreads=64, kWidth=2, input_t=float, weight_t=c10::BFloat16]" at line 130
              instantiation of "void causal_conv1d_update_cuda<input_t,weight_t>(ConvParamsBase &, cudaStream_t) [with input_t=float, weight_t=c10::BFloat16]" at line 144

  D:\antigravity\bridge2-nn\causal-conv1d-repo\csrc\causal_conv1d_update.cu(62): warning #177-D: variable "advance_len" was declared but never referenced
        int advance_len = params.seqlen;
            ^
            detected during:
              instantiation of "void causal_conv1d_update_kernel<Ktraits,kIsCircularBuffer>(ConvParamsBase) [with Ktraits=Causal_conv1d_update_kernel_traits<64, 3, float, c10::BFloat16>, kIsCircularBuffer=true]" at line 122
              instantiation of "void causal_conv1d_update_launch<kNThreads,kWidth,input_t,weight_t>(ConvParamsBase &, cudaStream_t) [with kNThreads=64, kWidth=3, input_t=float, weight_t=c10::BFloat16]" at line 132
              instantiation of "void causal_conv1d_update_cuda<input_t,weight_t>(ConvParamsBase &, cudaStream_t) [with input_t=float, weight_t=c10::BFloat16]" at line 144

  D:\antigravity\bridge2-nn\causal-conv1d-repo\csrc\causal_conv1d_update.cu(62): warning #177-D: variable "advance_len" was declared but never referenced
        int advance_len = params.seqlen;
            ^
            detected during:
              instantiation of "void causal_conv1d_update_kernel<Ktraits,kIsCircularBuffer>(ConvParamsBase) [with Ktraits=Causal_conv1d_update_kernel_traits<64, 4, float, c10::BFloat16>, kIsCircularBuffer=true]" at line 122
              instantiation of "void causal_conv1d_update_launch<kNThreads,kWidth,input_t,weight_t>(ConvParamsBase &, cudaStream_t) [with kNThreads=64, kWidth=4, input_t=float, weight_t=c10::BFloat16]" at line 134
              instantiation of "void causal_conv1d_update_cuda<input_t,weight_t>(ConvParamsBase &, cudaStream_t) [with input_t=float, weight_t=c10::BFloat16]" at line 144

  D:\antigravity\bridge2-nn\causal-conv1d-repo\csrc\causal_conv1d_update.cu(62): warning #177-D: variable "advance_len" was declared but never referenced
        int advance_len = params.seqlen;
            ^
            detected during:
              instantiation of "void causal_conv1d_update_kernel<Ktraits,kIsCircularBuffer>(ConvParamsBase) [with Ktraits=Causal_conv1d_update_kernel_traits<64, 2, c10::Half, c10::BFloat16>, kIsCircularBuffer=true]" at line 122
              instantiation of "void causal_conv1d_update_launch<kNThreads,kWidth,input_t,weight_t>(ConvParamsBase &, cudaStream_t) [with kNThreads=64, kWidth=2, input_t=c10::Half, weight_t=c10::BFloat16]" at line 130
              instantiation of "void causal_conv1d_update_cuda<input_t,weight_t>(ConvParamsBase &, cudaStream_t) [with input_t=c10::Half, weight_t=c10::BFloat16]" at line 145

  D:\antigravity\bridge2-nn\causal-conv1d-repo\csrc\causal_conv1d_update.cu(62): warning #177-D: variable "advance_len" was declared but never referenced
        int advance_len = params.seqlen;
            ^
            detected during:
              instantiation of "void causal_conv1d_update_kernel<Ktraits,kIsCircularBuffer>(ConvParamsBase) [with Ktraits=Causal_conv1d_update_kernel_traits<64, 3, c10::Half, c10::BFloat16>, kIsCircularBuffer=true]" at line 122
              instantiation of "void causal_conv1d_update_launch<kNThreads,kWidth,input_t,weight_t>(ConvParamsBase &, cudaStream_t) [with kNThreads=64, kWidth=3, input_t=c10::Half, weight_t=c10::BFloat16]" at line 132
              instantiation of "void causal_conv1d_update_cuda<input_t,weight_t>(ConvParamsBase &, cudaStream_t) [with input_t=c10::Half, weight_t=c10::BFloat16]" at line 145

  D:\antigravity\bridge2-nn\causal-conv1d-repo\csrc\causal_conv1d_update.cu(62): warning #177-D: variable "advance_len" was declared but never referenced
        int advance_len = params.seqlen;
            ^
            detected during:
              instantiation of "void causal_conv1d_update_kernel<Ktraits,kIsCircularBuffer>(ConvParamsBase) [with Ktraits=Causal_conv1d_update_kernel_traits<64, 4, c10::Half, c10::BFloat16>, kIsCircularBuffer=true]" at line 122
              instantiation of "void causal_conv1d_update_launch<kNThreads,kWidth,input_t,weight_t>(ConvParamsBase &, cudaStream_t) [with kNThreads=64, kWidth=4, input_t=c10::Half, weight_t=c10::BFloat16]" at line 134
              instantiation of "void causal_conv1d_update_cuda<input_t,weight_t>(ConvParamsBase &, cudaStream_t) [with input_t=c10::Half, weight_t=c10::BFloat16]" at line 145

  D:\antigravity\bridge2-nn\causal-conv1d-repo\csrc\causal_conv1d_update.cu(62): warning #177-D: variable "advance_len" was declared but never referenced
        int advance_len = params.seqlen;
            ^
            detected during:
              instantiation of "void causal_conv1d_update_kernel<Ktraits,kIsCircularBuffer>(ConvParamsBase) [with Ktraits=Causal_conv1d_update_kernel_traits<64, 2, c10::BFloat16, c10::BFloat16>, kIsCircularBuffer=true]" at line 122
              instantiation of "void causal_conv1d_update_launch<kNThreads,kWidth,input_t,weight_t>(ConvParamsBase &, cudaStream_t) [with kNThreads=64, kWidth=2, input_t=c10::BFloat16, weight_t=c10::BFloat16]" at line 130
              instantiation of "void causal_conv1d_update_cuda<input_t,weight_t>(ConvParamsBase &, cudaStream_t) [with input_t=c10::BFloat16, weight_t=c10::BFloat16]" at line 146

  D:\antigravity\bridge2-nn\causal-conv1d-repo\csrc\causal_conv1d_update.cu(62): warning #177-D: variable "advance_len" was declared but never referenced
        int advance_len = params.seqlen;
            ^
            detected during:
              instantiation of "void causal_conv1d_update_kernel<Ktraits,kIsCircularBuffer>(ConvParamsBase) [with Ktraits=Causal_conv1d_update_kernel_traits<64, 3, c10::BFloat16, c10::BFloat16>, kIsCircularBuffer=true]" at line 122
              instantiation of "void causal_conv1d_update_launch<kNThreads,kWidth,input_t,weight_t>(ConvParamsBase &, cudaStream_t) [with kNThreads=64, kWidth=3, input_t=c10::BFloat16, weight_t=c10::BFloat16]" at line 132
              instantiation of "void causal_conv1d_update_cuda<input_t,weight_t>(ConvParamsBase &, cudaStream_t) [with input_t=c10::BFloat16, weight_t=c10::BFloat16]" at line 146

  D:\antigravity\bridge2-nn\causal-conv1d-repo\csrc\causal_conv1d_update.cu(62): warning #177-D: variable "advance_len" was declared but never referenced
        int advance_len = params.seqlen;
            ^
            detected during:
              instantiation of "void causal_conv1d_update_kernel<Ktraits,kIsCircularBuffer>(ConvParamsBase) [with Ktraits=Causal_conv1d_update_kernel_traits<64, 4, c10::BFloat16, c10::BFloat16>, kIsCircularBuffer=true]" at line 122
              instantiation of "void causal_conv1d_update_launch<kNThreads,kWidth,input_t,weight_t>(ConvParamsBase &, cudaStream_t) [with kNThreads=64, kWidth=4, input_t=c10::BFloat16, weight_t=c10::BFloat16]" at line 134
              instantiation of "void causal_conv1d_update_cuda<input_t,weight_t>(ConvParamsBase &, cudaStream_t) [with input_t=c10::BFloat16, weight_t=c10::BFloat16]" at line 146

  ptxas info    : 0 bytes gmem
  ptxas info    : Compiling entry function '_Z27causal_conv1d_update_kernelI34Causal_conv1d_update_kernel_traitsILi64ELi4EN3c108BFloat16ES2_ELb1EEv14ConvParamsBase' for 'sm_89'
  ptxas info    : Function properties for _Z27causal_conv1d_update_kernelI34Causal_conv1d_update_kernel_traitsILi64ELi4EN3c108BFloat16ES2_ELb1EEv14ConvParamsBase
      0 bytes stack frame, 0 bytes spill stores, 0 bytes spill loads
  ptxas info    : Used 33 registers, used 0 barriers, 536 bytes cmem[0]
  ptxas info    : Compile time = 0.000 ms
  ptxas info    : Compiling entry function '_Z27causal_conv1d_update_kernelI34Causal_conv1d_update_kernel_traitsILi64ELi4EN3c108BFloat16ES2_ELb0EEv14ConvParamsBase' for 'sm_89'
  ptxas info    : Function properties for _Z27causal_conv1d_update_kernelI34Causal_conv1d_update_kernel_traitsILi64ELi4EN3c108BFloat16ES2_ELb0EEv14ConvParamsBase
      0 bytes stack frame, 0 bytes spill stores, 0 bytes spill loads
  ptxas info    : Used 36 registers, used 0 barriers, 536 bytes cmem[0]
  ptxas info    : Compile time = 0.000 ms
  ptxas info    : Compiling entry function '_Z27causal_conv1d_update_kernelI34Causal_conv1d_update_kernel_traitsILi64ELi3EN3c108BFloat16ES2_ELb1EEv14ConvParamsBase' for 'sm_89'
  ptxas info    : Function properties for _Z27causal_conv1d_update_kernelI34Causal_conv1d_update_kernel_traitsILi64ELi3EN3c108BFloat16ES2_ELb1EEv14ConvParamsBase
      0 bytes stack frame, 0 bytes spill stores, 0 bytes spill loads
  ptxas info    : Used 33 registers, used 0 barriers, 536 bytes cmem[0]
  ptxas info    : Compile time = 0.000 ms
  ptxas info    : Compiling entry function '_Z27causal_conv1d_update_kernelI34Causal_conv1d_update_kernel_traitsILi64ELi3EN3c108BFloat16ES2_ELb0EEv14ConvParamsBase' for 'sm_89'
  ptxas info    : Function properties for _Z27causal_conv1d_update_kernelI34Causal_conv1d_update_kernel_traitsILi64ELi3EN3c108BFloat16ES2_ELb0EEv14ConvParamsBase
      0 bytes stack frame, 0 bytes spill stores, 0 bytes spill loads
  ptxas info    : Used 35 registers, used 0 barriers, 536 bytes cmem[0]
  ptxas info    : Compile time = 0.000 ms
  ptxas info    : Compiling entry function '_Z27causal_conv1d_update_kernelI34Causal_conv1d_update_kernel_traitsILi64ELi2EN3c108BFloat16ES2_ELb1EEv14ConvParamsBase' for 'sm_89'
  ptxas info    : Function properties for _Z27causal_conv1d_update_kernelI34Causal_conv1d_update_kernel_traitsILi64ELi2EN3c108BFloat16ES2_ELb1EEv14ConvParamsBase
      0 bytes stack frame, 0 bytes spill stores, 0 bytes spill loads
  ptxas info    : Used 31 registers, used 0 barriers, 536 bytes cmem[0]
  ptxas info    : Compile time = 0.000 ms
  ptxas info    : Compiling entry function '_Z27causal_conv1d_update_kernelI34Causal_conv1d_update_kernel_traitsILi64ELi2EN3c108BFloat16ES2_ELb0EEv14ConvParamsBase' for 'sm_89'
  ptxas info    : Function properties for _Z27causal_conv1d_update_kernelI34Causal_conv1d_update_kernel_traitsILi64ELi2EN3c108BFloat16ES2_ELb0EEv14ConvParamsBase
      0 bytes stack frame, 0 bytes spill stores, 0 bytes spill loads
  ptxas info    : Used 33 registers, used 0 barriers, 536 bytes cmem[0]
  ptxas info    : Compile time = 0.000 ms
  ptxas info    : Compiling entry function '_Z27causal_conv1d_update_kernelI34Causal_conv1d_update_kernel_traitsILi64ELi4EN3c104HalfENS1_8BFloat16EELb1EEv14ConvParamsBase' for 'sm_89'
  ptxas info    : Function properties for _Z27causal_conv1d_update_kernelI34Causal_conv1d_update_kernel_traitsILi64ELi4EN3c104HalfENS1_8BFloat16EELb1EEv14ConvParamsBase
      0 bytes stack frame, 0 bytes spill stores, 0 bytes spill loads
  ptxas info    : Used 33 registers, used 0 barriers, 536 bytes cmem[0]
  ptxas info    : Compile time = 0.000 ms
  ptxas info    : Compiling entry function '_Z27causal_conv1d_update_kernelI34Causal_conv1d_update_kernel_traitsILi64ELi4EN3c104HalfENS1_8BFloat16EELb0EEv14ConvParamsBase' for 'sm_89'
  ptxas info    : Function properties for _Z27causal_conv1d_update_kernelI34Causal_conv1d_update_kernel_traitsILi64ELi4EN3c104HalfENS1_8BFloat16EELb0EEv14ConvParamsBase
      0 bytes stack frame, 0 bytes spill stores, 0 bytes spill loads
  ptxas info    : Used 38 registers, used 0 barriers, 536 bytes cmem[0]
  ptxas info    : Compile time = 0.000 ms
  ptxas info    : Compiling entry function '_Z27causal_conv1d_update_kernelI34Causal_conv1d_update_kernel_traitsILi64ELi3EN3c104HalfENS1_8BFloat16EELb1EEv14ConvParamsBase' for 'sm_89'
  ptxas info    : Function properties for _Z27causal_conv1d_update_kernelI34Causal_conv1d_update_kernel_traitsILi64ELi3EN3c104HalfENS1_8BFloat16EELb1EEv14ConvParamsBase
      0 bytes stack frame, 0 bytes spill stores, 0 bytes spill loads
  ptxas info    : Used 32 registers, used 0 barriers, 536 bytes cmem[0]
  ptxas info    : Compile time = 0.000 ms
  ptxas info    : Compiling entry function '_Z27causal_conv1d_update_kernelI34Causal_conv1d_update_kernel_traitsILi64ELi3EN3c104HalfENS1_8BFloat16EELb0EEv14ConvParamsBase' for 'sm_89'
  ptxas info    : Function properties for _Z27causal_conv1d_update_kernelI34Causal_conv1d_update_kernel_traitsILi64ELi3EN3c104HalfENS1_8BFloat16EELb0EEv14ConvParamsBase
      0 bytes stack frame, 0 bytes spill stores, 0 bytes spill loads
  ptxas info    : Used 35 registers, used 0 barriers, 536 bytes cmem[0]
  ptxas info    : Compile time = 0.000 ms
  ptxas info    : Compiling entry function '_Z27causal_conv1d_update_kernelI34Causal_conv1d_update_kernel_traitsILi64ELi2EN3c104HalfENS1_8BFloat16EELb1EEv14ConvParamsBase' for 'sm_89'
  ptxas info    : Function properties for _Z27causal_conv1d_update_kernelI34Causal_conv1d_update_kernel_traitsILi64ELi2EN3c104HalfENS1_8BFloat16EELb1EEv14ConvParamsBase
      0 bytes stack frame, 0 bytes spill stores, 0 bytes spill loads
  ptxas info    : Used 31 registers, used 0 barriers, 536 bytes cmem[0]
  ptxas info    : Compile time = 0.000 ms
  ptxas info    : Compiling entry function '_Z27causal_conv1d_update_kernelI34Causal_conv1d_update_kernel_traitsILi64ELi2EN3c104HalfENS1_8BFloat16EELb0EEv14ConvParamsBase' for 'sm_89'
  ptxas info    : Function properties for _Z27causal_conv1d_update_kernelI34Causal_conv1d_update_kernel_traitsILi64ELi2EN3c104HalfENS1_8BFloat16EELb0EEv14ConvParamsBase
      0 bytes stack frame, 0 bytes spill stores, 0 bytes spill loads
  ptxas info    : Used 33 registers, used 0 barriers, 536 bytes cmem[0]
  ptxas info    : Compile time = 0.000 ms
  ptxas info    : Compiling entry function '_Z27causal_conv1d_update_kernelI34Causal_conv1d_update_kernel_traitsILi64ELi4EfN3c108BFloat16EELb1EEv14ConvParamsBase' for 'sm_89'
  ptxas info    : Function properties for _Z27causal_conv1d_update_kernelI34Causal_conv1d_update_kernel_traitsILi64ELi4EfN3c108BFloat16EELb1EEv14ConvParamsBase
      0 bytes stack frame, 0 bytes spill stores, 0 bytes spill loads
  ptxas info    : Used 37 registers, used 0 barriers, 536 bytes cmem[0]
  ptxas info    : Compile time = 0.000 ms
  ptxas info    : Compiling entry function '_Z27causal_conv1d_update_kernelI34Causal_conv1d_update_kernel_traitsILi64ELi4EfN3c108BFloat16EELb0EEv14ConvParamsBase' for 'sm_89'
  ptxas info    : Function properties for _Z27causal_conv1d_update_kernelI34Causal_conv1d_update_kernel_traitsILi64ELi4EfN3c108BFloat16EELb0EEv14ConvParamsBase
      0 bytes stack frame, 0 bytes spill stores, 0 bytes spill loads
  ptxas info    : Used 37 registers, used 0 barriers, 536 bytes cmem[0]
  ptxas info    : Compile time = 0.000 ms
  ptxas info    : Compiling entry function '_Z27causal_conv1d_update_kernelI34Causal_conv1d_update_kernel_traitsILi64ELi3EfN3c108BFloat16EELb1EEv14ConvParamsBase' for 'sm_89'
  ptxas info    : Function properties for _Z27causal_conv1d_update_kernelI34Causal_conv1d_update_kernel_traitsILi64ELi3EfN3c108BFloat16EELb1EEv14ConvParamsBase
      0 bytes stack frame, 0 bytes spill stores, 0 bytes spill loads
  ptxas info    : Used 35 registers, used 0 barriers, 536 bytes cmem[0]
  ptxas info    : Compile time = 0.000 ms
  ptxas info    : Compiling entry function '_Z27causal_conv1d_update_kernelI34Causal_conv1d_update_kernel_traitsILi64ELi3EfN3c108BFloat16EELb0EEv14ConvParamsBase' for 'sm_89'
  ptxas info    : Function properties for _Z27causal_conv1d_update_kernelI34Causal_conv1d_update_kernel_traitsILi64ELi3EfN3c108BFloat16EELb0EEv14ConvParamsBase
      0 bytes stack frame, 0 bytes spill stores, 0 bytes spill loads
  ptxas info    : Used 37 registers, used 0 barriers, 536 bytes cmem[0]
  ptxas info    : Compile time = 0.000 ms
  ptxas info    : Compiling entry function '_Z27causal_conv1d_update_kernelI34Causal_conv1d_update_kernel_traitsILi64ELi2EfN3c108BFloat16EELb1EEv14ConvParamsBase' for 'sm_89'
  ptxas info    : Function properties for _Z27causal_conv1d_update_kernelI34Causal_conv1d_update_kernel_traitsILi64ELi2EfN3c108BFloat16EELb1EEv14ConvParamsBase
      0 bytes stack frame, 0 bytes spill stores, 0 bytes spill loads
  ptxas info    : Used 33 registers, used 0 barriers, 536 bytes cmem[0]
  ptxas info    : Compile time = 0.000 ms
  ptxas info    : Compiling entry function '_Z27causal_conv1d_update_kernelI34Causal_conv1d_update_kernel_traitsILi64ELi2EfN3c108BFloat16EELb0EEv14ConvParamsBase' for 'sm_89'
  ptxas info    : Function properties for _Z27causal_conv1d_update_kernelI34Causal_conv1d_update_kernel_traitsILi64ELi2EfN3c108BFloat16EELb0EEv14ConvParamsBase
      0 bytes stack frame, 0 bytes spill stores, 0 bytes spill loads
  ptxas info    : Used 33 registers, used 0 barriers, 536 bytes cmem[0]
  ptxas info    : Compile time = 0.000 ms
  ptxas info    : Compiling entry function '_Z27causal_conv1d_update_kernelI34Causal_conv1d_update_kernel_traitsILi64ELi4EN3c108BFloat16ENS1_4HalfEELb1EEv14ConvParamsBase' for 'sm_89'
  ptxas info    : Function properties for _Z27causal_conv1d_update_kernelI34Causal_conv1d_update_kernel_traitsILi64ELi4EN3c108BFloat16ENS1_4HalfEELb1EEv14ConvParamsBase
      0 bytes stack frame, 0 bytes spill stores, 0 bytes spill loads
  ptxas info    : Used 33 registers, used 0 barriers, 536 bytes cmem[0]
  ptxas info    : Compile time = 0.000 ms
  ptxas info    : Compiling entry function '_Z27causal_conv1d_update_kernelI34Causal_conv1d_update_kernel_traitsILi64ELi4EN3c108BFloat16ENS1_4HalfEELb0EEv14ConvParamsBase' for 'sm_89'
  ptxas info    : Function properties for _Z27causal_conv1d_update_kernelI34Causal_conv1d_update_kernel_traitsILi64ELi4EN3c108BFloat16ENS1_4HalfEELb0EEv14ConvParamsBase
      0 bytes stack frame, 0 bytes spill stores, 0 bytes spill loads
  ptxas info    : Used 36 registers, used 0 barriers, 536 bytes cmem[0]
  ptxas info    : Compile time = 0.000 ms
  ptxas info    : Compiling entry function '_Z27causal_conv1d_update_kernelI34Causal_conv1d_update_kernel_traitsILi64ELi3EN3c108BFloat16ENS1_4HalfEELb1EEv14ConvParamsBase' for 'sm_89'
  ptxas info    : Function properties for _Z27causal_conv1d_update_kernelI34Causal_conv1d_update_kernel_traitsILi64ELi3EN3c108BFloat16ENS1_4HalfEELb1EEv14ConvParamsBase
      0 bytes stack frame, 0 bytes spill stores, 0 bytes spill loads
  ptxas info    : Used 33 registers, used 0 barriers, 536 bytes cmem[0]
  ptxas info    : Compile time = 0.000 ms
  ptxas info    : Compiling entry function '_Z27causal_conv1d_update_kernelI34Causal_conv1d_update_kernel_traitsILi64ELi3EN3c108BFloat16ENS1_4HalfEELb0EEv14ConvParamsBase' for 'sm_89'
  ptxas info    : Function properties for _Z27causal_conv1d_update_kernelI34Causal_conv1d_update_kernel_traitsILi64ELi3EN3c108BFloat16ENS1_4HalfEELb0EEv14ConvParamsBase
      0 bytes stack frame, 0 bytes spill stores, 0 bytes spill loads
  ptxas info    : Used 35 registers, used 0 barriers, 536 bytes cmem[0]
  ptxas info    : Compile time = 0.000 ms
  ptxas info    : Compiling entry function '_Z27causal_conv1d_update_kernelI34Causal_conv1d_update_kernel_traitsILi64ELi2EN3c108BFloat16ENS1_4HalfEELb1EEv14ConvParamsBase' for 'sm_89'
  ptxas info    : Function properties for _Z27causal_conv1d_update_kernelI34Causal_conv1d_update_kernel_traitsILi64ELi2EN3c108BFloat16ENS1_4HalfEELb1EEv14ConvParamsBase
      0 bytes stack frame, 0 bytes spill stores, 0 bytes spill loads
  ptxas info    : Used 31 registers, used 0 barriers, 536 bytes cmem[0]
  ptxas info    : Compile time = 0.000 ms
  ptxas info    : Compiling entry function '_Z27causal_conv1d_update_kernelI34Causal_conv1d_update_kernel_traitsILi64ELi2EN3c108BFloat16ENS1_4HalfEELb0EEv14ConvParamsBase' for 'sm_89'
  ptxas info    : Function properties for _Z27causal_conv1d_update_kernelI34Causal_conv1d_update_kernel_traitsILi64ELi2EN3c108BFloat16ENS1_4HalfEELb0EEv14ConvParamsBase
      0 bytes stack frame, 0 bytes spill stores, 0 bytes spill loads
  ptxas info    : Used 34 registers, used 0 barriers, 536 bytes cmem[0]
  ptxas info    : Compile time = 0.000 ms
  ptxas info    : Compiling entry function '_Z27causal_conv1d_update_kernelI34Causal_conv1d_update_kernel_traitsILi64ELi4EN3c104HalfES2_ELb1EEv14ConvParamsBase' for 'sm_89'
  ptxas info    : Function properties for _Z27causal_conv1d_update_kernelI34Causal_conv1d_update_kernel_traitsILi64ELi4EN3c104HalfES2_ELb1EEv14ConvParamsBase
      0 bytes stack frame, 0 bytes spill stores, 0 bytes spill loads
  ptxas info    : Used 33 registers, used 0 barriers, 536 bytes cmem[0]
  ptxas info    : Compile time = 0.000 ms
  ptxas info    : Compiling entry function '_Z27causal_conv1d_update_kernelI34Causal_conv1d_update_kernel_traitsILi64ELi4EN3c104HalfES2_ELb0EEv14ConvParamsBase' for 'sm_89'
  ptxas info    : Function properties for _Z27causal_conv1d_update_kernelI34Causal_conv1d_update_kernel_traitsILi64ELi4EN3c104HalfES2_ELb0EEv14ConvParamsBase
      0 bytes stack frame, 0 bytes spill stores, 0 bytes spill loads
  ptxas info    : Used 36 registers, used 0 barriers, 536 bytes cmem[0]
  ptxas info    : Compile time = 0.000 ms
  ptxas info    : Compiling entry function '_Z27causal_conv1d_update_kernelI34Causal_conv1d_update_kernel_traitsILi64ELi3EN3c104HalfES2_ELb1EEv14ConvParamsBase' for 'sm_89'
  ptxas info    : Function properties for _Z27causal_conv1d_update_kernelI34Causal_conv1d_update_kernel_traitsILi64ELi3EN3c104HalfES2_ELb1EEv14ConvParamsBase
      0 bytes stack frame, 0 bytes spill stores, 0 bytes spill loads
  ptxas info    : Used 32 registers, used 0 barriers, 536 bytes cmem[0]
  ptxas info    : Compile time = 0.000 ms
  ptxas info    : Compiling entry function '_Z27causal_conv1d_update_kernelI34Causal_conv1d_update_kernel_traitsILi64ELi3EN3c104HalfES2_ELb0EEv14ConvParamsBase' for 'sm_89'
  ptxas info    : Function properties for _Z27causal_conv1d_update_kernelI34Causal_conv1d_update_kernel_traitsILi64ELi3EN3c104HalfES2_ELb0EEv14ConvParamsBase
      0 bytes stack frame, 0 bytes spill stores, 0 bytes spill loads
  ptxas info    : Used 35 registers, used 0 barriers, 536 bytes cmem[0]
  ptxas info    : Compile time = 0.000 ms
  ptxas info    : Compiling entry function '_Z27causal_conv1d_update_kernelI34Causal_conv1d_update_kernel_traitsILi64ELi2EN3c104HalfES2_ELb1EEv14ConvParamsBase' for 'sm_89'
  ptxas info    : Function properties for _Z27causal_conv1d_update_kernelI34Causal_conv1d_update_kernel_traitsILi64ELi2EN3c104HalfES2_ELb1EEv14ConvParamsBase
      0 bytes stack frame, 0 bytes spill stores, 0 bytes spill loads
  ptxas info    : Used 31 registers, used 0 barriers, 536 bytes cmem[0]
  ptxas info    : Compile time = 0.000 ms
  ptxas info    : Compiling entry function '_Z27causal_conv1d_update_kernelI34Causal_conv1d_update_kernel_traitsILi64ELi2EN3c104HalfES2_ELb0EEv14ConvParamsBase' for 'sm_89'
  ptxas info    : Function properties for _Z27causal_conv1d_update_kernelI34Causal_conv1d_update_kernel_traitsILi64ELi2EN3c104HalfES2_ELb0EEv14ConvParamsBase
      0 bytes stack frame, 0 bytes spill stores, 0 bytes spill loads
  ptxas info    : Used 33 registers, used 0 barriers, 536 bytes cmem[0]
  ptxas info    : Compile time = 0.000 ms
  ptxas info    : Compiling entry function '_Z27causal_conv1d_update_kernelI34Causal_conv1d_update_kernel_traitsILi64ELi4EfN3c104HalfEELb1EEv14ConvParamsBase' for 'sm_89'
  ptxas info    : Function properties for _Z27causal_conv1d_update_kernelI34Causal_conv1d_update_kernel_traitsILi64ELi4EfN3c104HalfEELb1EEv14ConvParamsBase
      0 bytes stack frame, 0 bytes spill stores, 0 bytes spill loads
  ptxas info    : Used 37 registers, used 0 barriers, 536 bytes cmem[0]
  ptxas info    : Compile time = 0.000 ms
  ptxas info    : Compiling entry function '_Z27causal_conv1d_update_kernelI34Causal_conv1d_update_kernel_traitsILi64ELi4EfN3c104HalfEELb0EEv14ConvParamsBase' for 'sm_89'
  ptxas info    : Function properties for _Z27causal_conv1d_update_kernelI34Causal_conv1d_update_kernel_traitsILi64ELi4EfN3c104HalfEELb0EEv14ConvParamsBase
      0 bytes stack frame, 0 bytes spill stores, 0 bytes spill loads
  ptxas info    : Used 39 registers, used 0 barriers, 536 bytes cmem[0]
  ptxas info    : Compile time = 0.000 ms
  ptxas info    : Compiling entry function '_Z27causal_conv1d_update_kernelI34Causal_conv1d_update_kernel_traitsILi64ELi3EfN3c104HalfEELb1EEv14ConvParamsBase' for 'sm_89'
  ptxas info    : Function properties for _Z27causal_conv1d_update_kernelI34Causal_conv1d_update_kernel_traitsILi64ELi3EfN3c104HalfEELb1EEv14ConvParamsBase
      0 bytes stack frame, 0 bytes spill stores, 0 bytes spill loads
  ptxas info    : Used 35 registers, used 0 barriers, 536 bytes cmem[0]
  ptxas info    : Compile time = 0.000 ms
  ptxas info    : Compiling entry function '_Z27causal_conv1d_update_kernelI34Causal_conv1d_update_kernel_traitsILi64ELi3EfN3c104HalfEELb0EEv14ConvParamsBase' for 'sm_89'
  ptxas info    : Function properties for _Z27causal_conv1d_update_kernelI34Causal_conv1d_update_kernel_traitsILi64ELi3EfN3c104HalfEELb0EEv14ConvParamsBase
      0 bytes stack frame, 0 bytes spill stores, 0 bytes spill loads
  ptxas info    : Used 37 registers, used 0 barriers, 536 bytes cmem[0]
  ptxas info    : Compile time = 0.000 ms
  ptxas info    : Compiling entry function '_Z27causal_conv1d_update_kernelI34Causal_conv1d_update_kernel_traitsILi64ELi2EfN3c104HalfEELb1EEv14ConvParamsBase' for 'sm_89'
  ptxas info    : Function properties for _Z27causal_conv1d_update_kernelI34Causal_conv1d_update_kernel_traitsILi64ELi2EfN3c104HalfEELb1EEv14ConvParamsBase
      0 bytes stack frame, 0 bytes spill stores, 0 bytes spill loads
  ptxas info    : Used 33 registers, used 0 barriers, 536 bytes cmem[0]
  ptxas info    : Compile time = 0.000 ms
  ptxas info    : Compiling entry function '_Z27causal_conv1d_update_kernelI34Causal_conv1d_update_kernel_traitsILi64ELi2EfN3c104HalfEELb0EEv14ConvParamsBase' for 'sm_89'
  ptxas info    : Function properties for _Z27causal_conv1d_update_kernelI34Causal_conv1d_update_kernel_traitsILi64ELi2EfN3c104HalfEELb0EEv14ConvParamsBase
      0 bytes stack frame, 0 bytes spill stores, 0 bytes spill loads
  ptxas info    : Used 33 registers, used 0 barriers, 536 bytes cmem[0]
  ptxas info    : Compile time = 0.000 ms
  ptxas info    : Compiling entry function '_Z27causal_conv1d_update_kernelI34Causal_conv1d_update_kernel_traitsILi64ELi4EN3c108BFloat16EfELb1EEv14ConvParamsBase' for 'sm_89'
  ptxas info    : Function properties for _Z27causal_conv1d_update_kernelI34Causal_conv1d_update_kernel_traitsILi64ELi4EN3c108BFloat16EfELb1EEv14ConvParamsBase
      0 bytes stack frame, 0 bytes spill stores, 0 bytes spill loads
  ptxas info    : Used 33 registers, used 0 barriers, 536 bytes cmem[0]
  ptxas info    : Compile time = 0.000 ms
  ptxas info    : Compiling entry function '_Z27causal_conv1d_update_kernelI34Causal_conv1d_update_kernel_traitsILi64ELi4EN3c108BFloat16EfELb0EEv14ConvParamsBase' for 'sm_89'
  ptxas info    : Function properties for _Z27causal_conv1d_update_kernelI34Causal_conv1d_update_kernel_traitsILi64ELi4EN3c108BFloat16EfELb0EEv14ConvParamsBase
      0 bytes stack frame, 0 bytes spill stores, 0 bytes spill loads
  ptxas info    : Used 36 registers, used 0 barriers, 536 bytes cmem[0]
  ptxas info    : Compile time = 0.000 ms
  ptxas info    : Compiling entry function '_Z27causal_conv1d_update_kernelI34Causal_conv1d_update_kernel_traitsILi64ELi3EN3c108BFloat16EfELb1EEv14ConvParamsBase' for 'sm_89'
  ptxas info    : Function properties for _Z27causal_conv1d_update_kernelI34Causal_conv1d_update_kernel_traitsILi64ELi3EN3c108BFloat16EfELb1EEv14ConvParamsBase
      0 bytes stack frame, 0 bytes spill stores, 0 bytes spill loads
  ptxas info    : Used 33 registers, used 0 barriers, 536 bytes cmem[0]
  ptxas info    : Compile time = 0.000 ms
  ptxas info    : Compiling entry function '_Z27causal_conv1d_update_kernelI34Causal_conv1d_update_kernel_traitsILi64ELi3EN3c108BFloat16EfELb0EEv14ConvParamsBase' for 'sm_89'
  ptxas info    : Function properties for _Z27causal_conv1d_update_kernelI34Causal_conv1d_update_kernel_traitsILi64ELi3EN3c108BFloat16EfELb0EEv14ConvParamsBase
      0 bytes stack frame, 0 bytes spill stores, 0 bytes spill loads
  ptxas info    : Used 35 registers, used 0 barriers, 536 bytes cmem[0]
  ptxas info    : Compile time = 0.000 ms
  ptxas info    : Compiling entry function '_Z27causal_conv1d_update_kernelI34Causal_conv1d_update_kernel_traitsILi64ELi2EN3c108BFloat16EfELb1EEv14ConvParamsBase' for 'sm_89'
  ptxas info    : Function properties for _Z27causal_conv1d_update_kernelI34Causal_conv1d_update_kernel_traitsILi64ELi2EN3c108BFloat16EfELb1EEv14ConvParamsBase
      0 bytes stack frame, 0 bytes spill stores, 0 bytes spill loads
  ptxas info    : Used 31 registers, used 0 barriers, 536 bytes cmem[0]
  ptxas info    : Compile time = 0.000 ms
  ptxas info    : Compiling entry function '_Z27causal_conv1d_update_kernelI34Causal_conv1d_update_kernel_traitsILi64ELi2EN3c108BFloat16EfELb0EEv14ConvParamsBase' for 'sm_89'
  ptxas info    : Function properties for _Z27causal_conv1d_update_kernelI34Causal_conv1d_update_kernel_traitsILi64ELi2EN3c108BFloat16EfELb0EEv14ConvParamsBase
      0 bytes stack frame, 0 bytes spill stores, 0 bytes spill loads
  ptxas info    : Used 34 registers, used 0 barriers, 536 bytes cmem[0]
  ptxas info    : Compile time = 0.000 ms
  ptxas info    : Compiling entry function '_Z27causal_conv1d_update_kernelI34Causal_conv1d_update_kernel_traitsILi64ELi4EN3c104HalfEfELb1EEv14ConvParamsBase' for 'sm_89'
  ptxas info    : Function properties for _Z27causal_conv1d_update_kernelI34Causal_conv1d_update_kernel_traitsILi64ELi4EN3c104HalfEfELb1EEv14ConvParamsBase
      0 bytes stack frame, 0 bytes spill stores, 0 bytes spill loads
  ptxas info    : Used 33 registers, used 0 barriers, 536 bytes cmem[0]
  ptxas info    : Compile time = 0.000 ms
  ptxas info    : Compiling entry function '_Z27causal_conv1d_update_kernelI34Causal_conv1d_update_kernel_traitsILi64ELi4EN3c104HalfEfELb0EEv14ConvParamsBase' for 'sm_89'
  ptxas info    : Function properties for _Z27causal_conv1d_update_kernelI34Causal_conv1d_update_kernel_traitsILi64ELi4EN3c104HalfEfELb0EEv14ConvParamsBase
      0 bytes stack frame, 0 bytes spill stores, 0 bytes spill loads
  ptxas info    : Used 38 registers, used 0 barriers, 536 bytes cmem[0]
  ptxas info    : Compile time = 0.000 ms
  ptxas info    : Compiling entry function '_Z27causal_conv1d_update_kernelI34Causal_conv1d_update_kernel_traitsILi64ELi3EN3c104HalfEfELb1EEv14ConvParamsBase' for 'sm_89'
  ptxas info    : Function properties for _Z27causal_conv1d_update_kernelI34Causal_conv1d_update_kernel_traitsILi64ELi3EN3c104HalfEfELb1EEv14ConvParamsBase
      0 bytes stack frame, 0 bytes spill stores, 0 bytes spill loads
  ptxas info    : Used 32 registers, used 0 barriers, 536 bytes cmem[0]
  ptxas info    : Compile time = 0.000 ms
  ptxas info    : Compiling entry function '_Z27causal_conv1d_update_kernelI34Causal_conv1d_update_kernel_traitsILi64ELi3EN3c104HalfEfELb0EEv14ConvParamsBase' for 'sm_89'
  ptxas info    : Function properties for _Z27causal_conv1d_update_kernelI34Causal_conv1d_update_kernel_traitsILi64ELi3EN3c104HalfEfELb0EEv14ConvParamsBase
      0 bytes stack frame, 0 bytes spill stores, 0 bytes spill loads
  ptxas info    : Used 35 registers, used 0 barriers, 536 bytes cmem[0]
  ptxas info    : Compile time = 0.000 ms
  ptxas info    : Compiling entry function '_Z27causal_conv1d_update_kernelI34Causal_conv1d_update_kernel_traitsILi64ELi2EN3c104HalfEfELb1EEv14ConvParamsBase' for 'sm_89'
  ptxas info    : Function properties for _Z27causal_conv1d_update_kernelI34Causal_conv1d_update_kernel_traitsILi64ELi2EN3c104HalfEfELb1EEv14ConvParamsBase
      0 bytes stack frame, 0 bytes spill stores, 0 bytes spill loads
  ptxas info    : Used 31 registers, used 0 barriers, 536 bytes cmem[0]
  ptxas info    : Compile time = 0.000 ms
  ptxas info    : Compiling entry function '_Z27causal_conv1d_update_kernelI34Causal_conv1d_update_kernel_traitsILi64ELi2EN3c104HalfEfELb0EEv14ConvParamsBase' for 'sm_89'
  ptxas info    : Function properties for _Z27causal_conv1d_update_kernelI34Causal_conv1d_update_kernel_traitsILi64ELi2EN3c104HalfEfELb0EEv14ConvParamsBase
      0 bytes stack frame, 0 bytes spill stores, 0 bytes spill loads
  ptxas info    : Used 33 registers, used 0 barriers, 536 bytes cmem[0]
  ptxas info    : Compile time = 0.000 ms
  ptxas info    : Compiling entry function '_Z27causal_conv1d_update_kernelI34Causal_conv1d_update_kernel_traitsILi64ELi4EffELb1EEv14ConvParamsBase' for 'sm_89'
  ptxas info    : Function properties for _Z27causal_conv1d_update_kernelI34Causal_conv1d_update_kernel_traitsILi64ELi4EffELb1EEv14ConvParamsBase
      0 bytes stack frame, 0 bytes spill stores, 0 bytes spill loads
  ptxas info    : Used 37 registers, used 0 barriers, 536 bytes cmem[0]
  ptxas info    : Compile time = 0.000 ms
  ptxas info    : Compiling entry function '_Z27causal_conv1d_update_kernelI34Causal_conv1d_update_kernel_traitsILi64ELi4EffELb0EEv14ConvParamsBase' for 'sm_89'
  ptxas info    : Function properties for _Z27causal_conv1d_update_kernelI34Causal_conv1d_update_kernel_traitsILi64ELi4EffELb0EEv14ConvParamsBase
      0 bytes stack frame, 0 bytes spill stores, 0 bytes spill loads
  ptxas info    : Used 37 registers, used 0 barriers, 536 bytes cmem[0]
  ptxas info    : Compile time = 0.000 ms
  ptxas info    : Compiling entry function '_Z27causal_conv1d_update_kernelI34Causal_conv1d_update_kernel_traitsILi64ELi3EffELb1EEv14ConvParamsBase' for 'sm_89'
  ptxas info    : Function properties for _Z27causal_conv1d_update_kernelI34Causal_conv1d_update_kernel_traitsILi64ELi3EffELb1EEv14ConvParamsBase
      0 bytes stack frame, 0 bytes spill stores, 0 bytes spill loads
  ptxas info    : Used 35 registers, used 0 barriers, 536 bytes cmem[0]
  ptxas info    : Compile time = 0.000 ms
  ptxas info    : Compiling entry function '_Z27causal_conv1d_update_kernelI34Causal_conv1d_update_kernel_traitsILi64ELi3EffELb0EEv14ConvParamsBase' for 'sm_89'
  ptxas info    : Function properties for _Z27causal_conv1d_update_kernelI34Causal_conv1d_update_kernel_traitsILi64ELi3EffELb0EEv14ConvParamsBase
      0 bytes stack frame, 0 bytes spill stores, 0 bytes spill loads
  ptxas info    : Used 37 registers, used 0 barriers, 536 bytes cmem[0]
  ptxas info    : Compile time = 0.000 ms
  ptxas info    : Compiling entry function '_Z27causal_conv1d_update_kernelI34Causal_conv1d_update_kernel_traitsILi64ELi2EffELb1EEv14ConvParamsBase' for 'sm_89'
  ptxas info    : Function properties for _Z27causal_conv1d_update_kernelI34Causal_conv1d_update_kernel_traitsILi64ELi2EffELb1EEv14ConvParamsBase
      0 bytes stack frame, 0 bytes spill stores, 0 bytes spill loads
  ptxas info    : Used 33 registers, used 0 barriers, 536 bytes cmem[0]
  ptxas info    : Compile time = 0.000 ms
  ptxas info    : Compiling entry function '_Z27causal_conv1d_update_kernelI34Causal_conv1d_update_kernel_traitsILi64ELi2EffELb0EEv14ConvParamsBase' for 'sm_89'
  ptxas info    : Function properties for _Z27causal_conv1d_update_kernelI34Causal_conv1d_update_kernel_traitsILi64ELi2EffELb0EEv14ConvParamsBase
      0 bytes stack frame, 0 bytes spill stores, 0 bytes spill loads
  ptxas info    : Used 33 registers, used 0 barriers, 536 bytes cmem[0]
  ptxas info    : Compile time = 0.000 ms
  tmpxft_00008f04_00000000-7_causal_conv1d_update.cudafe1.cpp
